kepoi_name,kepler_name,koi_disposition,koi_pdisposition,ra,dec,koi_period,koi_prad,koi_depth,koi_duration,koi_teq,koi_insol,koi_steff,koi_srad,koi_smass,koi_slogg,koi_impact,koi_eccen,koi_model_snr,koi_score
"K00001.01","Kepler-1 b","CONFIRMED","CANDIDATE",286.808470,49.316399,2.470613377,13.04,14230.9,1.74319,1339.0,761.46,5820.00,0.9640,0.9710,4.457,0.818,0,4304.30,0.8110
"K00002.01","Kepler-2 b","CONFIRMED","CANDIDATE",292.247280,47.969521,2.204735417,16.1,6674.7,3.88864,2048.0,4148.92,6440.00,1.9520,1.4490,4.019,0.224,0,5945.90,1.0000
"K00003.01","Kepler-3 b","CONFIRMED","CANDIDATE",297.709350,48.080853,4.887803076,4.82,4315.8,2.36255,800.0,96.67,4778.00,0.7630,0.8300,4.591,0.054,0,862.30,0.9130
"K00010.01","Kepler-8 b","CONFIRMED","CANDIDATE",281.288120,42.451080,3.522498429,14.59,9145.7,3.19843,1521.0,1264.67,6225.00,1.4510,1.1320,4.169,0.631,0,1741.50,0.9980
"K00011.01",,"FALSE POSITIVE","FALSE POSITIVE",291.061520,50.265129,3.747838198,13.65,616,5.0642,1031.0,266.76,5514.00,0.8260,0.9260,4.569,1.121,0,138.20,0.0000
"K00012.01","Kepler-448 b","CONFIRMED","CANDIDATE",297.453740,41.010990,17.855221681,13.16,9065.2,7.41287,911.0,163.04,6823.00,1.3670,1.3860,4.308,0.075,0,915.70,0.6350
"K00013.01","Kepler-13 b","CONFIRMED","CANDIDATE",286.971190,46.868359,1.763587535,21.42,4590.6,3.16877,3559.0,37958.27,9107.00,3.0310,2.4660,3.867,0.512,0,4061.90,0.8750
"K00014.01",,"FALSE POSITIVE","FALSE POSITIVE",292.611940,43.305141,2.947376671,403.59,433.2,2.0911,2404.0,7903.84,8090.00,2.2340,1.8280,4.002,2.641,0,62.30,0.0000
"K00015.01",,"FALSE POSITIVE","FALSE POSITIVE",294.143400,39.089779,3.012476582,65.25,1138.5,3.1424,2371.0,7471.65,8601.00,2.0310,2.0630,4.137,1.261,0,253.40,0.0000
"K00016.01",,"FALSE POSITIVE","FALSE POSITIVE",298.344210,45.409920,0.895277575,9.27,534.5,2.711,4253.0,77480.31,8040.00,3.3250,2.0530,3.707,0.928,0,132.10,0.0000
"K00017.01","Kepler-6 b","CONFIRMED","CANDIDATE",296.837250,48.239944,3.234699282,13.06,10558.7,3.59385,1356.0,797.62,5640.00,1.2910,1.0470,4.236,0.079,0,3003.80,0.9870
"K00018.01","Kepler-5 b","CONFIRMED","CANDIDATE",299.407010,44.035053,3.548465446,14.92,7251.5,4.56904,1640.0,1708.28,6290.00,1.7460,1.3190,4.074,0.075,0,2486.50,0.7540
"K00019.01",,"FALSE POSITIVE","FALSE POSITIVE",280.943850,42.839184,1.20320092,49.25,2807.1,1.9197,2124.0,4809.16,6218.00,1.3490,1.0450,4.198,1.274,0,250.80,0.0000
"K00020.01","Kepler-12 b","CONFIRMED","CANDIDATE",286.243440,50.040379,4.437962934,18.05,16387.6,4.69813,1338.0,757.65,5953.00,1.4150,1.0930,4.175,0.069,0,3535.60,0.7610
"K00021.01",,"FALSE POSITIVE","FALSE POSITIVE",284.738590,47.169628,4.288515468,76.51,3456.7,2.2959,1722.0,2081.57,6378.00,2.0020,1.1040,3.878,1.283,0,292.10,0.0000
"K00022.01","Kepler-422 b","CONFIRMED","CANDIDATE",282.629670,46.323360,7.891448838,12.63,10344.6,4.2854,1028.0,263.54,5972.00,1.2370,1.1480,4.313,0.306,0,1955.10,0.9880
"K00024.01",,"FALSE POSITIVE","FALSE POSITIVE",290.815400,39.819469,2.086075752,10.3,3657.8,2.2647,1845.0,2747.42,6131.00,1.4170,0.8620,4.071,0.914,0,102.20,0.0000
"K00112.02","Kepler-466 c","CONFIRMED","CANDIDATE",295.648710,48.495560,3.709214104,1.16,131.1,2.6302,1206.0,500.46,5833.00,1.0220,0.9740,4.407,0.051,0,50.60,1.0000
"K00113.01",,"FALSE POSITIVE","FALSE POSITIVE",292.273740,37.671558,386.6030528,41.5,24926.6,6.8057,297.0,1.84,5543.00,1.5800,1.1030,4.081,0.9765,0,994.00,
"K00114.01",,"FALSE POSITIVE","FALSE POSITIVE",298.864350,42.151569,7.36178958,39.21,233.7,5.022,1342.0,767.22,6227.00,1.9580,1.3580,3.986,1.169,0,47.70,0.0000
"K00115.01","Kepler-105 b","CONFIRMED","CANDIDATE",287.887330,46.276241,5.412203927,2.94,601.6,2.9472,1093.0,337.68,5779.00,1.0870,0.9410,4.339,0.787,0,166.70,1.0000
"K00115.02","Kepler-105 c","CONFIRMED","CANDIDATE",287.887330,46.276241,7.12594387,1.79,192.4,3.0014,997.0,233.31,5779.00,1.0870,0.9410,4.339,0.898,0,47.10,1.0000
"K00115.03",,"CANDIDATE","CANDIDATE",287.887330,46.276241,3.43591631,0.55,23.2,3.133,1272.0,617.61,5779.00,1.0870,0.9410,4.339,0.624,0,8.70,0.8710
"K00116.01","Kepler-106 c","CONFIRMED","CANDIDATE",300.863980,44.337551,13.57078281,2.64,511.7,3.3539,785.0,89.61,5854.00,1.0120,0.9510,4.406,0.866,0,88.40,1.0000
"K00116.02","Kepler-106 e","CONFIRMED","CANDIDATE",300.863980,44.337551,43.84439721,2.87,615.2,6.802,531.0,18.77,5854.00,1.0120,0.9510,4.406,0.852,0,83.70,0.9980
"K00116.03","Kepler-106 b","CONFIRMED","CANDIDATE",300.863980,44.337551,6.164876,0.79,55.8,3.262,1021.0,256.35,5854.00,1.0120,0.9510,4.406,0.646,0,14.40,0.9500
"K00116.04","Kepler-106 d","CONFIRMED","CANDIDATE",300.863980,44.337551,23.9800854,1.31,104,5.351,649.0,41.94,5854.00,1.0120,0.9510,4.406,0.95,0,17.10,0.9520
"K00117.01","Kepler-107 e","CONFIRMED","CANDIDATE",297.028260,48.208611,14.74914825,2.89,430.2,6.0995,874.0,137.91,5847.00,1.4020,1.1130,4.191,0.173,0,107.40,0.9920
"K00117.02","Kepler-107 c","CONFIRMED","CANDIDATE",297.028260,48.208611,4.90144976,1.7,140.7,4.1654,1262.0,598.74,5847.00,1.4020,1.1130,4.191,0.529,0,50.60,1.0000
"K00117.03","Kepler-107 b","CONFIRMED","CANDIDATE",297.028260,48.208611,3.180027898,1.53,120.3,3.5797,1458.0,1066.86,5847.00,1.4020,1.1130,4.191,0.196,0,50.40,0.9950
"K00117.04","Kepler-107 d","CONFIRMED","CANDIDATE",297.028260,48.208611,7.95825328,1.06,50,4.377,1074.0,314.15,5847.00,1.4020,1.1130,4.191,0.706,0,14.70,0.9980
"K00118.01","Kepler-467 b","CONFIRMED","CANDIDATE",287.362790,38.649601,24.99324319,2.29,269.6,5.9409,712.0,60.88,5718.00,1.3170,0.9610,4.181,0.686,0,62.00,0.9120
"K00119.01","Kepler-108 b","CONFIRMED","CANDIDATE",294.559170,46.062328,49.18394185,8.2,1646.2,11.3364,669.0,47.40,5626.00,2.0570,1.2470,3.907,0.035,0,355.70,0.9590
"K00119.02","Kepler-108 c","CONFIRMED","CANDIDATE",294.559170,46.062328,190.3200468,7.78,1141.7,15.284,426.0,7.80,5626.00,2.0570,1.2470,3.907,0.812,0,139.30,0.9870
"K00120.01",,"FALSE POSITIVE","FALSE POSITIVE",294.401920,50.172089,20.5452375,2.41,218.5,2.517,742.0,71.57,5670.00,1.2640,0.9370,4.206,0.95,0,18.50,0.5730
"K00121.01",,"FALSE POSITIVE","FALSE POSITIVE",294.460880,38.383461,8.8111022,63.66,401.1,5.0683,1399.0,904.92,6200.00,2.4040,1.3330,3.800,1.223,0,76.80,0.0000
"K00122.01","Kepler-95 b","CONFIRMED","CANDIDATE",284.482450,44.398041,11.523067458,3.13,507.3,3.8757,927.0,174.81,5644.00,1.4110,1.0530,4.162,0,0,142.00,1.0000
"K00123.01","Kepler-109 b","CONFIRMED","CANDIDATE",290.392730,40.284870,6.481633073,2.54,298.5,3.784,1145.0,406.25,5945.00,1.3020,1.0090,4.213,0.833,0,125.60,1.0000
"K00123.02","Kepler-109 c","CONFIRMED","CANDIDATE",290.392730,40.284870,21.22261195,2.48,366,6.5093,771.0,83.56,5945.00,1.3020,1.0090,4.213,0.02,0,114.90,1.0000
"K00124.01","Kepler-110 b","CONFIRMED","CANDIDATE",292.929140,48.602810,12.69104387,2.57,252.1,3.7727,1008.0,244.30,5869.00,1.6260,1.0190,4.024,0.008,0,60.20,0.4150
"K00124.02","Kepler-110 c","CONFIRMED","CANDIDATE",292.929140,48.602810,31.71981013,3.09,363.4,4.819,743.0,71.97,5869.00,1.6260,1.0190,4.024,0.125,0,63.10,1.0000
"K00125.01","Kepler-468 b","CONFIRMED","FALSE POSITIVE",288.902220,49.370491,38.47876629,13.26,23530,5.04169,484.0,13.01,5510.00,0.8790,0.9730,4.539,0.003,0,1077.80,0.9200
"K00126.01","Kepler-469 b","FALSE POSITIVE","FALSE POSITIVE",297.475860,41.114288,33.80364366,20.7,13494.4,11.4813,745.0,72.71,5855.00,1.7960,1.1740,3.999,0.023,0,529.90,0.0000
"K00127.01","Kepler-77 b","CONFIRMED","CANDIDATE",289.607970,44.345421,3.578780566,10.43,11382.2,2.91089,1145.0,406.60,5524.00,0.9940,0.9500,4.421,0.079,0,1838.40,0.9990
"K00128.01","Kepler-15 b","CONFIRMED","CANDIDATE",296.200590,49.140121,4.942783419,10.62,11144.7,3.25346,1008.0,244.42,5514.00,0.9780,1.0030,4.459,0.566,0,2040.70,0.9960
"K00129.01","Kepler-470 b","CONFIRMED","FALSE POSITIVE",297.009430,50.372318,24.669192732,77.76,7382.3,7.03515,1485.0,1150.61,5313.00,9.3270,2.7360,2.936,0.073,0,603.00,1.0000
"K00130.01",,"FALSE POSITIVE","FALSE POSITIVE",297.360320,40.429810,34.193600311,21.95,13714.8,5.41382,778.0,86.74,6129.00,1.7860,1.1400,3.991,0.625,0,1405.60,0.9130
"K00131.01","Kepler-471 b","CONFIRMED","CANDIDATE",299.097530,43.497589,5.014234733,10.63,6536,4.589,1308.0,692.13,6490.00,1.3070,1.3040,4.320,0.066,0,794.30,1.0000
"K00132.01",,"FALSE POSITIVE","FALSE POSITIVE",294.412450,45.130852,10.810132734,13.95,6165.2,4.4618,985.0,222.68,6211.00,1.2840,1.1140,4.269,0.948,0,806.50,0.0000
"K00133.01",,"FALSE POSITIVE","FALSE POSITIVE",297.310060,49.703041,4.618767792,7.48,4399.1,5.9957,1170.0,442.78,6013.00,1.0330,0.9380,4.381,0.766,0,270.10,0.0000
"K00134.01",,"CONFIRMED","CANDIDATE",295.586580,45.364979,67.5923754,12.1,4158.1,12.249,588.0,28.20,6038.00,1.7440,1.3410,4.082,0.728,0,60.90,0.0000
"K00135.01","Kepler-43 b","CONFIRMED","CANDIDATE",285.240840,46.668251,3.024092505,12.14,7765,2.8021,1489.0,1162.54,6063.00,1.3580,1.2270,4.261,0.424,0,1225.30,1.0000
"K00136.01",,"FALSE POSITIVE","FALSE POSITIVE",289.873470,43.203838,15.663886949,27.36,5144.4,2.4775,1060.0,298.77,5996.00,2.2210,1.4300,3.901,0.985,0,175.90,0.0000
"K00137.01","Kepler-18 c","CONFIRMED","CANDIDATE",298.079440,44.746319,7.641567589,4.91,2269.7,3.41018,899.0,154.25,5356.00,1.0550,0.8820,4.338,0.027,0,437.50,1.0000
"K00137.02","Kepler-18 d","CONFIRMED","CANDIDATE",298.079440,44.746319,14.85890852,5.94,3269,3.5252,720.0,63.52,5356.00,1.0550,0.8820,4.338,0.255,0,456.80,1.0000
"K00137.03","Kepler-18 b","CONFIRMED","CANDIDATE",298.079440,44.746319,3.504691252,2.03,315.1,1.9811,1165.0,435.21,5356.00,1.0550,0.8820,4.338,0.741,0,67.50,1.0000
"K00138.01",,"FALSE POSITIVE","FALSE POSITIVE",295.940920,44.578350,48.93786896,24.19,7240.1,6.5868,764.0,80.37,7066.00,1.7610,1.4060,4.094,0.981,0,445.70,0.0000
"K00139.01","Kepler-111 c","CONFIRMED","CANDIDATE",291.653170,44.688271,224.7789355,7.67,3487.5,11.1899,333.0,2.92,5873.00,1.2350,1.0920,4.293,0.652,0,235.70,1.0000
"K00139.02","Kepler-111 b","CONFIRMED","CANDIDATE",291.653170,44.688271,3.341799486,1.67,178.2,2.9254,1356.0,798.41,5873.00,1.2350,1.0920,4.293,0.426,0,48.80,1.0000
"K00140.01",,"FALSE POSITIVE","FALSE POSITIVE",299.153530,40.286961,19.97867,6.85,944.3,10.168,1351.0,788.02,9651.00,1.8950,2.2190,4.229,0.923,0,86.20,0.0000
"K00141.01",,"CANDIDATE","CANDIDATE",288.038300,50.651611,2.624234833,5.11,2607,1.3874,1164.0,434.31,5340.00,0.8990,0.9630,4.514,0.781,0,361.10,1.0000
"K00142.01","Kepler-88 b","CONFIRMED","CANDIDATE",291.148070,40.669399,10.916108342,3.93,1479,3.6496,758.0,78.19,5575.00,0.9320,1.0510,4.521,0.7699,0,302.20,
"K00143.01",,"FALSE POSITIVE","FALSE POSITIVE",290.103330,39.781631,22.65117451,7.62,2250,3.6895,855.0,126.57,6968.00,1.3330,1.3330,4.310,0.925,0,170.10,0.9830
"K00144.01","Kepler-472 b","CONFIRMED","CANDIDATE",296.524290,39.249760,4.176254191,3.07,1360.1,3.6716,876.0,139.48,4957.00,0.7760,0.8670,4.594,0.715,0,249.70,1.0000
"K00145.01",,"FALSE POSITIVE","FALSE POSITIVE",296.817720,46.781509,102.9641952,39,1896.7,15.735,797.0,95.40,5047.00,7.1190,2.1500,3.066,0.922,0,86.10,1.0000
"K00146.01",,"FALSE POSITIVE","FALSE POSITIVE",299.399720,45.316051,8.667822346,67.37,2121.9,4.9658,1303.0,681.39,6266.00,1.8890,1.0890,3.923,1.276,0,187.60,0.0000
"K00147.01",,"FALSE POSITIVE","FALSE POSITIVE",286.490720,37.489979,145.5624926,40.15,2931.6,5.4126,387.0,5.33,6148.00,1.0950,0.9690,4.346,1.274,0,58.10,0.0000
"K00148.01","Kepler-48 b","CONFIRMED","CANDIDATE",299.139220,40.949020,4.77800306,1.85,473,2.7361,932.0,177.79,5192.00,0.8730,0.8560,4.489,0.02,0,115.40,1.0000
"K00148.02","Kepler-48 c","CONFIRMED","CANDIDATE",299.139220,40.949020,9.673958488,2.63,952.7,3.2641,736.0,69.42,5192.00,0.8730,0.8560,4.489,0.194,0,178.00,1.0000
"K00148.03","Kepler-48 d","CONFIRMED","CANDIDATE",299.139220,40.949020,42.89645024,2,555.3,5.6897,448.0,9.54,5192.00,0.8730,0.8560,4.489,0.007,0,66.80,0.9980
"K00149.01","Kepler-473 b","CONFIRMED","CANDIDATE",286.630100,38.945599,14.55730897,4.32,956.9,7.7643,879.0,141.00,5774.00,1.4120,1.0480,4.159,0.036,0,200.00,1.0000
"K00150.01","Kepler-112 b","CONFIRMED","CANDIDATE",296.981020,43.209751,8.408878137,2.28,798.9,3.4967,809.0,101.22,5551.00,0.8120,0.7760,4.508,0.018,0,147.20,1.0000
"K00150.02","Kepler-112 c","CONFIRMED","CANDIDATE",296.981020,43.209751,28.5742692,2.32,824.9,4.9427,538.0,19.83,5551.00,0.8120,0.7760,4.508,0.068,0,97.10,1.0000
"K00151.01",,"CANDIDATE","CANDIDATE",292.374760,37.630959,13.4471791,5.24,1428.2,3.0454,848.0,122.34,6276.00,1.0410,1.0010,4.405,0.963,0,105.30,0.7520
"K00152.01","Kepler-79 d","CONFIRMED","CANDIDATE",300.517120,44.381580,52.09081627,7.14,2894.1,8.6388,592.0,29.07,6198.00,1.3240,1.1010,4.237,0.065,0,243.50,0.9940
"K00152.02","Kepler-79 c","CONFIRMED","CANDIDATE",300.517120,44.381580,27.40229859,3.63,747.5,6.8491,734.0,68.46,6198.00,1.3240,1.1010,4.237,0.022,0,79.30,1.0000
"K00152.03","Kepler-79 b","CONFIRMED","CANDIDATE",300.517120,44.381580,13.48457668,3.39,653.5,5.0197,929.0,176.29,6198.00,1.3240,1.1010,4.237,0.011,0,80.80,1.0000
"K00152.04","Kepler-79 e","CONFIRMED","CANDIDATE",300.517120,44.381580,81.0637895,3.01,476,3.001,511.0,16.12,6198.00,1.3240,1.1010,4.237,0.584,0,19.40,0.9760
"K00153.01","Kepler-113 c","CONFIRMED","CANDIDATE",287.997890,50.944328,8.925079516,2.36,977.5,2.6766,628.0,36.89,4728.00,0.6930,0.7680,4.628,0.74,0,135.80,1.0000
"K00153.02","Kepler-113 b","CONFIRMED","CANDIDATE",287.997890,50.944328,4.75400072,2,748.7,2.5394,775.0,85.23,4728.00,0.6930,0.7680,4.628,0.672,0,141.40,1.0000
"K00154.01",,"FALSE POSITIVE","FALSE POSITIVE",298.744230,46.830090,30.00908916,,,3.15,,,,,,,,,,
"K00155.01","Kepler-474 b","CONFIRMED","CANDIDATE",292.321500,43.881168,5.660669429,3.24,737.8,4.6483,1115.0,365.53,5746.00,1.1730,0.9270,4.266,0.477,0,201.10,1.0000
"K00156.01","Kepler-114 c","CONFIRMED","CANDIDATE",294.121430,48.349522,8.041347775,1.29,591,2.6332,507.0,15.59,3980.00,0.5400,0.5600,4.722,0.26,0,77.50,0.6800
"K00156.02","Kepler-114 b","CONFIRMED","CANDIDATE",294.121430,48.349522,5.188563677,1,358.7,2.3683,586.0,27.95,3980.00,0.5400,0.5600,4.722,0.179,0,56.40,0.9920
"K00156.03","Kepler-114 d","CONFIRMED","CANDIDATE",294.121430,48.349522,11.776132317,2.08,1430.8,2.8971,446.0,9.37,3980.00,0.5400,0.5600,4.722,0.54,0,163.50,1.0000
"K00157.01","Kepler-11 c","CONFIRMED","CANDIDATE",297.115110,41.909142,13.02493307,2.88,778.4,4.5706,786.0,90.10,5657.00,1.0460,0.9210,4.364,0.004,0,119.30,1.0000
"K00157.02","Kepler-11 d","CONFIRMED","CANDIDATE",297.115110,41.909142,22.687155,3.2,960,5.4921,653.0,42.95,5657.00,1.0460,0.9210,4.364,0.023,0,122.80,1.0000
"K00157.03","Kepler-11 e","CONFIRMED","CANDIDATE",297.115110,41.909142,31.99552485,4.12,1376.1,4.2817,582.0,27.17,5657.00,1.0460,0.9210,4.364,0.69,0,128.00,1.0000
"K00157.04","Kepler-11 f","CONFIRMED","CANDIDATE",297.115110,41.909142,46.6856205,2.52,588.8,6.3794,513.0,16.41,5657.00,1.0460,0.9210,4.364,0.217,0,59.00,0.9980
"K00157.05","Kepler-11 g","CONFIRMED","CANDIDATE",297.115110,41.909142,118.3786735,3.4,1083.3,9.5574,376.0,4.75,5657.00,1.0460,0.9210,4.364,0.011,0,83.10,0.9970
"K00157.06","Kepler-11 b","CONFIRMED","CANDIDATE",297.115110,41.909142,10.30401132,1.84,316.1,4.2246,849.0,122.98,5657.00,1.0460,0.9210,4.364,0.017,0,53.80,1.0000
"K00158.01",,"FALSE POSITIVE","FALSE POSITIVE",298.773380,47.786469,5.80181368,4.52,269.6,4.119,1491.0,1168.82,6020.00,2.0970,1.1620,3.860,0.967,0,35.30,0.0000
"K00159.01","Kepler-115 c","CONFIRMED","CANDIDATE",297.711850,45.261921,8.99088621,2.78,469.7,4.2447,960.0,200.35,5881.00,1.1710,1.0320,4.315,0.77,0,93.60,1.0000
"K00159.02","Kepler-115 b","CONFIRMED","CANDIDATE",297.711850,45.261921,2.403640701,1.24,74.9,1.4012,1489.0,1164.85,5881.00,1.1710,1.0320,4.315,0.918,0,16.30,1.0000
"K00160.01",,"FALSE POSITIVE","FALSE POSITIVE",298.183620,42.013130,13.73808249,3.84,660.7,3.354,912.0,163.52,6375.00,1.1780,0.9910,4.292,0.957,0,68.40,1.0000
"K00161.01","Kepler-475 b","CONFIRMED","CANDIDATE",287.051730,40.211552,3.105507835,2.68,904.6,1.7458,980.0,217.91,4989.00,0.7910,0.8780,4.585,0.799,0,178.60,1.0000
"K00162.01","Kepler-476 b","CONFIRMED","CANDIDATE",295.163820,43.963039,14.00640392,3.11,716.4,4.6919,807.0,100.09,5788.00,1.1240,0.9690,4.323,0.568,0,109.30,1.0000
"K00163.01","Kepler-477 b","CONFIRMED","CANDIDATE",288.067600,42.355370,11.1199028,2.08,636.3,3.3759,649.0,42.07,5078.00,0.7660,0.8160,4.581,0.72,0,100.30,1.0000
"K00164.01",,"FALSE POSITIVE","FALSE POSITIVE",299.543760,40.860260,4.4645454,3.07,194.3,2.8823,1601.0,1555.36,6093.00,1.9850,1.1680,3.910,0.808,0,37.60,0.0000
"K00165.01","Kepler-478 b","CONFIRMED","CANDIDATE",292.486940,46.196209,13.22175358,2.38,876.5,2.7884,640.0,39.56,5211.00,0.7990,0.8380,4.556,0.451,0,93.60,1.0000
"K00166.01","Kepler-479 b","CONFIRMED","CANDIDATE",291.021850,37.769791,12.49340725,2.2,715.7,2.2614,649.0,42.08,5207.00,0.7950,0.8400,4.561,0.594,0,76.20,1.0000
"K00167.01","Kepler-480 b","CONFIRMED","CANDIDATE",294.463900,49.765041,4.919584997,2.86,425.7,4.1988,1312.0,702.13,6236.00,1.3780,1.2240,4.246,0.243,0,132.00,1.0000
"K00168.01","Kepler-23 c","CONFIRMED","CANDIDATE",294.218930,49.479221,10.74241765,3.06,415.2,6.0633,1008.0,243.94,5761.00,1.5180,1.0360,4.091,0.034,0,95.40,1.0000
"K00168.02","Kepler-23 d","CONFIRMED","CANDIDATE",294.218930,49.479221,15.27443889,2.17,206.7,6.0765,896.0,152.62,5761.00,1.5180,1.0360,4.091,0.153,0,40.30,1.0000
"K00168.03","Kepler-23 b","CONFIRMED","CANDIDATE",294.218930,49.479221,7.10695741,1.72,131,5.1462,1157.0,422.80,5761.00,1.5180,1.0360,4.091,0.079,0,33.80,0.9960
"K00169.01",,"FALSE POSITIVE","FALSE POSITIVE",284.456910,41.561310,11.70219638,16.15,639.7,2.6658,719.0,63.16,5758.00,0.7620,0.8480,4.596,1.166,0,41.30,0.0000
"K00170.01",,"FALSE POSITIVE","FALSE POSITIVE",297.979220,48.553871,15.60865244,6.17,311.4,6.26,1419.0,958.55,8014.00,2.4300,1.8740,3.940,0.985,0,46.90,0.0000
"K00171.01","Kepler-116 b","CONFIRMED","CANDIDATE",294.742070,43.536831,5.968724048,3.26,510.6,3.651,1251.0,579.90,6122.00,1.4390,1.1230,4.173,0.166,0,107.10,1.0000
"K00171.02","Kepler-116 c","CONFIRMED","CANDIDATE",294.742070,43.536831,13.07141889,2.47,251.1,3.0946,964.0,203.87,6122.00,1.4390,1.1230,4.173,0.751,0,32.00,1.0000
"K00172.01","Kepler-69 b","CONFIRMED","CANDIDATE",293.260930,44.868889,13.7223682,2.23,571.1,5.1231,746.0,73.16,5637.00,0.9430,0.8130,4.399,0.009,0,97.90,1.0000
"K00172.02","Kepler-69 c","CONFIRMED","CANDIDATE",293.260930,44.868889,242.467406,1.73,340.3,12.808,286.0,1.59,5637.00,0.9430,0.8130,4.399,0.173,0,23.20,0.6930
"K00173.01","Kepler-481 b","CONFIRMED","CANDIDATE",291.907040,49.262051,10.06083238,2.58,460.2,4.5718,899.0,154.16,5705.00,1.1400,0.9390,4.297,0.672,0,86.40,1.0000
"K00174.01","Kepler-482 b","CONFIRMED","CANDIDATE",296.822910,48.107552,56.35407916,2.59,1037,3.4449,352.0,3.63,4802.00,0.7010,0.6860,4.582,0.835,0,59.40,0.9990
"K00175.01",,"FALSE POSITIVE","FALSE POSITIVE",299.078130,44.293789,6.71425632,5.76,283.5,3.339,1565.0,1416.60,6093.00,2.6230,1.3720,3.737,0.965,0,46.50,0.0000
"K00176.01","Kepler-483 b","CONFIRMED","CANDIDATE",291.646760,41.884659,30.22910274,3.49,443.4,6.6751,755.0,76.88,6325.00,1.5180,1.2960,4.188,0.77,0,71.70,1.0000
"K00177.01","Kepler-1711 b","CONFIRMED","CANDIDATE",298.177220,42.237041,21.06075303,1.78,301.2,5.2472,669.0,47.39,5706.00,1.0340,0.9400,4.382,0.176,0,54.40,1.0000
"K00178.01",,"FALSE POSITIVE","FALSE POSITIVE",292.031490,49.388618,6.14281498,1.82,122,4.624,1355.0,796.26,6495.00,1.5540,1.1820,4.128,0.67,0,36.00,0.0000
"K00179.01","Kepler-458 c","CONFIRMED","CANDIDATE",297.045410,46.328701,20.74028645,4.24,1023.3,10.3939,798.0,95.68,6226.00,1.2990,1.1290,4.264,0.431,0,155.30,0.9990
"K00179.02","Kepler-458 b","CONFIRMED","CANDIDATE",297.045410,46.328701,572.376632,5.8,1743.4,24.42,264.0,1.15,6226.00,1.2990,1.1290,4.264,0.712,0,78.60,0.0000
"K00180.01","Kepler-484 b","CONFIRMED","CANDIDATE",284.394290,46.249081,10.04556377,2.19,671.4,3.2027,766.0,81.61,5632.00,0.8530,0.9520,4.554,0.075,0,66.50,1.0000
"K00181.01",,"FALSE POSITIVE","FALSE POSITIVE",288.252840,51.417332,5.093938816,17.19,25026.7,3.93144,1137.0,395.38,6197.00,1.0350,1.0960,4.449,0.618,0,1131.70,0.0030
"K00182.01",,"FALSE POSITIVE","FALSE POSITIVE",295.671300,40.599060,3.479425638,12.86,19550,3.4479,1166.0,435.85,5907.00,0.8780,0.9290,4.519,0.612,0,123.30,0.8760
"K00183.01","Kepler-423 b","CONFIRMED","CANDIDATE",292.855740,46.391178,2.684328541,12.73,18136.5,2.69382,1265.0,603.57,5561.00,0.9560,0.8590,4.411,0.076,0,2833.10,0.9950
"K00184.01",,"FALSE POSITIVE","FALSE POSITIVE",296.047640,43.762138,7.300735516,13.32,13051.7,5.78725,1086.0,328.98,6434.00,1.1380,1.1690,4.394,0.446,0,1640.00,0.0040
"K00185.01",,"CANDIDATE","CANDIDATE",296.185240,39.262680,23.210509958,21.19,28736.9,3.09802,595.0,29.69,5875.00,0.8090,0.8950,4.572,0.954,0,958.70,0.0000
"K00186.01","Kepler-485 b","CONFIRMED","CANDIDATE",294.996310,50.470058,3.24325988,12.91,16450.9,3.03318,1243.0,563.17,5823.00,1.0130,1.0270,4.438,0.117,0,1586.20,0.9980
"K00187.01",,"FALSE POSITIVE","FALSE POSITIVE",288.729490,42.550880,30.882538697,15.4,24012,5.3737,593.0,29.12,6014.00,0.9930,1.1010,4.486,0.197,0,1266.20,0.0000
"K00188.01","Kepler-425 b","CONFIRMED","CANDIDATE",290.358030,40.567741,3.797018259,10.07,14431.2,2.2608,982.0,219.64,5167.00,0.8480,0.8830,4.527,0.321,0,1549.00,0.9950
"K00189.01","Kepler-486 b","CONFIRMED","CANDIDATE",284.879970,49.266991,30.360445359,10.99,21124.7,6.0134,459.0,10.47,4939.00,0.7650,0.7400,4.541,0.359,0,1126.20,0.9820
"K00190.01",,"FALSE POSITIVE","FALSE POSITIVE",284.648860,41.015018,12.264867364,28.29,11310.9,4.7366,1077.0,317.89,5372.00,2.3440,1.2950,3.810,0.818,0,560.20,0.0000
"K00191.01","Kepler-487 b","CONFIRMED","CANDIDATE",295.287230,41.221958,15.358767771,10.89,14638.1,4.1223,662.0,45.46,5422.00,0.8870,0.8740,4.484,0.487,0,812.60,0.9980
"K00191.02","Kepler-487 d","CONFIRMED","CANDIDATE",295.287230,41.221958,2.418406841,2.25,665.4,2.0744,1226.0,535.84,5422.00,0.8870,0.8740,4.484,0.018,0,69.10,0.9960
"K00191.03",,"CANDIDATE","CANDIDATE",295.287230,41.221958,0.708621057,1.2,187.5,1.5041,1846.0,2741.07,5422.00,0.8870,0.8740,4.484,0.033,0,30.50,0.9980
"K00191.04","Kepler-487 c","CONFIRMED","CANDIDATE",295.287230,41.221958,38.6520796,2.07,566.5,5.607,487.0,13.28,5422.00,0.8870,0.8740,4.484,0.038,0,24.80,0.0000
"K00192.01","Kepler-427 b","CONFIRMED","CANDIDATE",288.254580,43.704868,10.290994129,13.43,9655.7,4.28889,996.0,233.08,5803.00,1.3730,0.9370,4.134,0.049,0,1245.70,0.9910
"K00193.01",,"FALSE POSITIVE","FALSE POSITIVE",292.876160,48.195309,37.590298548,14.39,19938.9,4.3855,573.0,25.53,6147.00,1.0030,1.0640,4.463,0.38,0,929.00,0.0000
"K00194.01","Kepler-488 b","CONFIRMED","CANDIDATE",282.966160,48.345070,3.120828136,14.16,16456,2.1878,1303.0,680.79,6122.00,0.9960,1.0700,4.471,0.784,0,113.50,0.8020
"K00195.01","Kepler-426 b","CONFIRMED","CANDIDATE",289.434630,49.473400,3.217518511,11.38,14319.4,2.11481,1185.0,464.73,5720.00,0.9030,0.8820,4.473,0.638,0,1287.40,1.0000
"K00199.01","Kepler-490 b","CONFIRMED","CANDIDATE",295.025670,46.956001,3.268695042,16.91,10091.4,3.45188,1597.0,1539.00,5927.00,1.6910,1.1610,4.046,0.065,0,1429.90,0.9990
"K00199.02",,"FALSE POSITIVE","FALSE POSITIVE",295.025670,46.956001,8.78458274,2.6,210.8,6.459,1149.0,411.55,5927.00,1.6910,1.1610,4.046,0.681,0,25.90,0.0000
"K00200.01","Kepler-74 b","CONFIRMED","CANDIDATE",293.092530,41.355518,7.340714946,14.31,8510.5,2.9987,1155.0,421.03,6056.00,1.4980,1.2680,4.191,0.568,0,856.30,0.9980
"K00201.01","Kepler-491 b","CONFIRMED","CANDIDATE",287.130580,42.350151,4.225384543,9,7563,2.82038,1111.0,360.46,5574.00,1.0540,1.0250,4.403,0.074,0,1457.80,0.9980
"K00205.01","Kepler-492 b","CONFIRMED","CANDIDATE",295.496670,42.537891,11.720123999,7.94,9763.3,3.0039,660.0,44.89,5215.00,0.7700,0.7920,4.564,0.623,0,707.30,0.9980
"K00206.01","Kepler-433 b","CONFIRMED","CANDIDATE",297.593660,40.977268,5.334082429,13.08,4676.5,6.2226,1495.0,1180.64,6332.00,1.9050,1.3730,4.016,0.045,0,653.40,1.0000
"K00208.01","Kepler-493 b","CONFIRMED","CANDIDATE",295.307530,38.881641,3.003879547,10.96,8538,3.2848,1438.0,1011.87,6311.00,1.1720,1.2530,4.398,0.338,0,80.80,1.0000
"K00209.01","Kepler-117 c","CONFIRMED","CANDIDATE",288.793030,48.040230,50.79034648,10.6,5671.1,10.8474,612.0,33.12,6163.00,1.4060,1.1020,4.185,0.058,0,508.80,0.9930
"K00213.01",,"FALSE POSITIVE","FALSE POSITIVE",295.712250,45.589771,48.118812545,45.18,69850.7,5.27958,490.0,13.60,6003.00,0.8720,0.9520,4.536,1.079,0,2145.10,0.0000
"K00214.01","Kepler-424 b","CONFIRMED","CANDIDATE",298.624880,48.577450,3.311864148,9.06,5976.5,1.4049,1116.0,365.94,5461.00,0.9370,1.0120,4.499,0.905,0,448.20,1.0000
"K00215.01",,"FALSE POSITIVE","FALSE POSITIVE",290.165130,51.467258,42.94386258,41.62,9207.9,3.7591,520.0,17.26,5750.00,0.9400,0.8080,4.400,1.285,0,273.00,0.0000
"K00219.01","Kepler-494 b","CONFIRMED","CANDIDATE",297.214080,41.664040,8.025118521,7.79,3120.4,5.3694,1093.0,336.73,6002.00,1.3690,1.0730,4.196,0.454,0,373.00,1.0000
"K00220.01","Kepler-119 b","CONFIRMED","CANDIDATE",295.946410,42.658920,2.422084188,3.55,1871.8,2.5613,1213.0,511.66,5598.00,0.8300,0.9280,4.565,0.058,0,423.70,1.0000
"K00220.02","Kepler-119 c","CONFIRMED","CANDIDATE",295.946410,42.658920,4.12511935,0.88,114.7,2.877,1016.0,252.18,5598.00,0.8300,0.9280,4.565,0.253,0,21.60,1.0000
"K00221.01","Kepler-495 b","CONFIRMED","CANDIDATE",285.930690,39.098141,3.413036353,6.62,3868.7,2.61366,1200.0,490.24,5392.00,1.0870,0.8880,4.314,0.046,0,480.70,1.0000
"K00742.01",,"FALSE POSITIVE","FALSE POSITIVE",297.079930,47.597401,11.521446064,150.51,17984.3,3.6399,753.0,75.88,5795.00,0.8480,0.9380,4.554,2.483,0,622.10,0.0000
"K00743.01",,"FALSE POSITIVE","FALSE POSITIVE",289.258210,47.635319,19.40393776,7.18,8918.7,12.2155,523.0,17.69,5043.00,0.6800,0.6570,4.591,0.804,0,214.70,0.0000
"K00744.01",,"FALSE POSITIVE","FALSE POSITIVE",295.814540,47.690350,19.221388942,49.29,74284,4.79843,698.0,55.97,6117.00,0.9470,1.0250,4.496,1.065,0,2317.00,0.0000
"K00745.01",,"FALSE POSITIVE","FALSE POSITIVE",297.154420,47.668701,16.46983774,7.94,10478.9,9.4378,595.0,29.61,5152.00,0.7860,0.7410,4.517,0.292,0,303.40,0.0000
"K00746.01","Kepler-660 b","CONFIRMED","CANDIDATE",288.138240,47.724449,9.27358173,2.47,1288.3,3.2875,649.0,41.85,4856.00,0.6960,0.6760,4.583,0.387,0,87.20,1.0000
"K00747.01","Kepler-661 b","CONFIRMED","CANDIDATE",283.710880,47.863270,6.02930329,2.85,1912.7,1.5821,678.0,50.04,4537.00,0.6720,0.7610,4.648,0.258,0,65.40,1.0000
"K00748.01",,"FALSE POSITIVE","FALSE POSITIVE",283.765470,47.804298,2.696370652,1.58,397.9,3.6129,1066.0,305.34,4989.00,0.8190,0.7810,4.504,0.044,0,48.20,0.0000
"K00749.01","Kepler-226 c","CONFIRMED","CANDIDATE",292.376130,47.880989,5.349553819,2.55,831,3.0278,919.0,168.99,5185.00,0.9100,0.8310,4.440,0.092,0,60.60,1.0000
"K00749.02","Kepler-226 b","CONFIRMED","CANDIDATE",292.376130,47.880989,3.94105221,1.7,363.3,2.5984,1018.0,253.15,5185.00,0.9100,0.8310,4.440,0.226,0,28.90,0.9800
"K00749.03","Kepler-226 d","CONFIRMED","CANDIDATE",292.376130,47.880989,8.10904807,1.3,217.4,3.596,800.0,97.03,5185.00,0.9100,0.8310,4.440,0.025,0,14.10,0.9710
"K00750.01","Kepler-662 b","CONFIRMED","CANDIDATE",290.465120,47.929180,21.67699193,2.95,857.2,3.4555,530.0,18.64,4954.00,0.8280,0.7910,4.500,0.896,0,34.30,1.0000
"K00751.01","Kepler-663 b","CONFIRMED","CANDIDATE",297.808260,47.946671,4.99677968,2.78,934.7,2.1717,917.0,166.95,5339.00,0.8470,0.9310,4.552,0.71,0,28.20,1.0000
"K00752.01","Kepler-227 b","CONFIRMED","CANDIDATE",291.934230,48.141651,9.48803557,2.26,615.8,2.9575,793.0,93.59,5455.00,0.9270,0.9190,4.467,0.146,0,35.80,1.0000
"K00752.02","Kepler-227 c","CONFIRMED","CANDIDATE",291.934230,48.141651,54.4183827,2.83,874.8,4.507,443.0,9.11,5455.00,0.9270,0.9190,4.467,0.586,0,25.80,0.9690
"K00753.01",,"CANDIDATE","CANDIDATE",297.004820,48.134129,19.89913995,14.6,10829,1.7822,638.0,39.30,5853.00,0.8680,0.9610,4.544,0.969,0,76.30,0.0000
"K00754.01",,"FALSE POSITIVE","FALSE POSITIVE",285.534610,48.285210,1.736952453,33.46,8079.2,2.40641,1395.0,891.96,5805.00,0.7910,0.8360,4.564,1.276,0,505.60,0.0000
"K00755.01","Kepler-664 b","CONFIRMED","CANDIDATE",288.754880,48.226200,2.525591777,2.75,603.3,1.6545,1406.0,926.16,6031.00,1.0460,1.0950,4.438,0.701,0,40.90,1.0000
"K00756.01","Kepler-228 d","CONFIRMED","CANDIDATE",296.286130,48.224670,11.09432054,3.9,1517.5,4.5945,835.0,114.81,6046.00,0.9720,1.0530,4.486,0.538,0,66.50,1.0000
"K00756.02","Kepler-228 c","CONFIRMED","CANDIDATE",296.286130,48.224670,4.13443512,2.77,686,3.1402,1160.0,427.65,6046.00,0.9720,1.0530,4.486,0.762,0,40.20,1.0000
"K00756.03","Kepler-228 b","CONFIRMED","CANDIDATE",296.286130,48.224670,2.56658897,1.59,226.5,2.429,1360.0,807.74,6046.00,0.9720,1.0530,4.486,0.755,0,15.00,0.9920
"K00757.01","Kepler-229 c","CONFIRMED","CANDIDATE",286.999480,48.375790,16.06864674,5.76,4914.3,3.5347,600.0,30.75,5031.00,0.8480,0.8010,4.485,0.052,0,161.90,1.0000
"K00757.02","Kepler-229 d","CONFIRMED","CANDIDATE",286.999480,48.375790,41.19725502,3.86,2213.9,4.6297,439.0,8.76,5031.00,0.8480,0.8010,4.485,0.045,0,51.20,0.9920
"K00757.03","Kepler-229 b","CONFIRMED","CANDIDATE",286.999480,48.375790,6.252962249,2.65,1036.9,2.5819,823.0,108.30,5031.00,0.8480,0.8010,4.485,0.105,0,47.10,1.0000
"K00758.01","Kepler-665 b","CONFIRMED","CANDIDATE",297.025630,48.478588,16.01308419,3.1,1121.9,3.2554,593.0,29.31,5015.00,0.8260,0.7850,4.499,0.799,0,33.20,1.0000
"K00759.01","Kepler-230 b","CONFIRMED","CANDIDATE",285.718540,48.505859,32.62876672,3.36,1804.8,4.7971,506.0,15.55,5586.00,0.7980,0.8440,4.560,0.021,0,80.00,1.0000
"K00759.02","Kepler-230 c","CONFIRMED","CANDIDATE",285.718540,48.505859,91.7732862,2.12,652,6.473,359.0,3.92,5586.00,0.7980,0.8440,4.560,0.606,0,19.10,0.9780
"K00760.01","Kepler-1976 b","CONFIRMED","CANDIDATE",292.167050,48.727589,4.959319244,12.21,9802,2.22739,1103.0,349.40,5712.00,1.0820,0.9760,4.359,0.831,0,696.50,1.0000
"K00761.01",,"FALSE POSITIVE","FALSE POSITIVE",297.923650,48.777321,2.701287801,6.54,860.4,3.3827,1222.0,527.81,5550.00,0.9100,0.8890,4.468,1.016,0,48.30,0.0000
"K00762.01","Kepler-666 b","CONFIRMED","CANDIDATE",298.456850,48.791592,4.49876511,2.1,460,3.7362,1133.0,389.62,6075.00,0.9690,1.0480,4.486,0.312,0,29.50,1.0000
"K00763.01",,"FALSE POSITIVE","FALSE POSITIVE",291.093900,48.933842,19.651209505,12.42,11766.3,5.2514,730.0,67.03,6074.00,1.0630,1.0140,4.391,0.723,0,513.40,0.0000
"K00764.01","Kepler-667 b","CONFIRMED","CANDIDATE",295.555050,49.017342,41.43958662,5.5,2793.1,10.5989,516.0,16.72,5468.00,1.0460,0.9300,4.367,0.355,0,141.10,0.9980
"K00765.01","Kepler-668 b","CONFIRMED","CANDIDATE",285.499240,49.277351,8.35389523,2.52,1041.6,2.2514,790.0,91.90,5592.00,0.7870,0.8620,4.582,0.023,0,43.40,1.0000
"K00766.01","Kepler-669 b","CONFIRMED","CANDIDATE",291.936160,49.253979,4.125543472,4.43,1487.3,3.1744,1243.0,565.35,6174.00,1.1030,1.1620,4.417,0.597,0,128.60,1.0000
"K00767.01","Kepler-670 b","CONFIRMED","CANDIDATE",297.015470,49.225288,2.816504904,12.21,16813.7,2.50587,1219.0,521.13,5532.00,0.9550,0.9410,4.452,0.105,0,1406.80,1.0000
"K00768.01",,"FALSE POSITIVE","FALSE POSITIVE",284.172330,49.360722,33.93373447,7.34,8503.7,14.561,430.0,8.11,5040.00,0.7050,0.7820,4.628,0.812,0,236.10,0.0000
"K00769.01","Kepler-671 b","CONFIRMED","CANDIDATE",294.265810,49.314091,4.280963604,2.3,750.8,2.875,1012.0,247.87,5644.00,0.8310,0.9280,4.564,0.424,0,61.80,1.0000
"K00770.01",,"FALSE POSITIVE","FALSE POSITIVE",295.665220,49.351009,1.50635409,4.53,2211.7,1.5155,1452.0,1054.12,5714.00,0.8310,0.9260,4.563,0.86,0,181.10,0.0000
"K00771.01",,"FALSE POSITIVE","FALSE POSITIVE",296.698610,49.316479,670.645531,14.14,18090.6,53.412,196.0,0.35,5520.00,0.9830,1.0300,4.466,0.701,0,642.70,0.0000
"K00772.01",,"FALSE POSITIVE","FALSE POSITIVE",283.725920,49.479519,61.2563628,39.87,5123.3,7.633,505.0,15.43,6144.00,1.0910,1.0930,4.402,1.248,0,85.30,0.0000
"K00773.01","Kepler-672 b","CONFIRMED","CANDIDATE",291.722020,49.480869,38.3775486,2.82,724.2,5.588,529.0,18.53,5481.00,1.0360,0.9150,4.369,0.468,0,34.70,1.0000
"K00774.01",,"FALSE POSITIVE","FALSE POSITIVE",288.986820,49.733742,7.442652004,15.03,24446.2,2.3078,967.0,206.78,6108.00,0.9560,0.9810,4.469,0.137,0,835.60,0.0140
"K00775.01","Kepler-52 c","CONFIRMED","CANDIDATE",286.738040,49.975750,16.38489988,2,1127.1,3.0249,433.0,8.35,4126.00,0.6150,0.6330,4.661,0.001,0,28.90,1.0000
"K00775.02","Kepler-52 b","CONFIRMED","CANDIDATE",286.738040,49.975750,7.8774163,2.16,1306.1,2.0805,553.0,22.18,4126.00,0.6150,0.6330,4.661,0.041,0,38.70,1.0000
"K00775.03","Kepler-52 d","CONFIRMED","CANDIDATE",286.738040,49.975750,36.4454001,1.99,1122.3,4.007,332.0,2.88,4126.00,0.6150,0.6330,4.661,0.028,0,21.70,1.0000
"K00776.01","Kepler-673 b","CONFIRMED","CANDIDATE",290.785740,50.054119,3.728732147,6.02,5226.5,2.683,1023.0,258.34,5497.00,0.8090,0.9070,4.577,0.558,0,345.20,1.0000
"K00777.01",,"CANDIDATE","CANDIDATE",294.316860,50.080231,40.4195037,7.51,6256,3.362,467.0,11.29,5446.00,0.7810,0.7140,4.507,0.911,0,36.90,0.9990
"K00778.01","Kepler-674 b","CONFIRMED","CANDIDATE",285.176210,50.149818,2.243380573,1.99,821.7,1.1196,822.0,107.60,4149.00,0.5640,0.5780,4.698,0.915,0,38.90,1.0000
"K00779.01",,"FALSE POSITIVE","FALSE POSITIVE",289.235530,50.241001,10.405998015,11.23,14488.8,6.5036,833.0,113.94,5746.00,0.9240,0.7700,4.393,0.324,0,745.20,0.0000
"K00780.01","Kepler-675 b","CONFIRMED","CANDIDATE",293.833310,50.230350,2.337437946,2.34,971.2,1.9982,1070.0,311.16,5005.00,0.7650,0.8500,4.595,0.28,0,82.40,1.0000
"K00780.02",,"CANDIDATE","CANDIDATE",293.833310,50.230350,7.2406612,19.45,556.4,0.558,734.0,68.63,5005.00,0.7650,0.8500,4.595,1.198,0,13.70,0.9930
"K00781.01","Kepler-676 b","CONFIRMED","CANDIDATE",296.221950,50.287220,11.59822233,2.65,2804.5,2.5237,396.0,5.82,3688.00,0.4730,0.5030,4.790,0.679,0,71.00,1.0000
"K00782.01","Kepler-677 b","CONFIRMED","CANDIDATE",290.098050,50.321609,6.575315881,5.31,2793.3,4.3084,1015.0,251.38,5992.00,0.9890,0.9270,4.415,0.39,0,221.10,1.0000
"K00783.01","Kepler-678 b","CONFIRMED","CANDIDATE",295.455290,50.494560,7.275040844,4.86,3001,7.5377,833.0,113.64,5485.00,0.8670,0.9860,4.556,0.547,0,312.10,1.0000
"K00784.01","Kepler-231 c","CONFIRMED","CANDIDATE",293.973360,50.531910,19.27153892,1.93,1219.8,2.7594,393.0,5.66,4077.00,0.5600,0.5760,4.702,0.031,0,37.10,1.0000
"K00784.02","Kepler-231 b","CONFIRMED","CANDIDATE",293.973360,50.531910,10.06524317,1.91,1053.3,1.369,488.0,13.43,4077.00,0.5600,0.5760,4.702,0.628,0,30.30,1.0000
"K00785.01","Kepler-679 b","CONFIRMED","CANDIDATE",296.021330,50.567780,12.3935651,2.66,916.6,3.8896,677.0,49.68,5557.00,0.7500,0.8320,4.603,0.883,0,35.80,1.0000
"K00786.01","Kepler-680 b","CONFIRMED","CANDIDATE",291.622410,50.618240,3.689920099,1.89,426.7,2.6557,1147.0,408.99,5880.00,0.9170,1.0100,4.518,0.151,0,35.60,1.0000
"K00787.01","Kepler-232 b","CONFIRMED","CANDIDATE",295.816160,51.121738,4.431238488,3.25,1010.9,3.15,1104.0,351.23,5714.00,1.0150,1.0070,4.428,0.405,0,71.10,1.0000
"K00787.02","Kepler-232 c","CONFIRMED","CANDIDATE",295.816160,51.121738,11.37936986,3.95,1023.5,2.6255,806.0,99.68,5714.00,1.0150,1.0070,4.428,0.911,0,37.90,1.0000
"K00788.01","Kepler-681 b","CONFIRMED","CANDIDATE",289.399720,51.250320,26.39432897,3.07,1510.9,3.573,489.0,13.49,5129.00,0.7630,0.8460,4.595,0.602,0,48.20,1.0000
"K00789.01",,"FALSE POSITIVE","FALSE POSITIVE",291.044800,51.321671,14.1798187,1.88,459.9,2.505,711.0,60.35,5799.00,0.8780,0.9750,4.539,0.1601,0,11.20,
"K00790.01","Kepler-233 b","CONFIRMED","CANDIDATE",296.366520,51.319519,8.47237911,2.59,1123.5,2.7245,751.0,75.44,5354.00,0.7880,0.8840,4.587,0.022,0,47.60,1.0000
"K00790.02","Kepler-233 c","CONFIRMED","CANDIDATE",296.366520,51.319519,60.4189369,2.36,931.3,5.039,390.0,5.49,5354.00,0.7880,0.8840,4.587,0.094,0,20.10,0.9890
"K00791.01","Kepler-682 b","CONFIRMED","CANDIDATE",289.112210,51.737381,12.611904345,7.4,6105.6,5.1497,753.0,76.15,5795.00,0.9190,0.9920,4.508,0.55,0,277.20,1.0000
"K00792.01",,"FALSE POSITIVE","FALSE POSITIVE",290.843690,37.728828,1.433769925,46.58,1976.3,1.8868,1920.0,3209.29,6017.00,1.3390,1.0830,4.220,1.268,0,112.60,0.0000
"K00793.01",,"FALSE POSITIVE","FALSE POSITIVE",291.848910,37.713501,10.31872301,28.59,871.7,3.836,876.0,139.26,5927.00,1.0600,1.0500,4.409,1.215,0,38.20,0.0000
"K00794.01","Kepler-683 b","CONFIRMED","CANDIDATE",291.439970,37.905659,2.539183147,2.06,382.1,2.4282,1332.0,743.09,5519.00,1.0620,0.9210,4.350,0.238,0,38.90,1.0000
"K00795.01","Kepler-684 b","CONFIRMED","CANDIDATE",290.870510,38.273628,6.770300385,2.77,1304,2.0844,812.0,102.87,5653.00,0.6790,0.7670,4.656,0.838,0,50.80,1.0000
"K00796.01",,"FALSE POSITIVE","FALSE POSITIVE",290.996890,38.284920,0.444291966,27.51,10967.4,2.0792,1836.0,2706.26,5255.00,0.6360,0.7090,4.678,1.258,0,299.70,0.0000
"K00797.01",,"CANDIDATE","CANDIDATE",291.281950,38.241669,10.181584004,7.73,5741.1,3.5089,812.0,102.91,5988.00,0.8360,0.8850,4.541,0.92,0,183.60,1.0000
"K00798.01",,"FALSE POSITIVE","FALSE POSITIVE",292.315950,38.270290,3.341913228,21.55,725.3,3.813,1032.0,268.67,5295.00,0.8110,0.8530,4.551,1.213,0,39.00,0.0000
"K00799.01",,"FALSE POSITIVE","FALSE POSITIVE",294.368190,38.310280,1.626630225,32.43,1620.6,2.1145,1547.0,1355.88,5735.00,0.9730,0.8890,4.410,1.26,0,103.60,0.7730
"K00800.01","Kepler-234 b","CONFIRMED","CANDIDATE",291.653530,38.494659,2.711504086,3.12,837.5,3.0099,1420.0,960.79,6214.00,1.0760,1.1690,4.442,0.023,0,64.50,1.0000
"K00800.02","Kepler-234 c","CONFIRMED","CANDIDATE",291.653530,38.494659,7.21203748,3.32,950.4,4.0491,1025.0,260.58,6214.00,1.0760,1.1690,4.442,0.012,0,51.50,1.0000
"K00801.01","Kepler-685 b","CONFIRMED","CANDIDATE",293.871920,38.422939,1.625522174,9.73,7969,2.38963,1579.0,1467.41,5539.00,1.1060,0.9350,4.322,0.076,0,799.70,1.0000
"K00802.01",,"CANDIDATE","CANDIDATE",293.816190,38.563568,19.620346923,13.6,21724.6,2.0038,643.0,40.39,5710.00,0.9050,0.9280,4.492,0.458,0,340.50,1.0000
"K00803.01",,"FALSE POSITIVE","FALSE POSITIVE",293.941160,38.601101,7.544039,17.47,322.6,6.222,838.0,116.46,5657.00,0.8240,0.9190,4.567,1.175,0,14.20,0.0000
"K00804.01","Kepler-1727 b","CONFIRMED","CANDIDATE",290.333620,38.728230,9.02930689,2.57,1019.8,3.1449,757.0,77.75,5349.00,0.8200,0.8240,4.526,0.024,0,53.90,1.0000
"K00805.01",,"FALSE POSITIVE","FALSE POSITIVE",287.696750,38.886452,10.328035714,13.28,16917.7,7.7915,843.0,119.31,5627.00,1.0240,0.8740,4.359,0.281,0,636.80,0.0530
"K00806.01","Kepler-30 d","CONFIRMED","CANDIDATE",285.283630,38.947281,143.2063047,8.9,10565.7,8.9302,308.0,2.14,5485.00,0.8670,0.9860,4.556,0.379,0,138.80,1.0000
"K00806.02","Kepler-30 c","CONFIRMED","CANDIDATE",285.283630,38.947281,60.32494216,12.19,20280.4,6.6188,411.0,6.77,5485.00,0.8670,0.9860,4.556,0.224,0,347.20,0.7450
"K00806.03","Kepler-30 b","CONFIRMED","CANDIDATE",285.283630,38.947281,29.1598615,1.91,488,4.803,524.0,17.85,5485.00,0.8670,0.9860,4.556,0.3619,0,11.60,
"K00807.01",,"FALSE POSITIVE","FALSE POSITIVE",286.926390,38.921631,1.540397253,25.69,816.1,2.1541,1470.0,1105.68,5663.00,0.9150,1.0340,4.530,1.225,0,38.80,0.0000
"K00808.01",,"FALSE POSITIVE","FALSE POSITIVE",287.748810,38.929550,2.99025443,1.7,589.2,5.414,918.0,168.45,4667.00,0.7310,0.7370,4.578,0.014,0,48.50,0.0000
"K00809.01","Kepler-686 b","CONFIRMED","CANDIDATE",285.213810,39.027481,1.594745374,11.3,15044.5,1.9604,1539.0,1329.42,5934.00,0.8930,0.9010,4.491,0.514,0,1009.30,1.0000
"K00810.01","Kepler-1728 b","CONFIRMED","CANDIDATE",287.093990,39.060719,4.783002698,2.5,1008.7,2.335,886.0,145.48,5170.00,0.8070,0.8910,4.574,0.003,0,70.60,1.0000
"K00811.01","Kepler-687 b","CONFIRMED","CANDIDATE",289.315430,39.153278,20.50588921,3.41,2105.5,4.0595,518.0,17.06,4905.00,0.7610,0.7390,4.544,0.26,0,78.50,1.0000
"K00812.01","Kepler-235 b","CONFIRMED","CANDIDATE",286.079130,39.278320,3.340218842,2.03,1632.6,1.9104,656.0,43.73,3950.00,0.4930,0.5020,4.754,0.466,0,71.60,1.0000
"K00812.02","Kepler-235 d","CONFIRMED","CANDIDATE",286.079130,39.278320,20.06036336,1.96,1494.7,3.3203,361.0,4.00,3950.00,0.4930,0.5020,4.754,0.556,0,35.20,1.0000
"K00812.03","Kepler-235 e","CONFIRMED","CANDIDATE",286.079130,39.278320,46.1842039,1.83,1394.7,4.758,273.0,1.32,3950.00,0.4930,0.5020,4.754,0.013,0,26.00,1.0000
"K00812.04","Kepler-235 c","CONFIRMED","CANDIDATE",286.079130,39.278320,7.82502168,1.2,520.8,2.186,494.0,14.05,3950.00,0.4930,0.5020,4.754,0.708,0,15.90,0.9940
"K00813.01","Kepler-688 b","CONFIRMED","CANDIDATE",294.655240,39.308361,3.895936525,7.34,8544.8,2.3111,1005.0,241.62,5557.00,0.7740,0.8660,4.592,0.524,0,370.80,1.0000
"K00814.01","Kepler-689 b","CONFIRMED","CANDIDATE",294.710630,39.521740,22.36646466,2.32,986.8,5.228,536.0,19.45,5395.00,0.7340,0.8210,4.615,0.4,0,32.10,0.9990
"K00815.01",,"CANDIDATE","CANDIDATE",285.920010,39.624828,34.84398644,7.61,4523.6,2.9315,511.0,16.10,5509.00,0.8710,0.8400,4.482,0.934,0,76.80,1.0000
"K00816.01","Kepler-690 b","CONFIRMED","CANDIDATE",294.489900,39.771439,7.748094239,5.52,2472.1,3.5957,964.0,204.39,5973.00,1.0850,1.1810,4.439,0.517,0,113.20,1.0000
"K00817.01","Kepler-236 c","CONFIRMED","CANDIDATE",283.866390,39.898079,23.96793669,1.8,1182.3,3.827,329.0,2.77,3747.00,0.5240,0.5360,4.728,0.416,0,27.50,1.0000
"K00817.02","Kepler-236 b","CONFIRMED","CANDIDATE",283.866390,39.898079,8.29561738,1.82,824.3,1.3421,469.0,11.39,3747.00,0.5240,0.5360,4.728,0.888,0,17.90,0.9950
"K00818.01","Kepler-691 b","CONFIRMED","CANDIDATE",288.812010,40.033401,8.11437482,2.1,1558,2.2736,460.0,10.55,3692.00,0.5170,0.5530,4.753,0.573,0,56.40,1.0000
"K00819.01",,"FALSE POSITIVE","FALSE POSITIVE",294.147890,40.055538,38.036729482,27.5,82871.6,4.34617,500.0,14.81,5575.00,0.9320,1.0510,4.521,0.501,0,1300.00,0.0000
"K00820.01",,"CANDIDATE","CANDIDATE",295.113710,40.071171,4.64090031,30.09,2450.6,35.512,1155.0,421.08,6463.00,0.8260,0.7860,4.500,1.28,0,296.90,0.0000
"K00821.01","Kepler-692 b","CONFIRMED","CANDIDATE",294.776860,40.153740,21.81295996,3.38,1175.4,4.3791,639.0,39.33,5601.00,0.9990,0.9340,4.410,0.053,0,37.80,1.0000
"K00822.01",,"FALSE POSITIVE","FALSE POSITIVE",283.538450,40.217999,7.91936937,10.34,15148.1,3.3148,814.0,104.00,5690.00,0.7760,0.8520,4.588,0.733,0,389.00,0.0000
"K00823.01",,"CANDIDATE","CANDIDATE",296.006990,40.295429,1.028436523,72.77,8098,1.8606,1947.0,3400.48,6228.00,0.9900,0.9590,4.428,1.5734,0,89.60,
"K00824.01","Kepler-693 b","CONFIRMED","CANDIDATE",283.253540,40.358189,15.37562369,11.01,15337,3.3169,600.0,30.54,4986.00,0.8330,0.7930,4.496,0.692,0,166.00,1.0000
"K00825.01","Kepler-237 c","CONFIRMED","CANDIDATE",283.221410,40.421829,8.10363271,2.11,887.9,3.161,687.0,52.82,4861.00,0.7320,0.7330,4.574,0.047,0,39.30,1.0000
"K00825.02","Kepler-237 b","CONFIRMED","CANDIDATE",283.221410,40.421829,4.71510843,1.46,417.5,2.506,823.0,108.84,4861.00,0.7320,0.7330,4.574,0.258,0,21.30,1.0000
"K00826.01","Kepler-694 b","CONFIRMED","CANDIDATE",291.149510,40.420521,6.365839713,2.44,780.7,2.9721,914.0,165.33,5776.00,0.8490,0.9390,4.554,0.524,0,70.80,1.0000
"K00827.01",,"FALSE POSITIVE","FALSE POSITIVE",294.223970,40.417858,5.97581754,3.86,962.4,3.065,1047.0,284.25,6108.00,0.9970,1.0720,4.471,0.941,0,50.30,0.0370
"K00828.01",,"FALSE POSITIVE","FALSE POSITIVE",295.378050,40.493401,2.507089906,30.26,1339.2,2.0067,1326.0,730.47,5926.00,0.9390,1.0300,4.506,1.255,0,64.90,0.0000
"K00829.01","Kepler-53 b","CONFIRMED","CANDIDATE",290.461760,40.562462,18.64932728,3.12,893.6,4.4056,701.0,57.13,5775.00,1.0530,1.0260,4.405,0.08,0,46.10,1.0000
"K00829.02","Kepler-53 d","CONFIRMED","CANDIDATE",290.461760,40.562462,9.75192101,2.76,418,4.793,870.0,135.66,5775.00,1.0530,1.0260,4.405,0.949,0,28.50,0.9980
"K00829.03","Kepler-53 c","CONFIRMED","CANDIDATE",290.461760,40.562462,38.5576546,4.02,993,5.794,550.0,21.71,5775.00,1.0530,1.0260,4.405,0.911,0,39.70,1.0000
"K00830.01","Kepler-428 b","CONFIRMED","CANDIDATE",290.581730,40.577400,3.525632539,11.58,22335,2.59959,975.0,213.12,5150.00,0.7930,0.8550,4.572,0.12,0,1996.70,0.9900
"K00831.01",,"FALSE POSITIVE","FALSE POSITIVE",294.056760,40.549679,3.9043425,12.28,16228.4,3.831,1104.0,351.05,5810.00,0.8980,0.9890,4.526,0.709,0,323.40,0.0060
"K00832.01",,"FALSE POSITIVE","FALSE POSITIVE",294.743960,40.533920,9.286358079,17.61,44791.4,3.49949,796.0,95.03,5670.00,0.8210,0.8200,4.523,0.377,0,1671.10,0.0000
"K00833.01",,"FALSE POSITIVE","FALSE POSITIVE",295.504390,40.505489,3.951405455,31.44,2453.9,2.1862,1133.0,388.71,6046.00,0.8690,0.9530,4.539,1.276,0,117.20,0.0000
"K00834.01","Kepler-238 e","CONFIRMED","CANDIDATE",287.897130,40.637821,23.65369415,7.89,3341.8,8.2183,731.0,67.65,5739.00,1.3840,1.0830,4.191,0.008,0,266.30,0.9990
"K00834.02","Kepler-238 d","CONFIRMED","CANDIDATE",287.897130,40.637821,13.23352214,3.06,504.6,6.7372,888.0,146.67,5739.00,1.3840,1.0830,4.191,0.014,0,49.10,0.9960
"K00834.03","Kepler-238 c","CONFIRMED","CANDIDATE",287.897130,40.637821,6.15560285,2.32,285,4.9843,1146.0,406.94,5739.00,1.3840,1.0830,4.191,0.235,0,35.10,0.9970
"K00834.04","Kepler-238 b","CONFIRMED","CANDIDATE",287.897130,40.637821,2.090811305,1.62,115.9,3.388,1642.0,1718.04,5739.00,1.3840,1.0830,4.191,0.746,0,19.90,1.0000
"K00834.05","Kepler-238 f","CONFIRMED","CANDIDATE",287.897130,40.637821,50.4467417,2.67,370.3,7.159,568.0,24.64,5739.00,1.3840,1.0830,4.191,0.379,0,19.40,0.9890
"K00835.01","Kepler-239 b","CONFIRMED","CANDIDATE",294.202150,40.663410,11.76307164,2.35,1037.3,2.9076,616.0,33.99,4959.00,0.7560,0.8490,4.603,0.048,0,48.90,1.0000
"K00835.02","Kepler-239 c","CONFIRMED","CANDIDATE",294.202150,40.663410,56.2279271,2.37,862.7,3.57,366.0,4.22,4959.00,0.7560,0.8490,4.603,0.7,0,20.90,0.8780
"K00836.01",,"FALSE POSITIVE","FALSE POSITIVE",299.642850,40.691238,2.384052875,17.06,1268.1,3.0918,1010.0,244.87,4794.00,0.7010,0.6830,4.580,1.178,0,50.50,0.0000
"K00837.01","Kepler-240 c","CONFIRMED","CANDIDATE",291.158780,40.750271,7.953547,2.25,875.4,2.6312,696.0,55.37,4768.00,0.7790,0.7590,4.536,0.3,0,38.40,1.0000
"K00837.02","Kepler-240 b","CONFIRMED","CANDIDATE",291.158780,40.750271,4.14451656,1.48,391.8,2.3421,864.0,132.08,4768.00,0.7790,0.7590,4.536,0.004,0,22.80,1.0000
"K00838.01",,"FALSE POSITIVE","FALSE POSITIVE",292.214360,40.759762,4.859386384,38.33,6044.3,2.2757,1114.0,364.23,6072.00,0.9880,1.0500,4.470,1.259,0,269.70,0.0000
"K00839.01",,"FALSE POSITIVE","FALSE POSITIVE",298.961120,40.862808,2.446737317,26.25,1177.9,4.7211,1261.0,597.19,5764.00,0.8630,0.9590,4.548,1.241,0,110.20,0.0000
"K00840.01","Kepler-695 b","CONFIRMED","CANDIDATE",299.316100,40.822380,3.04033046,8.99,10858.8,1.8411,1021.0,257.29,5035.00,0.7910,0.7540,4.519,0.736,0,568.20,1.0000
"K00841.01","Kepler-27 b","CONFIRMED","CANDIDATE",292.236760,41.085880,15.33528675,5,3081.4,3.897,610.0,32.67,5251.00,0.8170,0.9260,4.581,0.773,0,86.60,1.0000
"K00841.02","Kepler-27 c","CONFIRMED","CANDIDATE",292.236760,41.085880,31.33046135,6.5,5073.8,5.176,481.0,12.61,5251.00,0.8170,0.9260,4.581,0.798,0,117.20,1.0000
"K00841.03","Kepler-27 d","CONFIRMED","CANDIDATE",292.236760,41.085880,6.54626149,2.19,655.9,2.75,810.0,101.78,5251.00,0.8170,0.9260,4.581,0.644,0,24.80,1.0000
"K00842.01","Kepler-241 b","CONFIRMED","CANDIDATE",292.913120,41.060921,12.71809866,2.31,1149.4,3.0957,562.0,23.60,4702.00,0.6860,0.6700,4.592,0.427,0,52.70,1.0000
"K00842.02","Kepler-241 c","CONFIRMED","CANDIDATE",292.913120,41.060921,36.06588163,2.64,1563.8,4.3246,397.0,5.88,4702.00,0.6860,0.6700,4.592,0.26,0,51.70,0.9990
"K00843.01","Kepler-696 b","CONFIRMED","CANDIDATE",293.496610,41.137589,4.190425659,6.21,2877.4,2.8589,1234.0,547.90,6073.00,1.1350,1.1630,4.392,0.458,0,240.60,1.0000
"K00844.01","Kepler-697 b","CONFIRMED","CANDIDATE",283.864410,41.346458,3.709870784,4.35,2020.3,3.0694,1151.0,415.10,5727.00,0.9780,1.0130,4.463,0.023,0,116.10,1.0000
"K00845.01","Kepler-698 b","CONFIRMED","CANDIDATE",288.510010,41.301769,16.3297527,3.75,1187.5,6.271,727.0,66.08,5878.00,0.9870,0.9890,4.444,0.791,0,74.60,1.0000
"K00846.01","Kepler-699 b","CONFIRMED","CANDIDATE",296.888210,41.396091,27.807566216,13.84,25391.1,4.21587,554.0,22.24,5862.00,0.7850,0.8650,4.584,0.782,0,748.10,0.9850
"K00847.01","Kepler-700 b","CONFIRMED","CANDIDATE",287.154300,41.565788,80.8723469,7.59,3604.6,11.195,452.0,9.88,5510.00,1.2380,0.9320,4.222,0.527,0,160.90,0.9420
"K00848.01",,"FALSE POSITIVE","FALSE POSITIVE",284.869290,41.679192,3.166465862,26.82,4357.2,2.9381,954.0,196.31,4968.00,0.7040,0.6800,4.575,1.266,0,122.10,0.0000
"K00849.01","Kepler-701 b","CONFIRMED","CANDIDATE",288.994200,41.633282,10.35533116,2.47,750.6,3.1775,777.0,86.22,5501.00,0.9180,0.8910,4.462,0.029,0,49.20,1.0000
"K00850.01","Kepler-702 b","CONFIRMED","CANDIDATE",293.878110,41.661770,10.526294577,8.24,9768,2.5211,713.0,61.16,5386.00,0.7930,0.8200,4.553,0.644,0,482.30,0.9990
"K00851.01","Kepler-703 b","CONFIRMED","CANDIDATE",299.186860,41.742680,4.583520948,5.39,3812.1,2.7055,1038.0,274.98,5815.00,0.8770,0.9730,4.540,0.045,0,99.50,1.0000
"K00852.01","Kepler-704 b","CONFIRMED","CANDIDATE",283.316380,41.837120,3.76181843,2.66,510.6,3.5176,1121.0,372.62,5653.00,0.9490,0.9740,4.472,0.926,0,35.90,0.8760
"K00853.01","Kepler-242 b","CONFIRMED","CANDIDATE",286.565700,41.808399,8.20396958,3.01,1024.4,2.9667,742.0,71.50,5015.00,0.8260,0.7850,4.499,0.823,0,54.40,1.0000
"K00853.02","Kepler-242 c","CONFIRMED","CANDIDATE",286.565700,41.808399,14.49645186,3.01,647.5,4.016,613.0,33.48,5015.00,0.8260,0.7850,4.499,0.97,0,25.70,1.0000
"K00854.01","Kepler-705 b","CONFIRMED","CANDIDATE",289.508480,41.812119,56.0560754,1.94,1626,4.685,233.0,0.69,3593.00,0.4910,0.5030,4.757,0.018,0,27.40,0.9960
"K00855.01","Kepler-706 b","CONFIRMED","CANDIDATE",291.760410,41.944069,41.408316686,11.38,22838.9,5.0264,453.0,9.93,5522.00,0.7470,0.7860,4.586,0.377,0,907.80,0.9740
"K00856.01",,"CANDIDATE","CANDIDATE",293.179290,41.969238,39.74893077,14.21,15178.9,7.3051,552.0,21.87,6122.00,0.9640,1.0410,4.487,0.881,0,561.10,0.9940
"K00857.01","Kepler-243 b","CONFIRMED","CANDIDATE",285.110470,42.033958,5.715425977,2.47,908.1,2.5242,850.0,123.03,5237.00,0.8260,0.9270,4.572,0.348,0,59.40,1.0000
"K00857.02","Kepler-243 c","CONFIRMED","CANDIDATE",285.110470,42.033958,20.0261412,2.28,421.2,1.611,559.0,23.14,5237.00,0.8260,0.9270,4.572,0.957,0,10.70,0.9940
"K00858.01",,"CANDIDATE","CANDIDATE",289.897770,42.009151,13.61014819,19.02,5732.9,2.594,733.0,68.29,5697.00,0.9030,0.8570,4.460,1.081,0,184.10,0.0000
"K00859.01",,"FALSE POSITIVE","FALSE POSITIVE",286.243560,42.148811,10.44331991,2.66,1159.8,2.743,667.0,46.94,4947.00,0.8020,0.7690,4.516,0.23,0,51.70,0.0000
"K00861.01","Kepler-707 b","CONFIRMED","CANDIDATE",290.007570,42.116459,2.237489571,1.41,315.8,1.8119,1160.0,427.17,5265.00,0.8100,0.9100,4.580,0.128,0,30.70,1.0000
"K00862.01",,"FALSE POSITIVE","FALSE POSITIVE",284.087310,42.233231,5.851520671,14.62,33003.6,3.11058,901.0,155.89,5532.00,0.8060,0.8040,4.530,0.211,0,1630.40,0.0000
"K00863.01","Kepler-708 b","CONFIRMED","CANDIDATE",293.816470,42.212502,3.167893418,2.62,781.2,2.1814,1221.0,526.23,5895.00,0.9400,1.0260,4.503,0.026,0,64.80,1.0000
"K00864.01","Kepler-244 b","CONFIRMED","CANDIDATE",287.242680,42.301369,4.311780262,3.11,1154,2.7251,1038.0,274.84,5527.00,0.9270,0.9560,4.484,0.196,0,86.10,1.0000
"K00864.02","Kepler-244 d","CONFIRMED","CANDIDATE",287.242680,42.301369,20.0504494,2.69,840.9,4.556,622.0,35.44,5527.00,0.9270,0.9560,4.484,0.383,0,37.80,1.0000
"K00864.03","Kepler-244 c","CONFIRMED","CANDIDATE",287.242680,42.301369,9.76734503,2.67,569.1,1.6585,791.0,92.46,5527.00,0.9270,0.9560,4.484,0.9,0,21.10,1.0000
"K00865.01",,"CANDIDATE","CANDIDATE",291.583770,42.368160,119.0207044,8.98,7430.5,8.1405,366.0,4.25,5453.00,1.0620,0.9040,4.342,0.076,0,223.50,1.0000
"K00866.01",,"FALSE POSITIVE","FALSE POSITIVE",291.671720,42.343109,2.861159894,4.37,1014.3,1.8832,1355.0,797.10,6126.00,1.0210,1.0900,4.458,0.965,0,58.30,0.0000
"K00867.01","Kepler-709 b","CONFIRMED","CANDIDATE",292.105190,42.380322,16.08518937,3.68,1442.4,3.984,613.0,33.43,5239.00,0.8260,0.8300,4.523,0.867,0,62.60,1.0000
"K00868.01",,"CANDIDATE","CANDIDATE",293.007970,42.307201,235.9986399,10.59,20714.6,8.2284,188.0,0.29,4245.00,0.6570,0.6660,4.627,0.778,0,271.80,0.9980
"K00869.01","Kepler-245 b","CONFIRMED","CANDIDATE",291.638980,42.436321,7.49018305,2.56,1123.6,2.7297,753.0,76.06,5103.00,0.7870,0.8230,4.562,0.02,0,53.00,1.0000
"K00869.02","Kepler-245 d","CONFIRMED","CANDIDATE",291.638980,42.436321,36.2761238,3.03,1572.6,4.7865,445.0,9.29,5103.00,0.7870,0.8230,4.562,0.035,0,45.50,1.0000
"K00869.03","Kepler-245 c","CONFIRMED","CANDIDATE",291.638980,42.436321,17.46087931,2.32,812.4,2.2641,568.0,24.60,5103.00,0.7870,0.8230,4.562,0.594,0,22.60,1.0000
"K00869.04","Kepler-245 e","CONFIRMED","CANDIDATE",291.638980,42.436321,3.219814777,1.69,488.2,2.0642,998.0,234.93,5103.00,0.7870,0.8230,4.562,0.06,0,30.50,1.0000
"K00870.01","Kepler-28 b","CONFIRMED","CANDIDATE",292.137020,42.429420,5.912273234,1.73,961.4,2.3254,585.0,27.72,4072.00,0.5700,0.5860,4.696,0.17,0,62.80,1.0000
"K00870.02","Kepler-28 c","CONFIRMED","CANDIDATE",292.137020,42.429420,8.98581901,1.65,881.3,2.8606,509.0,15.90,4072.00,0.5700,0.5860,4.696,0.008,0,51.80,1.0000
"K00871.01",,"CANDIDATE","CANDIDATE",291.119690,42.507069,12.940668656,22.94,42450,2.4845,723.0,64.64,5875.00,0.8090,0.8950,4.572,0.897,0,307.50,0.0000
"K00872.01","Kepler-46 b","CONFIRMED","CANDIDATE",289.268740,42.604172,33.60123371,8.46,7425.9,4.4056,495.0,14.22,5149.00,0.9300,0.8820,4.447,0.67,0,247.90,1.0000
"K00872.02","Kepler-46 d","CONFIRMED","CANDIDATE",289.268740,42.604172,6.76652928,1.97,450.7,2.9004,845.0,120.48,5149.00,0.9300,0.8820,4.447,0.429,0,29.20,1.0000
"K00873.01","Kepler-710 b","CONFIRMED","CANDIDATE",291.964170,42.696140,4.347288783,2.36,451.6,2.1024,1174.0,449.79,5754.00,1.1220,1.0140,4.345,0.025,0,39.70,1.0000
"K00874.01","Kepler-246 b","CONFIRMED","CANDIDATE",296.483430,42.663429,4.601811819,2.35,755.9,2.2607,896.0,152.91,4986.00,0.8330,0.7930,4.496,0.567,0,60.80,1.0000
"K00874.02","Kepler-246 c","CONFIRMED","CANDIDATE",296.483430,42.663429,11.18719905,1.55,353.6,3.252,667.0,46.65,4986.00,0.8330,0.7930,4.496,0.387,0,21.90,0.9970
"K00875.01","Kepler-1729 b","CONFIRMED","CANDIDATE",296.693940,42.626110,4.220965778,2.62,2260,3.0854,595.0,29.68,3837.00,0.5170,0.5440,4.747,0.705,0,157.80,1.0000
"K00876.01",,"FALSE POSITIVE","FALSE POSITIVE",287.884120,42.832439,6.998099523,588.66,20285,2.0488,853.0,125.22,5612.00,0.8290,0.9260,4.566,7.361,0,192.30,0.0000
"K00877.01","Kepler-81 b","CONFIRMED","CANDIDATE",293.636960,42.824970,5.95489993,2.33,1410.7,2.3892,635.0,38.52,4261.00,0.6330,0.6400,4.641,0.327,0,87.20,1.0000
"K00877.02","Kepler-81 c","CONFIRMED","CANDIDATE",293.636960,42.824970,12.03987488,2.18,1250.6,2.7363,502.0,15.06,4261.00,0.6330,0.6400,4.641,0.286,0,57.60,1.0000
"K00877.03","Kepler-81 d","CONFIRMED","CANDIDATE",293.636960,42.824970,20.83762895,1.42,439,2.3734,418.0,7.24,4261.00,0.6330,0.6400,4.641,0.706,0,14.90,0.9980
"K00878.01","Kepler-711 b","CONFIRMED","CANDIDATE",297.460020,42.839920,23.58917143,3.16,1200.7,5.073,487.0,13.34,4919.00,0.7210,0.6970,4.566,0.926,0,53.30,1.0000
"K00880.01","Kepler-82 b","CONFIRMED","CANDIDATE",292.873380,42.966141,26.44439337,3.91,1843.5,3.9783,562.0,23.54,5427.00,0.9290,0.9150,4.463,0.03,0,88.00,1.0000
"K00880.02","Kepler-82 c","CONFIRMED","CANDIDATE",292.873380,42.966141,51.53997972,5.51,3644.3,6.3994,450.0,9.67,5427.00,0.9290,0.9150,4.463,0.183,0,155.50,0.9830
"K00880.03","Kepler-82 e","CONFIRMED","CANDIDATE",292.873380,42.966141,5.902245782,2.43,702.3,2.9003,926.0,173.74,5427.00,0.9290,0.9150,4.463,0.209,0,59.30,1.0000
"K00880.04","Kepler-82 d","CONFIRMED","CANDIDATE",292.873380,42.966141,2.382951591,1.86,391.6,1.8876,1253.0,583.01,5427.00,0.9290,0.9150,4.463,0.479,0,41.40,1.0000
"K00881.01","Kepler-712 b","CONFIRMED","CANDIDATE",294.909730,42.935261,21.02250608,3.07,1772.5,4.1072,521.0,17.48,5067.00,0.7500,0.7890,4.585,0.036,0,62.40,1.0000
"K00881.02","Kepler-712 c","CONFIRMED","CANDIDATE",294.909730,42.935261,226.8904775,4.53,3136.4,7.558,236.0,0.73,5067.00,0.7500,0.7890,4.585,0.731,0,46.80,1.0000
"K00882.01",,"FALSE POSITIVE","FALSE POSITIVE",295.835360,42.943062,1.956811408,21.58,24905,2.1958,1109.0,357.16,5209.00,0.6030,0.6020,4.657,1.091,0,125.40,0.0000
"K00883.01",,"CANDIDATE","CANDIDATE",296.683070,42.967869,2.688899233,12.04,37491.6,2.11275,929.0,175.76,4820.00,0.6390,0.6990,4.667,0.001,0,1011.60,0.9970
"K00884.01","Kepler-247 c","CONFIRMED","CANDIDATE",288.642520,43.039291,9.439459486,4.16,3036.1,2.8979,686.0,52.32,5097.00,0.7790,0.8910,4.597,0.049,0,175.20,1.0000
"K00884.02","Kepler-247 d","CONFIRMED","CANDIDATE",288.642520,43.039291,20.47748843,2.92,1382.4,2.8364,530.0,18.65,5097.00,0.7790,0.8910,4.597,0.497,0,52.70,0.0000
"K00884.03","Kepler-247 b","CONFIRMED","CANDIDATE",288.642520,43.039291,3.336123113,1.74,516.3,1.9616,970.0,209.79,5097.00,0.7790,0.8910,4.597,0.252,0,41.60,1.0000
"K00886.01","Kepler-54 b","CONFIRMED","CANDIDATE",294.773930,43.056301,8.01078456,1.72,1333.6,2.312,453.0,9.90,3713.00,0.4700,0.4840,4.779,0.192,0,48.50,1.0000
"K00886.02","Kepler-54 c","CONFIRMED","CANDIDATE",294.773930,43.056301,12.07134205,1.29,759.2,4.3224,395.0,5.74,3713.00,0.4700,0.4840,4.779,0.014,0,31.00,1.0000
"K00886.03","Kepler-54 d","CONFIRMED","CANDIDATE",294.773930,43.056301,20.99587872,1.3,767.3,2.6333,328.0,2.74,3713.00,0.4700,0.4840,4.779,0.228,0,18.20,0.9860
"K00887.01","Kepler-713 b","CONFIRMED","CANDIDATE",295.651490,43.029831,7.41113177,2.45,620.5,2.5242,905.0,158.11,5849.00,0.9190,1.0140,4.517,0.712,0,50.40,1.0000
"K00888.01",,"FALSE POSITIVE","FALSE POSITIVE",297.975130,43.164909,1.000747038,4.14,1823.5,0.9967,1620.0,1635.20,5472.00,0.7900,0.7180,4.499,0.908,0,147.40,0.0000
"K00889.01","Kepler-75 b","CONFIRMED","CANDIDATE",291.137600,36.577381,8.884922995,10.51,16053.4,2.07004,770.0,83.21,5332.00,0.8430,0.8210,4.500,0.069,0,388.20,0.9990
"K00890.01","Kepler-714 b","CONFIRMED","CANDIDATE",282.699520,43.272739,8.09888906,8.95,6911.1,4.20241,986.0,223.19,6214.00,1.0760,1.1690,4.442,0.018,0,435.90,1.0000
"K00891.01","Kepler-715 b","CONFIRMED","CANDIDATE",283.630770,43.379398,10.00653012,3.52,936.1,5.344,876.0,139.21,6063.00,1.0010,1.0790,4.470,0.862,0,71.90,1.0000
"K00892.01","Kepler-716 b","CONFIRMED","CANDIDATE",290.393220,43.363899,10.37168928,3.2,1254.9,3.035,720.0,63.68,5121.00,0.8880,0.8220,4.457,0.537,0,64.50,1.0000
"K00892.02","Kepler-716 c","CONFIRMED","CANDIDATE",290.393220,43.363899,3.96996298,1.78,299.2,1.1757,992.0,229.37,5121.00,0.8880,0.8220,4.457,0.836,0,15.00,1.0000
"K00893.01","Kepler-717 b","CONFIRMED","CANDIDATE",292.965550,43.346390,4.40841331,2.66,549.4,5.012,1139.0,398.00,6007.00,0.9610,0.9680,4.457,0.899,0,45.10,1.0000
"K00894.01",,"FALSE POSITIVE","FALSE POSITIVE",299.001430,43.399632,7.9426176,4.68,1590.7,6.703,878.0,140.57,5811.00,0.9260,1.0360,4.521,0.942,0,60.40,0.0000
"K00895.01",,"FALSE POSITIVE","FALSE POSITIVE",296.410190,43.455391,4.409409243,10.95,12861,3.8636,1101.0,347.06,5600.00,0.9750,0.8110,4.368,0.028,0,85.80,0.2280
"K00896.01","Kepler-248 c","CONFIRMED","CANDIDATE",293.061400,43.581360,16.23947096,4.14,2590.7,4.0374,598.0,30.14,5191.00,0.8370,0.9370,4.564,0.043,0,123.80,1.0000
"K00896.02","Kepler-248 b","CONFIRMED","CANDIDATE",293.061400,43.581360,6.308201629,2.96,1328.5,2.9785,819.0,106.44,5191.00,0.8370,0.9370,4.564,0.03,0,86.20,1.0000
"K00897.01","Kepler-718 b","CONFIRMED","CANDIDATE",299.561890,43.503559,2.052349884,13.12,14280.6,2.0778,1497.0,1183.18,5855.00,1.0800,1.0490,4.393,0.437,0,1072.10,1.0000
"K00898.01","Kepler-83 b","CONFIRMED","CANDIDATE",282.232510,43.665630,9.7704486,2.23,1897.8,2.4517,460.0,10.59,3906.00,0.5090,0.5080,4.730,0.09,0,58.00,1.0000
"K00898.02","Kepler-83 d","CONFIRMED","CANDIDATE",282.232510,43.665630,5.169804269,1.66,1037.4,2.153,569.0,24.75,3906.00,0.5090,0.5080,4.730,0.351,0,41.40,1.0000
"K00898.03","Kepler-83 c","CONFIRMED","CANDIDATE",282.232510,43.665630,20.09017037,2.25,1432.1,4.154,362.0,4.05,3906.00,0.5090,0.5080,4.730,0.886,0,36.90,1.0000
"K00899.01","Kepler-249 c","CONFIRMED","CANDIDATE",296.985050,43.658520,7.11373257,1.16,807.6,2.1764,429.0,8.01,3561.00,0.4110,0.4400,4.855,0.334,0,44.40,0.9990
"K00899.02","Kepler-249 b","CONFIRMED","CANDIDATE",296.985050,43.658520,3.306551643,0.91,509.2,1.8177,554.0,22.19,3561.00,0.4110,0.4400,4.855,0.001,0,37.80,0.9990
"K00899.03","Kepler-249 d","CONFIRMED","CANDIDATE",296.985050,43.658520,15.36845737,1.11,756.1,2.4714,332.0,2.86,3561.00,0.4110,0.4400,4.855,0.115,0,30.90,0.9980
"K00900.01","Kepler-1730 b","CONFIRMED","CANDIDATE",281.960630,43.703110,13.81020318,4.56,1309.7,3.048,833.0,113.75,5942.00,1.1420,1.0090,4.327,0.791,0,46.20,1.0000
"K00901.01",,"CANDIDATE","CANDIDATE",285.167480,43.876339,12.732624065,4.87,6465.7,2.2083,432.0,8.22,3950.00,0.5410,0.5630,4.721,0.811,0,210.50,1.0000
"K00902.01",,"CANDIDATE","CANDIDATE",287.852390,43.897991,83.92494032,4.78,7958.7,6.7904,226.0,0.62,3960.00,0.5090,0.5260,4.746,0.658,0,182.10,0.9660
"K00903.01","Kepler-719 b","CONFIRMED","CANDIDATE",295.536130,43.884449,5.007316661,6.96,6932.3,4.2362,998.0,234.28,5865.00,0.8270,0.9140,4.563,0.344,0,431.40,1.0000
"K00904.01","Kepler-55 d","CONFIRMED","CANDIDATE",285.168330,44.026459,2.211116989,1.85,724.2,1.6485,931.0,177.19,4500.00,0.6460,0.7100,4.656,0.69,0,42.60,1.0000
"K00904.02","Kepler-55 b","CONFIRMED","CANDIDATE",285.168330,44.026459,27.9541337,1.9,942.5,3.95,400.0,6.04,4500.00,0.6460,0.7100,4.656,0.063,0,25.40,0.9970
"K00904.03","Kepler-55 c","CONFIRMED","CANDIDATE",285.168330,44.026459,42.1406089,1.85,895.5,5.083,349.0,3.49,4500.00,0.6460,0.7100,4.656,0.045,0,21.60,1.0000
"K00904.04","Kepler-55 e","CONFIRMED","CANDIDATE",285.168330,44.026459,4.617490562,1.62,575.8,2.2618,728.0,66.47,4500.00,0.6460,0.7100,4.656,0.649,0,28.10,1.0000
"K00904.05","Kepler-55 f","CONFIRMED","CANDIDATE",285.168330,44.026459,10.19849255,1.75,634.1,2.4283,559.0,23.11,4500.00,0.6460,0.7100,4.656,0.714,0,21.40,0.9960
"K00905.01",,"FALSE POSITIVE","FALSE POSITIVE",296.507540,44.036072,5.795063956,4.33,1692.9,3.2496,950.0,192.74,5865.00,0.8270,0.9140,4.563,0.949,0,119.40,0.0000
"K00906.01","Kepler-250 c","CONFIRMED","CANDIDATE",289.594760,44.141949,7.15681552,2.47,867,2.5882,782.0,88.23,5029.00,0.8380,0.7980,4.494,0.45,0,47.70,1.0000
"K00906.02","Kepler-250 d","CONFIRMED","CANDIDATE",289.594760,44.141949,17.64830851,2.43,763.3,2.0873,579.0,26.49,5029.00,0.8380,0.7980,4.494,0.653,0,23.80,1.0000
"K00906.03","Kepler-250 b","CONFIRMED","CANDIDATE",289.594760,44.141949,4.14810719,1.08,175.2,2.535,938.0,182.76,5029.00,0.8380,0.7980,4.494,0.093,0,12.90,0.9570
"K00907.01","Kepler-251 c","CONFIRMED","CANDIDATE",296.566220,44.105862,16.51410989,2.72,973.5,4.1575,655.0,43.57,5527.00,0.8660,0.8410,4.488,0.395,0,55.90,1.0000
"K00907.02","Kepler-251 d","CONFIRMED","CANDIDATE",296.566220,44.105862,30.1329298,3.14,1015.8,5.172,536.0,19.55,5527.00,0.8660,0.8410,4.488,0.839,0,44.80,1.0000
"K00907.03","Kepler-251 b","CONFIRMED","CANDIDATE",296.566220,44.105862,4.79090809,1.36,251.3,2.603,990.0,227.24,5527.00,0.8660,0.8410,4.488,0.11,0,21.20,1.0000
"K00907.04","Kepler-251 e","CONFIRMED","CANDIDATE",296.566220,44.105862,99.6415962,2.64,952.5,4.448,360.0,3.97,5527.00,0.8660,0.8410,4.488,0.028,0,22.70,1.0000
"K00908.01","Kepler-720 b","CONFIRMED","CANDIDATE",298.635650,44.170940,4.708326451,10.6,7912.7,3.16114,1162.0,431.02,5560.00,1.2100,0.9400,4.246,0.061,0,633.40,1.0000
"K00909.01",,"FALSE POSITIVE","FALSE POSITIVE",298.678620,44.175499,16.37198661,540.37,4147.6,3.8449,438.0,8.71,4187.00,0.5920,0.5800,4.656,9.303,0,54.50,0.0000
"K00910.01","Kepler-721 b","CONFIRMED","CANDIDATE",284.430510,44.480530,5.392026903,2.68,1151.4,2.9804,850.0,123.33,5198.00,0.8010,0.9150,4.589,0.314,0,77.40,1.0000
"K00911.01","Kepler-722 b","CONFIRMED","CANDIDATE",290.263280,44.556450,4.093578461,2.85,538.6,2.5833,1182.0,461.07,6077.00,0.9990,1.0770,4.471,0.93,0,36.40,1.0000
"K00911.02","Kepler-722 c","CONFIRMED","CANDIDATE",290.263280,44.556450,105.145959,3.43,685.4,8.593,401.0,6.09,6077.00,0.9990,1.0770,4.471,0.964,0,15.40,0.9990
"K00912.01","Kepler-252 c","CONFIRMED","CANDIDATE",295.579350,44.545959,10.8484518,2.34,1675.6,2.9993,499.0,14.66,4201.00,0.5910,0.6090,4.682,0.21,0,64.50,1.0000
"K00912.02","Kepler-252 b","CONFIRMED","CANDIDATE",295.579350,44.545959,6.66833241,1.18,362.3,1.915,587.0,28.06,4201.00,0.5910,0.6090,4.682,0.644,0,14.20,1.0000
"K00913.01","Kepler-723 b","CONFIRMED","CANDIDATE",284.830470,44.658138,4.082274889,10.55,17859.2,3.23015,1016.0,251.48,5655.00,0.7940,0.8860,4.581,0.093,0,1669.10,0.9970
"K00914.01",,"CANDIDATE","CANDIDATE",288.726650,44.607510,3.886655224,1.87,581.6,3.1646,1010.0,246.29,5662.00,0.7380,0.8130,4.610,0.649,0,48.10,1.0000
"K00915.01",,"FALSE POSITIVE","FALSE POSITIVE",282.306030,44.714661,37.601661282,27.22,59130.1,8.30604,606.0,31.86,6140.00,1.0960,0.9890,4.354,0.408,0,1667.30,0.0000
"K00916.01","Kepler-724 b","CONFIRMED","CANDIDATE",293.454830,44.792789,3.314947362,3.94,1398.2,1.8007,1155.0,421.03,5609.00,0.9440,0.9830,4.481,0.799,0,123.50,1.0000
"K00917.01",,"FALSE POSITIVE","FALSE POSITIVE",301.049560,44.706299,6.71969089,4.37,969.7,3.0231,952.0,194.18,5931.00,0.8660,0.8250,4.479,0.985,0,45.40,0.0000
"K00918.01","Kepler-725 b","CONFIRMED","CANDIDATE",283.977510,44.811562,39.6431552,10.98,15663.8,6.5292,472.0,11.74,5231.00,0.9000,0.8440,4.455,0.062,0,690.30,0.9960
"K00919.01",,"FALSE POSITIVE","FALSE POSITIVE",290.638980,44.806789,51.42598578,29.66,66067.7,16.9422,549.0,21.40,6257.00,1.1470,1.2330,4.410,0.203,0,1843.80,0.0000
"K00920.01","Kepler-726 b","CONFIRMED","CANDIDATE",291.717320,44.887310,21.80451611,2.6,1144.9,3.4097,543.0,20.48,5481.00,0.7080,0.8060,4.629,0.751,0,49.90,1.0000
"K00921.01","Kepler-253 c","CONFIRMED","CANDIDATE",291.841980,44.858089,10.28194593,2.53,1110.7,3.4366,680.0,50.60,5196.00,0.7750,0.8690,4.593,0.168,0,55.00,1.0000
"K00921.02","Kepler-253 d","CONFIRMED","CANDIDATE",291.841980,44.858089,18.11993039,2.95,1506.9,4.2309,563.0,23.77,5196.00,0.7750,0.8690,4.593,0.206,0,60.70,1.0000
"K00921.03","Kepler-253 b","CONFIRMED","CANDIDATE",291.841980,44.858089,3.78402867,1.7,426.1,1.9012,949.0,191.78,5196.00,0.7750,0.8690,4.593,0.691,0,25.60,1.0000
"K00922.01","Kepler-727 b","CONFIRMED","CANDIDATE",294.846890,45.034409,5.15448142,2.94,697.5,3.228,964.0,204.10,5431.00,0.8840,0.8160,4.457,0.933,0,48.10,1.0000
"K00923.01","Kepler-728 b","CONFIRMED","CANDIDATE",291.092350,45.115528,5.743469797,3.13,1240.2,3.4412,982.0,219.95,5897.00,0.8910,0.9830,4.531,0.001,0,79.70,1.0000
"K00924.01",,"CANDIDATE","CANDIDATE",291.208040,45.244389,39.4759093,4.06,1012.6,2.968,577.0,26.13,6225.00,1.0310,1.0910,4.450,0.938,0,26.60,1.0000
"K00925.01",,"FALSE POSITIVE","FALSE POSITIVE",289.727480,45.367661,19.974485239,26.56,40293.1,4.23479,700.0,56.84,6108.00,0.9970,1.0720,4.471,0.886,0,1398.80,0.0000
"K00926.01","Kepler-729 b","CONFIRMED","CANDIDATE",286.360110,45.414291,3.166353562,3.82,1473.4,3.3129,1273.0,621.92,6007.00,0.9980,1.0720,4.470,0.032,0,128.30,1.0000
"K00927.01",,"FALSE POSITIVE","FALSE POSITIVE",294.717680,45.485760,23.899634407,44.04,20953.1,3.81881,652.0,42.80,6192.00,0.9240,0.9910,4.503,1.245,0,547.80,0.0000
"K00928.01",,"CANDIDATE","CANDIDATE",284.759430,45.599129,2.494170338,2.42,863.7,1.1221,1194.0,480.19,5569.00,0.8290,0.9280,4.566,0.095,0,69.20,1.0000
"K00929.01","Kepler-730 b","CONFIRMED","CANDIDATE",285.554810,45.578861,6.491682808,9.66,7163.3,4.301,1062.0,301.54,6123.00,1.1070,1.1590,4.413,0.535,0,502.30,1.0000
"K00930.01",,"FALSE POSITIVE","FALSE POSITIVE",293.684940,45.516830,3.044770796,24.54,1695,10.0134,1076.0,317.36,5525.00,0.7530,0.8430,4.603,1.252,0,203.50,0.0000
"K00931.01","Kepler-731 b","CONFIRMED","CANDIDATE",296.393160,45.568562,3.855603916,13.61,16652.7,3.2179,1212.0,508.65,6033.00,1.0460,1.1530,4.460,0.348,0,1173.90,0.9990
"K00932.01",,"FALSE POSITIVE","FALSE POSITIVE",296.395420,45.569920,3.855599139,3.57,1030.9,3.183,1158.0,425.74,5936.00,0.9650,1.0750,4.501,0.864,0,90.10,0.0000
"K00933.01",,"FALSE POSITIVE","FALSE POSITIVE",297.788480,45.565418,3.187067566,23.88,1037.4,3.119,1079.0,319.76,5450.00,0.8110,0.8570,4.552,1.234,0,37.20,0.0000
"K00934.01","Kepler-254 b","CONFIRMED","CANDIDATE",288.164700,45.816509,5.826657508,4.09,1539.1,2.9183,1013.0,248.57,5561.00,1.0600,0.9430,4.362,0.033,0,81.10,1.0000
"K00934.02","Kepler-254 c","CONFIRMED","CANDIDATE",288.164700,45.816509,12.41216347,2.58,611.3,3.739,787.0,90.65,5561.00,1.0600,0.9430,4.362,0.021,0,25.60,0.9980
"K00934.03","Kepler-254 d","CONFIRMED","CANDIDATE",288.164700,45.816509,18.74649011,3.05,796.8,3.895,686.0,52.38,5561.00,1.0600,0.9430,4.362,0.508,0,26.70,1.0000
"K00935.01","Kepler-31 b","CONFIRMED","CANDIDATE",294.023010,45.853081,20.86021229,5.5,1910.5,5.1937,781.0,87.76,6035.00,1.2570,0.9580,4.220,0.066,0,117.00,1.0000
"K00935.02","Kepler-31 c","CONFIRMED","CANDIDATE",294.023010,45.853081,42.63427848,5.22,1719.3,6.1998,615.0,33.82,6035.00,1.2570,0.9580,4.220,0.142,0,78.70,1.0000
"K00935.03","Kepler-31 d","CONFIRMED","CANDIDATE",294.023010,45.853081,87.6476068,4,1009.6,8.871,484.0,12.94,6035.00,1.2570,0.9580,4.220,0.147,0,37.50,0.9730
"K00935.04",,"CANDIDATE","CANDIDATE",294.023010,45.853081,9.61731426,1.94,234,3.8692,1010.0,246.13,6035.00,1.2570,0.9580,4.220,0.331,0,18.20,0.9750
"K00936.01","Kepler-732 b","CONFIRMED","CANDIDATE",283.732030,45.958771,9.467821474,2.13,2237,2.4327,407.0,6.47,3582.00,0.4580,0.4910,4.807,0.081,0,124.70,0.9530
"K00936.02","Kepler-732 c","CONFIRMED","CANDIDATE",283.732030,45.958771,0.893040969,1.24,741.7,1.0981,893.0,151.14,3582.00,0.4580,0.4910,4.807,0.009,0,87.80,0.7040
"K00937.01","Kepler-733 b","CONFIRMED","CANDIDATE",293.018280,45.914688,20.83426731,2.74,988.4,4.0454,595.0,29.62,5537.00,0.8800,0.9990,4.549,0.256,0,45.10,1.0000
"K00938.01","Kepler-255 c","CONFIRMED","CANDIDATE",296.064240,45.976841,9.94602357,3.12,994.5,3.3862,807.0,100.34,5344.00,1.0130,0.8670,4.365,0.035,0,51.00,1.0000
"K00938.02","Kepler-255 d","CONFIRMED","CANDIDATE",296.064240,45.976841,1.04562195,1.45,213,1.8955,1710.0,2031.84,5344.00,1.0130,0.8670,4.365,0.037,0,25.30,0.9980
"K00938.03","Kepler-255 b","CONFIRMED","CANDIDATE",296.064240,45.976841,5.71462396,1.78,297.8,2.336,971.0,210.16,5344.00,1.0130,0.8670,4.365,0.503,0,16.70,0.9490
"K00939.01","Kepler-256 c","CONFIRMED","CANDIDATE",292.580440,46.097389,3.388012244,2.11,280.1,2.6849,1315.0,705.93,5553.00,1.2500,0.9490,4.221,0.433,0,30.60,1.0000
"K00939.02","Kepler-256 d","CONFIRMED","CANDIDATE",292.580440,46.097389,5.83909761,2.06,273.6,3.1915,1097.0,341.48,5553.00,1.2500,0.9490,4.221,0.341,0,25.20,1.0000
"K00939.03","Kepler-256 b","CONFIRMED","CANDIDATE",292.580440,46.097389,1.620467654,1.57,159.6,2.1888,1681.0,1893.42,5553.00,1.2500,0.9490,4.221,0.271,0,22.70,1.0000
"K00939.04","Kepler-256 e","CONFIRMED","CANDIDATE",292.580440,46.097389,10.6816951,2.3,307.8,3.605,897.0,152.75,5553.00,1.2500,0.9490,4.221,0.646,0,21.90,1.0000
"K00940.01","Kepler-734 b","CONFIRMED","CANDIDATE",297.045620,46.027359,6.104849417,3.18,2090.3,4.6912,784.0,89.25,5085.00,0.7120,0.7100,4.584,0.041,0,293.70,1.0000
"K00941.01","Kepler-257 c","CONFIRMED","CANDIDATE",297.315980,46.023258,6.581477136,4.56,2318.9,3.0896,881.0,142.63,5188.00,0.9730,0.8680,4.400,0.137,0,116.20,1.0000
"K00941.02","Kepler-257 b","CONFIRMED","CANDIDATE",297.315980,46.023258,2.382652873,2.74,705.4,1.8888,1237.0,553.53,5188.00,0.9730,0.8680,4.400,0.682,0,45.50,1.0000
"K00941.03","Kepler-257 d","CONFIRMED","CANDIDATE",297.315980,46.023258,24.66461416,5.34,2398.8,2.8579,567.0,24.53,5188.00,0.9730,0.8680,4.400,0.8,0,56.70,1.0000
"K00942.01","Kepler-735 b","CONFIRMED","CANDIDATE",284.688870,46.172249,11.51517167,2.9,1357.4,2.006,657.0,43.96,5177.00,0.7980,0.9100,4.590,0.311,0,53.20,1.0000
"K00943.01","Kepler-736 b","CONFIRMED","CANDIDATE",285.391330,46.180939,3.601465336,2.31,777.7,2.2753,996.0,232.65,5052.00,0.8550,0.8050,4.480,0.021,0,50.70,1.0000
"K00944.01",,"FALSE POSITIVE","FALSE POSITIVE",294.799740,46.207569,3.108251172,4.43,1867.7,2.5048,1096.0,340.69,5330.00,0.8470,0.8190,4.495,0.9,0,156.50,1.0000
"K00945.01","Kepler-1666 b","CONFIRMED","CANDIDATE",297.951600,46.264721,25.8474958,2.4,537.4,5.985,672.0,48.23,6297.00,1.0310,1.0840,4.448,0.054,0,27.30,1.0000
"K00945.02","Kepler-1666 c","CONFIRMED","CANDIDATE",297.951600,46.264721,40.715561,2.7,680.9,6.894,578.0,26.34,6297.00,1.0310,1.0840,4.448,0.008,0,28.90,0.9990
"K00946.01",,"FALSE POSITIVE","FALSE POSITIVE",296.659150,46.382172,20.42720701,4.42,1273,3.447,674.0,48.72,6014.00,0.9580,1.0430,4.494,0.956,0,36.70,0.0000
"K00947.01","Kepler-737 b","CONFIRMED","CANDIDATE",291.862850,46.429260,28.59914031,1.83,1585.1,3.6567,298.0,1.87,3755.00,0.4610,0.4700,4.781,0.009,0,53.80,1.0000
"K00948.01","Kepler-738 b","CONFIRMED","CANDIDATE",287.569670,46.567860,24.58716355,2.37,907.5,3.984,530.0,18.72,5474.00,0.7490,0.8310,4.605,0.648,0,35.60,1.0000
"K00949.01","Kepler-739 b","CONFIRMED","CANDIDATE",290.067990,46.579140,12.53248222,3.24,1145.9,4.0168,775.0,85.15,5997.00,0.9040,0.9910,4.522,0.668,0,66.70,1.0000
"K00950.01",,"CANDIDATE","CANDIDATE",292.657040,46.537338,31.201692472,8.31,34513.7,2.15663,286.0,1.59,3748.00,0.4490,0.4610,4.796,0.001,0,607.40,0.9930
"K00951.01","Kepler-258 b","CONFIRMED","CANDIDATE",294.068480,46.579330,13.19720694,4.18,2141.4,3.4872,642.0,40.03,4954.00,0.8850,0.8270,4.462,0.568,0,116.20,1.0000
"K00951.02","Kepler-258 c","CONFIRMED","CANDIDATE",294.068480,46.579330,33.6528474,3.05,1140.8,3.9616,470.0,11.50,4954.00,0.8850,0.8270,4.462,0.567,0,41.90,0.9820
"K00952.01","Kepler-32 b","CONFIRMED","CANDIDATE",297.842410,46.574268,5.90127815,1.94,1525.2,2.1979,514.0,16.54,3731.00,0.4980,0.5090,4.750,0.03,0,56.60,1.0000
"K00952.02","Kepler-32 c","CONFIRMED","CANDIDATE",297.842410,46.574268,8.75209691,1.83,1367.6,2.3742,451.0,9.76,3731.00,0.4980,0.5090,4.750,0.017,0,44.80,1.0000
"K00952.03","Kepler-32 d","CONFIRMED","CANDIDATE",297.842410,46.574268,22.78078241,2.17,1925.1,3.3002,328.0,2.73,3731.00,0.4980,0.5090,4.750,0.008,0,46.40,1.0000
"K00952.04","Kepler-32 e","CONFIRMED","CANDIDATE",297.842410,46.574268,2.896005211,1.23,614.1,1.6776,652.0,42.53,3731.00,0.4980,0.5090,4.750,0.082,0,28.60,0.9680
"K00952.05","Kepler-32 f","CONFIRMED","CANDIDATE",297.842410,46.574268,0.742957911,1.47,843.3,0.6688,1026.0,262.51,3731.00,0.4980,0.5090,4.750,0.162,0,45.30,0.9960
"K00953.01","Kepler-740 b","CONFIRMED","CANDIDATE",286.482270,46.692451,3.584101048,4.66,2608.1,2.7316,1131.0,386.66,5739.00,0.9220,1.0210,4.518,0.045,0,166.30,1.0000
"K00954.01","Kepler-259 b","CONFIRMED","CANDIDATE",288.211940,46.615002,8.11528727,3.1,834.9,3.211,879.0,140.92,5926.00,0.8870,0.9780,4.532,0.916,0,59.10,1.0000
"K00954.02","Kepler-259 c","CONFIRMED","CANDIDATE",288.211940,46.615002,36.9250409,3.01,902,4.9381,530.0,18.70,5926.00,0.8870,0.9780,4.532,0.838,0,39.30,1.0000
"K00955.01","Kepler-741 b","CONFIRMED","CANDIDATE",289.431700,46.617531,7.03902016,2.45,529.8,3.8633,1051.0,288.92,6321.00,1.0580,1.1080,4.434,0.015,0,54.30,1.0000
"K00956.01","Kepler-742 b","CONFIRMED","CANDIDATE",283.866030,46.789589,8.360870704,3.67,2039.7,2.7144,690.0,53.68,4743.00,0.8100,0.7860,4.516,0.494,0,120.90,1.0000
"K00957.01",,"FALSE POSITIVE","FALSE POSITIVE",282.353240,43.335129,3.14051153,31.01,1444.4,8.2806,1306.0,689.48,6108.00,0.9740,0.9590,4.443,1.251,0,139.50,0.0000
"K00958.01","Kepler-1731 b","CONFIRMED","CANDIDATE",291.254490,36.743610,21.76129812,2.53,1300.7,1.243,486.0,13.18,4859.00,0.7200,0.7810,4.612,0.123,0,60.00,1.0000
"K00959.01",,"FALSE POSITIVE","FALSE POSITIVE",287.559720,46.957085,12.713794177,2.31,36718.7,2.44093,181.0,0.26,2661.00,0.1160,0.0940,5.283,0.485,0,2981.30,0.7290
"K00960.01",,"FALSE POSITIVE","FALSE POSITIVE",295.470670,44.010738,15.801100028,15.61,37545,6.37505,614.0,33.60,5383.00,0.7890,0.8850,4.587,0.512,0,1642.20,0.0000
"K00961.01","Kepler-42 b","CONFIRMED","CANDIDATE",292.219060,44.619160,1.213770423,0.78,1821,0.5532,525.0,18.03,3292.00,0.1480,0.1320,5.215,0.83,0,111.40,1.0000
"K00961.02","Kepler-42 c","CONFIRMED","CANDIDATE",292.219060,44.619160,0.453287416,0.76,1461.5,0.4445,729.0,66.14,3292.00,0.1480,0.1320,5.215,0.81,0,150.40,0.0000
"K00961.03","Kepler-42 d","CONFIRMED","CANDIDATE",292.219060,44.619160,1.865114193,0.66,1124.8,0.4279,455.0,10.10,3292.00,0.1480,0.1320,5.215,0.785,0,56.90,1.0000
"K00964.01",,"FALSE POSITIVE","FALSE POSITIVE",288.499480,47.996471,3.273699006,22.36,6862.8,3.07626,3060.0,20728.79,10816.00,2.4930,2.7600,4.086,0.733,0,1293.10,0.0000
"K00965.01",,"FALSE POSITIVE","FALSE POSITIVE",290.115690,38.404190,7.047103499,51.86,71318,3.3208,955.0,196.62,5730.00,1.0350,1.0180,4.417,1.047,0,274.90,0.0000
"K00966.01",,"FALSE POSITIVE","FALSE POSITIVE",290.911190,38.335579,0.379463865,59.56,1973.3,0.86896,3000.0,19256.81,5075.00,1.7830,0.9050,3.892,1.246,0,458.60,0.0000
"K00967.01",,"FALSE POSITIVE","FALSE POSITIVE",281.669160,42.038639,9.88047978,23.6,18541,2.78458,860.0,129.45,6113.00,0.9170,0.9970,4.512,1.02,0,534.50,0.0000
"K00968.01",,"FALSE POSITIVE","FALSE POSITIVE",295.266820,38.611240,4.6484156,5.06,128.4,38.1939,2259.0,6152.88,6980.00,3.4820,1.6710,3.577,0.968,0,91.70,0.0000
"K00969.01",,"FALSE POSITIVE","FALSE POSITIVE",287.616330,39.127239,17.512014768,13.66,4511.7,1.8248,804.0,98.77,6224.00,1.1320,0.9980,4.330,0.994,0,322.30,0.0000
"K00970.01",,"CANDIDATE","CANDIDATE",289.093230,49.424484,3.9886021,34.39,673.5,1.7376,3145.0,23135.72,4813.00,13.6520,2.0160,2.472,0.06,0,37.10,0.0000
"K00971.01",,"CANDIDATE","CANDIDATE",286.019200,48.866741,0.533059312,133.56,1495.8,1.8621,5862.0,277887.70,8523.00,4.0510,2.1660,3.559,1.263,0,179.60,1.0000
"K00972.01",,"CONFIRMED","CANDIDATE",282.000310,48.542221,13.118962443,8.25,372.2,4.3045,1768.0,2310.43,7221.00,4.2400,2.0180,3.488,0.042,0,267.40,0.6320
"K00972.02",,"CANDIDATE","CANDIDATE",282.000310,48.542221,7.82187328,2.78,42.2,3.8417,2101.0,4601.71,7221.00,4.2400,2.0180,3.488,0.005,0,37.20,0.0000
"K00974.01",,"CANDIDATE","CANDIDATE",295.802670,45.988079,53.5057611,2.52,195.6,10.5616,675.0,49.16,6247.00,1.7620,1.1740,4.016,0.46,0,71.20,0.9990
"K00975.01","Kepler-21 b","CONFIRMED","CANDIDATE",287.361820,38.714016,2.785821236,1.69,68.9,3.5599,1784.0,2388.98,6202.00,1.7330,1.1620,4.026,0.893,0,53.60,1.0000
"K00976.01",,"FALSE POSITIVE","FALSE POSITIVE",290.944370,38.538868,52.56901867,78.54,26900,6.7507,737.0,69.62,7240.00,1.7170,1.6200,4.178,1.197,0,184.30,0.0000
"K00977.01",,"FALSE POSITIVE","FALSE POSITIVE",292.719640,48.852016,1.353771892,430.99,1349.1,7.012,4903.0,136609.48,4283.00,15.7600,0.9310,2.012,1.203,0,76.70,1.0000
"K00978.01",,"FALSE POSITIVE","FALSE POSITIVE",284.026790,49.415428,18.95491633,71.39,867.5,24.249,1139.0,397.48,6362.00,2.5340,1.3520,3.761,1.228,0,249.30,0.0000
"K00979.01",,"FALSE POSITIVE","FALSE POSITIVE",298.804110,40.843563,4.348866254,2436.69,625.6,3.2797,6421.0,401588.95,3598.00,101.4510,1.6790,0.650,1.187,0,56.30,0.0000
"K00980.01",,"FALSE POSITIVE","FALSE POSITIVE",295.598720,50.720669,47.93094546,68.02,2144.4,2.6897,905.0,158.41,8214.00,1.9380,1.7370,4.104,1.272,0,221.10,0.0000
"K00981.01",,"FALSE POSITIVE","FALSE POSITIVE",283.736420,44.713310,3.99751422,2.98,32.8,3.686,2203.0,5563.95,5066.00,5.3240,1.3720,3.122,0.0303,0,6.10,
"K00982.01",,"FALSE POSITIVE","FALSE POSITIVE",291.761960,37.098640,1.592633181,1.56,633.1,5.5605,1053.0,290.51,4506.00,0.6510,0.6540,4.626,0.003,0,66.90,0.0000
"K00983.01",,"FALSE POSITIVE","FALSE POSITIVE",289.874110,49.685490,7.1548608,7.41,780.4,7.694,1482.0,1141.57,7443.00,1.7390,1.6160,4.166,0.9848,0,24.20,
"K00984.01","Kepler-1973 b","CONFIRMED","CANDIDATE",291.048800,36.839882,4.28746668,2.29,790.1,1.5693,942.0,186.31,5296.00,0.8150,0.9110,4.576,0.374,0,19.40,0.7110
"K00985.01",,"FALSE POSITIVE","FALSE POSITIVE",298.447750,47.264999,2.002779769,1.42,260.5,2.231,1311.0,696.40,5346.00,0.8920,0.7990,4.440,0.242,0,22.20,0.0000
"K00986.01","Kepler-260 b","CONFIRMED","CANDIDATE",291.925960,38.014118,8.18739443,1.92,517.6,3.0472,782.0,88.36,5251.00,0.8490,0.8210,4.494,0.377,0,38.40,1.0000
"K00986.02","Kepler-260 c","CONFIRMED","CANDIDATE",291.925960,38.014118,76.0498163,1.75,445.9,7.158,372.0,4.53,5251.00,0.8490,0.8210,4.494,0.015,0,17.40,0.8810
"K00987.01","Kepler-743 b","CONFIRMED","CANDIDATE",295.574160,42.806438,3.179267286,1.21,200.9,1.0246,1101.0,347.01,5511.00,0.8570,0.9600,4.554,0.171,0,41.00,1.0000
"K00988.01","Kepler-261 b","CONFIRMED","CANDIDATE",291.364780,37.609169,10.38122447,2.18,801.5,2.715,672.0,48.37,5095.00,0.7800,0.8160,4.566,0.319,0,41.90,1.0000
"K00988.02","Kepler-261 c","CONFIRMED","CANDIDATE",291.364780,37.609169,24.5709023,2.82,764.2,3.587,505.0,15.33,5095.00,0.7800,0.8160,4.566,0.945,0,26.30,1.0000
"K00989.01",,"FALSE POSITIVE","FALSE POSITIVE",296.382290,48.045311,81.221876,16.59,9883,4.1135,385.0,5.20,5619.00,0.8740,0.9560,4.536,1.01,0,63.00,
"K00989.02",,"FALSE POSITIVE","FALSE POSITIVE",296.382290,48.045311,0.817026268,2.92,1145.5,2.0799,1784.0,2386.13,5619.00,0.8740,0.9560,4.536,0.01,0,121.10,0.0000
"K00989.03",,"CANDIDATE","CANDIDATE",296.382290,48.045311,16.15811112,86.13,2319.8,6.049,660.0,44.83,5619.00,0.8740,0.9560,4.536,1.8572,0,52.80,
"K00990.01",,"FALSE POSITIVE","FALSE POSITIVE",293.473630,46.970402,67.69213907,175.98,25457.2,51.349,1173.0,448.21,5355.00,10.7030,2.3720,2.754,0.5581,0,1328.20,
"K00991.01","Kepler-744 b","CONFIRMED","CANDIDATE",296.496120,47.182861,12.06222962,1.62,300.2,2.0584,750.0,74.80,5547.00,0.9330,0.8970,4.451,0.392,0,32.40,0.9990
"K00992.01","Kepler-745 b","CONFIRMED","CANDIDATE",291.499420,37.059280,9.93146307,2.41,398.6,5.678,931.0,177.83,5782.00,1.2200,1.0350,4.280,0.037,0,26.20,0.8480
"K00993.01","Kepler-262 c","CONFIRMED","CANDIDATE",290.728670,37.252651,21.85362905,1.75,355.6,3.439,618.0,34.57,5830.00,0.8760,0.9700,4.540,0.676,0,23.00,1.0000
"K00993.02","Kepler-262 b","CONFIRMED","CANDIDATE",290.728670,37.252651,13.0607936,1.45,236.6,3.215,734.0,68.66,5830.00,0.8760,0.9700,4.540,0.718,0,19.40,1.0000
"K00994.01",,"CANDIDATE","CANDIDATE",291.142490,37.061321,4.2989201,2.12,237.6,2.747,1046.0,283.62,5300.00,0.9860,0.8610,4.385,0.972,0,20.00,0.9900
"K00995.01",,"FALSE POSITIVE","FALSE POSITIVE",293.710750,38.983608,25.9518461,22.32,1058.5,14.581,521.0,17.37,5372.00,0.7960,0.8920,4.584,1.22,0,65.80,0.0000
"K00996.01",,"FALSE POSITIVE","FALSE POSITIVE",293.676570,38.991379,25.9518536,24.6,2017.9,14.755,494.0,14.09,5198.00,0.7420,0.8130,4.604,1.25,0,79.40,0.0000
"K00997.01",,"FALSE POSITIVE","FALSE POSITIVE",290.778630,37.564079,5.68628739,4.5,5559.7,17.573,1059.0,297.81,6052.00,0.9560,0.9230,4.442,0.8548,0,414.40,
"K00998.01",,"FALSE POSITIVE","FALSE POSITIVE",291.382690,37.072990,161.78832712,36.14,87750,5.31,375.0,4.68,6018.00,1.2120,1.1420,4.327,0.267,0,704.50,0.0000
"K00999.01","Kepler-263 b","CONFIRMED","CANDIDATE",292.469760,37.567791,16.56806842,2.54,1331.4,4.2647,548.0,21.27,4987.00,0.7160,0.7490,4.602,0.164,0,41.90,1.0000
"K00999.02","Kepler-263 c","CONFIRMED","CANDIDATE",292.469760,37.567791,47.3329299,2.18,931.5,2.708,386.0,5.25,4987.00,0.7160,0.7490,4.602,0.43,0,14.00,1.0000
"K01000.01",,"FALSE POSITIVE","FALSE POSITIVE",291.074460,37.744389,0.856895349,0.82,82.2,1.3078,1881.0,2960.82,6021.00,0.8730,0.9580,4.537,0.554,0,33.10,0.0000
"K01001.01","Kepler-264 b","CONFIRMED","CANDIDATE",292.044620,37.376240,40.8065333,3.71,313.9,13.135,772.0,83.75,6207.00,2.0970,1.4720,3.963,0.016,0,54.80,0.9760
"K01001.02","Kepler-264 c","CONFIRMED","CANDIDATE",292.044620,37.376240,140.10765,3.42,266.8,18.503,511.0,16.17,6207.00,2.0970,1.4720,3.963,0.019,0,29.00,0.9910
"K01002.01","Kepler-746 b","CONFIRMED","CANDIDATE",290.682250,37.355110,3.4815917,1.17,135.2,1.8069,1156.0,421.61,5405.00,1.0220,0.9020,4.374,0.076,0,23.40,0.9980
"K01003.01",,"FALSE POSITIVE","FALSE POSITIVE",290.327910,37.726742,8.360616221,40.35,28066.3,7.5385,1263.0,601.60,5463.00,2.4450,1.3430,3.790,0.21,0,425.60,0.0460
"K01004.01",,"FALSE POSITIVE","FALSE POSITIVE",292.899350,37.656059,1.838514968,4.86,2721.7,2.7391,1426.0,974.10,5751.00,0.9400,1.0380,4.508,0.045,0,63.70,0.0000
"K01005.01","Kepler-747 b","CONFIRMED","CANDIDATE",288.416500,41.029800,35.61760233,5.17,4634.9,8.4559,456.0,10.19,5123.00,0.7790,0.7370,4.523,0.009,0,155.00,1.0000
"K01006.01",,"FALSE POSITIVE","FALSE POSITIVE",299.650940,40.973282,30.6113932,19.68,3472,3.576,317.0,2.38,3900.00,0.5340,0.5550,4.727,1.264,0,37.50,0.0000
"K01007.01","Kepler-748 b","CONFIRMED","CANDIDATE",292.262910,37.236992,7.40742502,2.01,442,3.675,938.0,183.15,5922.00,0.9610,1.0020,4.474,0.03,0,23.10,1.0000
"K01008.01",,"FALSE POSITIVE","FALSE POSITIVE",291.696720,37.238041,569.934135,38.98,18904,4.1904,296.0,1.81,5367.00,2.0570,0.9350,3.783,0.919,0,66.70,0.0000
"K01009.01",,"FALSE POSITIVE","FALSE POSITIVE",291.153380,36.678841,5.09246539,1.17,254,3.659,844.0,119.70,5037.00,0.7510,0.7270,4.547,0.161,0,17.10,0.0000
"K01010.01",,"FALSE POSITIVE","FALSE POSITIVE",291.354030,36.784519,110.61576622,,,5,,,,,,,,,,
"K01011.01",,"FALSE POSITIVE","FALSE POSITIVE",297.620270,40.943089,6.198273591,19.81,47302.6,7.53837,985.0,222.23,6038.00,0.8980,0.9820,4.524,0.343,0,2561.10,0.0000
"K01012.01",,"FALSE POSITIVE","FALSE POSITIVE",300.455750,43.934349,1.023471798,3.78,861.4,2.3499,1727.0,2103.09,5741.00,0.8930,0.9010,4.491,0.974,0,63.00,0.0000
"K01013.01",,"FALSE POSITIVE","FALSE POSITIVE",293.385560,41.349819,0.51872711,19.07,714.1,1.252,1965.0,3537.27,5572.00,0.7620,0.8530,4.597,1.199,0,93.30,0.0000
"K01014.01","Kepler-749 b","CONFIRMED","CANDIDATE",299.897220,43.903912,17.31711739,2.04,1473,3.1518,454.0,10.07,4719.00,0.5020,0.5200,4.753,0.684,0,35.90,0.9950
"K01015.01","Kepler-750 b","CONFIRMED","CANDIDATE",289.096890,44.004379,9.42889884,4.39,565.4,4.4481,1163.0,432.90,5897.00,1.8600,1.2040,3.980,0.011,0,50.40,1.0000
"K01015.02","Kepler-750 c","CONFIRMED","CANDIDATE",289.096890,44.004379,4.08897299,2.36,157.9,3.585,1537.0,1317.96,5897.00,1.8600,1.2040,3.980,0.374,0,19.00,0.9890
"K01016.01",,"FALSE POSITIVE","FALSE POSITIVE",295.472200,44.077381,2.866680334,2.93,712.4,1.1264,1045.0,282.64,5238.00,0.7640,0.8540,4.598,0.968,0,43.00,0.0000
"K01017.01","Kepler-751 b","CONFIRMED","CANDIDATE",294.843840,44.077679,17.44486016,3.24,826.9,4.445,679.0,50.32,5568.00,0.9660,0.8820,4.413,0.871,0,46.00,1.0000
"K01018.01",,"FALSE POSITIVE","FALSE POSITIVE",297.493320,44.051868,8.30697421,37.99,158.7,2.76,1246.0,570.93,5300.00,2.1240,0.8040,3.690,1.151,0,17.40,0.0000
"K01019.01",,"FALSE POSITIVE","FALSE POSITIVE",296.481870,44.009151,2.49705175,,,3.79,,,,,,,,,,
"K01020.01",,"FALSE POSITIVE","FALSE POSITIVE",292.930850,37.606640,54.35635067,38.81,10510.4,6.4345,566.0,24.18,6161.00,1.2550,1.0950,4.281,1.142,0,628.10,0.0000
"K01021.01",,"FALSE POSITIVE","FALSE POSITIVE",287.133880,37.839260,0.54624855,18.93,639.7,2.0543,1837.0,2677.36,5414.00,0.7140,0.7920,4.625,1.215,0,42.90,0.0000
"K01022.01","Kepler-752 b","CONFIRMED","CANDIDATE",292.268130,37.955639,18.82744023,2.7,1006.2,4.664,632.0,37.82,5687.00,0.8600,0.9300,4.538,0.025,0,29.50,1.0000
"K01023.01",,"FALSE POSITIVE","FALSE POSITIVE",291.853820,37.741920,8.4120069,1.71,819.6,3.923,590.0,28.69,4502.00,0.6210,0.6620,4.668,0.022,0,39.70,0.0000
"K01024.01","Kepler-753 b","CONFIRMED","CANDIDATE",291.903260,37.902290,5.747711909,1.86,820.1,1.8923,641.0,40.07,4252.00,0.6320,0.6370,4.640,0.575,0,51.70,1.0000
"K01025.01",,"FALSE POSITIVE","FALSE POSITIVE",291.108460,37.857792,37.4783492,10.05,1467.9,5.317,262.0,1.12,3687.00,0.4400,0.4590,4.813,1.161,0,18.30,0.0000
"K01028.01",,"FALSE POSITIVE","FALSE POSITIVE",292.736270,37.560341,8.09695764,34,283.5,3.319,1197.0,484.58,5949.00,1.7070,1.1220,4.024,1.165,0,35.40,0.0000
"K01029.01","Kepler-1732 b","CONFIRMED","CANDIDATE",292.290990,37.580799,32.3122867,4.84,677.8,6.569,699.0,56.49,5821.00,1.4940,1.0430,4.108,0.934,0,33.60,1.0000
"K01030.01","Kepler-1733 b","CONFIRMED","CANDIDATE",291.138490,37.859299,9.22961384,2.79,492.1,2.235,1021.0,257.11,6320.00,1.2520,1.2730,4.347,0.067,0,19.30,0.9970
"K01031.01","Kepler-754 b","CONFIRMED","CANDIDATE",293.254120,37.846191,14.5598556,1.64,290.6,5.624,758.0,78.26,5959.00,0.9660,0.9830,4.460,0.026,0,15.60,0.8850
"K01032.01",,"CANDIDATE","CANDIDATE",291.977540,37.532551,1500.1406772,18.35,4129.9,25.727,206.0,0.42,5009.00,2.2830,1.0830,3.755,0.9131,0,83.30,
"K01034.01",,"FALSE POSITIVE","FALSE POSITIVE",297.829560,41.141949,1.739428983,268.65,5897.4,2.4894,1268.0,612.49,5415.00,0.7420,0.8060,4.603,4.246,0,130.00,0.0000
"K01035.01",,"FALSE POSITIVE","FALSE POSITIVE",292.764340,41.275280,1.217266418,14.49,5811.5,3.3208,2378.0,7548.29,6631.00,1.6380,1.3660,4.145,0.878,0,603.40,0.0000
"K01036.01",,"FALSE POSITIVE","FALSE POSITIVE",297.525450,41.261841,19.563092517,23.76,12992.2,6.9547,965.0,205.39,6208.00,1.8310,1.1120,3.959,0.842,0,2477.00,0.0000
"K01037.01",,"FALSE POSITIVE","FALSE POSITIVE",291.983370,41.555111,3.7228551,5.67,2969.2,12.8164,1118.0,368.33,5873.00,0.8630,0.9540,4.547,0.911,0,294.80,0.0000
"K01038.01",,"FALSE POSITIVE","FALSE POSITIVE",299.260380,41.420231,0.530300102,35.73,3040,2.8502,2410.0,7972.18,6184.00,1.0380,1.1000,4.448,1.2507,0,207.40,
"K01039.01",,"FALSE POSITIVE","FALSE POSITIVE",295.160490,41.079300,1.073917869,33.01,1926.6,2.4305,1794.0,2450.63,5962.00,0.9590,1.0110,4.479,1.266,0,137.50,0.0000
"K01040.01",,"FALSE POSITIVE","FALSE POSITIVE",298.474240,41.075890,4.206096814,32.66,1298.1,10.7381,1252.0,581.11,6306.00,1.0760,1.1260,4.426,1.239,0,149.30,0.0000
"K01041.01",,"FALSE POSITIVE","FALSE POSITIVE",297.528630,41.259911,19.56313723,9.73,5536,6.8575,706.0,58.71,5766.00,1.0770,0.9520,4.352,0.908,0,157.80,0.0000
"K01042.01",,"FALSE POSITIVE","FALSE POSITIVE",298.338930,41.073479,2.227718792,8.88,1039,4.9699,1400.0,906.46,6038.00,0.9220,1.0000,4.508,1.04,0,124.30,0.0000
"K01043.01",,"FALSE POSITIVE","FALSE POSITIVE",298.200350,41.011688,0.591914504,27.21,1057.7,1.0225,1646.0,1746.78,5122.00,0.6550,0.7130,4.659,1.344,0,56.30,0.0000
"K01044.01",,"FALSE POSITIVE","FALSE POSITIVE",295.098660,41.007038,0.525154153,23.61,747.5,2.1441,2073.0,4391.51,5582.00,0.8460,0.8190,4.497,1.226,0,116.10,0.0000
"K01045.01",,"FALSE POSITIVE","FALSE POSITIVE",298.135890,41.332062,1.303861044,27.85,598.2,4.0541,1610.0,1595.19,5758.00,0.9020,0.8870,4.475,1.258,0,140.60,0.0000
"K01046.01",,"FALSE POSITIVE","FALSE POSITIVE",293.287990,41.560455,0.73452496,,,6.7,,,,,,,,,,
"K01047.01",,"FALSE POSITIVE","FALSE POSITIVE",298.773250,41.214729,2.55549176,23.35,113.8,9.083,1312.0,701.68,5948.00,0.9010,0.9540,4.508,1.228,0,24.30,0.0000
"K01048.01",,"FALSE POSITIVE","FALSE POSITIVE",298.991700,41.074989,3.411758679,14.71,570.6,3.158,684.0,51.85,3995.00,0.5610,0.5820,4.710,1.213,0,35.60,0.0000
"K01049.01",,"FALSE POSITIVE","FALSE POSITIVE",291.821810,41.112690,0.525426427,1.45,324.6,1.0801,2069.0,4349.62,5791.00,0.8020,0.8890,4.575,0.113,0,63.60,0.0000
"K01050.01","Kepler-755 b","CONFIRMED","CANDIDATE",296.860990,41.097340,1.269091415,1.41,340.9,1.4647,1331.0,740.47,5041.00,0.7660,0.8070,4.576,0.412,0,73.50,1.0000
"K01050.02","Kepler-755 c","CONFIRMED","CANDIDATE",296.860990,41.097340,2.853133997,1.36,277.1,1.465,1016.0,251.77,5041.00,0.7660,0.8070,4.576,0.698,0,39.70,1.0000
"K01051.01","Kepler-1734 b","CONFIRMED","CANDIDATE",294.163210,41.451801,6.79685353,2.01,393.1,3.1702,985.0,222.91,6061.00,0.9700,1.0500,4.486,0.62,0,29.80,1.0000
"K01052.01","Kepler-265 c","CONFIRMED","CANDIDATE",290.510470,41.244820,17.02902786,2.54,568.9,4.645,755.0,76.66,5839.00,1.0670,0.8810,4.327,0.202,0,29.80,1.0000
"K01052.02","Kepler-265 b","CONFIRMED","CANDIDATE",290.510470,41.244820,6.84619236,1.67,246.8,3.529,1022.0,258.41,5839.00,1.0670,0.8810,4.327,0.077,0,17.70,0.9450
"K01052.03","Kepler-265 e","CONFIRMED","CANDIDATE",290.510470,41.244820,67.8321638,2.39,507.8,7.358,476.0,12.14,5839.00,1.0670,0.8810,4.327,0.027,0,15.50,0.7650
"K01052.04","Kepler-265 d","CONFIRMED","CANDIDATE",290.510470,41.244820,43.1312147,2.39,447.8,3.198,554.0,22.21,5839.00,1.0670,0.8810,4.327,0.67,0,11.80,0.8150
"K01053.01","Kepler-756 b","CONFIRMED","CANDIDATE",290.607940,41.201092,1.224866441,1.54,196,1.7086,1741.0,2174.33,5553.00,1.1070,0.9330,4.320,0.286,0,21.10,0.9990
"K01054.01",,"FALSE POSITIVE","FALSE POSITIVE",288.682590,41.307320,3.3226948,15.33,78.7,3.568,3859.0,52428.30,5234.00,16.9590,2.6980,2.410,0.4722,0,8.60,
"K01055.01",,"FALSE POSITIVE","FALSE POSITIVE",288.442870,41.172180,36.97708808,38.6,1269.9,4.737,602.0,31.08,5589.00,1.2390,0.8730,4.193,1.246,0,59.20,0.0000
"K01056.01",,"FALSE POSITIVE","FALSE POSITIVE",293.273500,41.257690,1.851409163,20.42,232.5,10.232,2154.0,5090.14,7117.00,1.4690,1.1800,4.176,1.1117,0,54.40,
"K01057.01",,"FALSE POSITIVE","FALSE POSITIVE",298.137940,41.334358,1.303859704,0.98,36.7,2.8239,2393.0,7759.20,6802.00,1.5210,1.0690,4.103,0.674,0,34.70,0.0000
"K01058.01",,"FALSE POSITIVE","FALSE POSITIVE",292.261810,41.442554,5.670155713,5.85,536.7,0.9361,341.0,3.21,3337.00,0.1830,0.1640,5.126,1.267,0,37.30,1.0000
"K01059.01","Kepler-757 b","CONFIRMED","CANDIDATE",296.680450,41.386520,1.022678654,1.14,129.2,1.3712,1734.0,2138.47,5366.00,1.0200,0.8750,4.363,0.019,0,21.60,1.0000
"K01060.01","Kepler-758 b","CONFIRMED","CANDIDATE",293.084630,41.135441,12.10968709,2.98,284.7,6.3461,1005.0,240.80,6021.00,1.4580,0.9600,4.093,0.924,0,33.40,1.0000
"K01060.02","Kepler-758 c","CONFIRMED","CANDIDATE",293.084630,41.135441,4.75796103,1.7,124.5,4.66,1372.0,835.65,6021.00,1.4580,0.9600,4.093,0.621,0,20.90,0.7580
"K01060.03","Kepler-758 d","CONFIRMED","CANDIDATE",293.084630,41.135441,20.4972755,2.96,242.9,8.536,843.0,119.42,6021.00,1.4580,0.9600,4.093,0.966,0,22.80,1.0000
"K01060.04","Kepler-758 e","CONFIRMED","CANDIDATE",293.084630,41.135441,8.19345065,1.74,115.4,5.234,1144.0,405.75,6021.00,1.4580,0.9600,4.093,0.815,0,15.70,0.8840
"K01061.01","Kepler-759 b","CONFIRMED","CANDIDATE",290.131500,41.381500,41.8059544,2.02,434.4,6.057,533.0,19.02,5907.00,0.9730,0.9610,4.445,0.029,0,28.30,1.0000
"K01062.01",,"FALSE POSITIVE","FALSE POSITIVE",297.981230,41.444870,15.45158184,2.02,85.3,2.406,1285.0,643.83,7839.00,2.0690,1.8780,4.080,0.636,0,21.00,0.0000
"K01063.01",,"FALSE POSITIVE","FALSE POSITIVE",299.020900,44.172760,89.698168533,102.08,273106,5.5418,554.0,22.33,6214.00,1.5830,0.9590,4.021,0.684,0,3420.30,0.0000
"K01064.01",,"FALSE POSITIVE","FALSE POSITIVE",285.063350,44.167885,1.187352427,67.35,20703,4.999,2251.0,6067.30,6424.00,1.4890,1.2430,4.186,1.222,0,717.40,0.5570
"K01065.01",,"FALSE POSITIVE","FALSE POSITIVE",295.039250,44.191059,4.020628573,16.94,20901,4.4085,1232.0,543.92,6210.00,1.0330,1.0930,4.450,0.827,0,282.60,0.0080
"K01066.01",,"CANDIDATE","CANDIDATE",299.786320,44.169540,5.714817603,9.29,12294.8,3.14126,943.0,187.27,5695.00,0.8420,0.8690,4.526,0.096,0,537.70,1.0000
"K01067.01",,"FALSE POSITIVE","FALSE POSITIVE",296.309420,44.165741,185.02288222,49.82,43546.7,4.87326,379.0,4.89,6025.00,1.3670,1.1800,4.237,1.004,0,938.20,0.0000
"K01068.01",,"FALSE POSITIVE","FALSE POSITIVE",300.867000,44.145290,2.897432135,14.35,1223.7,3.1793,2170.0,5240.00,5970.00,2.9940,1.3590,3.619,0.967,0,73.90,0.0000
"K01069.01","Kepler-760 b","CONFIRMED","CANDIDATE",287.593200,44.179420,8.70420525,2.86,1074.9,2.9385,748.0,74.13,5074.00,0.8630,0.8090,4.474,0.5,0,74.00,1.0000
"K01069.02","Kepler-760 c","CONFIRMED","CANDIDATE",287.593200,44.179420,2.46697039,1.56,308.7,1.6345,1139.0,398.42,5074.00,0.8630,0.8090,4.474,0.574,0,29.50,1.0000
"K01070.01","Kepler-266 b","CONFIRMED","CANDIDATE",294.484380,44.166908,6.61836309,2.98,549.1,3.6813,1066.0,304.65,5529.00,1.2940,0.9470,4.190,0.043,0,31.50,1.0000
"K01070.02","Kepler-266 c","CONFIRMED","CANDIDATE",294.484380,44.166908,107.7214092,4.75,1396.2,8.042,421.0,7.39,5529.00,1.2940,0.9470,4.190,0.003,0,30.50,1.0000
"K01070.03",,"CANDIDATE","CANDIDATE",294.484380,44.166908,92.77779,1.92,359,6.64,410.0,6.70,5888.00,1.0190,1.0530,4.444,0.0174,0,5.20,
"K01071.01",,"FALSE POSITIVE","FALSE POSITIVE",295.511080,44.109261,1.09206833,1.29,219.2,1.8596,1611.0,1588.89,5639.00,0.8590,0.9590,4.551,0.469,0,45.50,0.0000
"K01072.01","Kepler-761 b","CONFIRMED","CANDIDATE",290.503600,44.143581,10.12805158,1.95,477.4,3.517,767.0,81.77,5676.00,0.8200,0.8650,4.548,0.753,0,38.00,0.9980
"K01073.01",,"FALSE POSITIVE","FALSE POSITIVE",300.328980,44.151119,1.613001111,1.25,104.1,2.394,1680.0,1878.10,5580.00,1.2050,0.8860,4.223,0.448,0,19.30,0.0000
"K01074.01","Kepler-762 b","CONFIRMED","CANDIDATE",291.275630,47.329491,3.770551475,12.05,12440,3.8077,1302.0,679.75,6322.00,1.0750,1.1240,4.426,0.053,0,100.80,1.0000
"K01075.01",,"FALSE POSITIVE","FALSE POSITIVE",299.700780,47.291752,1.343767797,18.66,4702.6,1.9405,2654.0,11675.38,6324.00,2.3120,1.2300,3.800,0.891,0,269.80,0.9640
"K01076.01",,"FALSE POSITIVE","FALSE POSITIVE",297.390660,47.255711,29.12436474,15.25,6496,3.4209,356.0,3.81,4457.00,0.4810,0.4940,4.767,1.181,0,63.40,0.0000
"K01077.01",,"FALSE POSITIVE","FALSE POSITIVE",289.714660,47.342220,1.103971357,1.37,317.9,0.926,1471.0,1109.79,5409.00,0.7460,0.8350,4.609,0.52,0,21.70,0.0000
"K01078.01","Kepler-267 b","CONFIRMED","CANDIDATE",299.830410,47.157459,3.353732008,1.65,1264.7,1.4598,615.0,33.76,3789.00,0.4600,0.4670,4.781,0.051,0,47.80,1.0000
"K01078.02","Kepler-267 c","CONFIRMED","CANDIDATE",299.830410,47.157459,6.877446033,2.05,1632.3,1.3692,484.0,12.95,3789.00,0.4600,0.4670,4.781,0.79,0,39.60,0.9900
"K01078.03","Kepler-267 d","CONFIRMED","CANDIDATE",299.830410,47.157459,28.46464804,1.87,1629.8,2.6657,301.0,1.95,3789.00,0.4600,0.4670,4.781,0.035,0,28.90,0.9920
"K01079.01",,"FALSE POSITIVE","FALSE POSITIVE",296.334350,47.145580,0.293630085,26.35,2017.7,2.3857,2503.0,9283.34,5665.00,0.8430,0.9280,4.554,1.2329,0,170.00,
"K01080.01",,"FALSE POSITIVE","FALSE POSITIVE",297.788020,47.101070,1.096583368,1.35,308.5,2.1188,1474.0,1119.90,5222.00,0.7630,0.7170,4.528,0.421,0,44.30,0.0000
"K01081.01",,"CANDIDATE","CANDIDATE",294.768550,47.132790,9.95639775,28.15,510.5,5.615,905.0,158.42,6161.00,1.0530,1.1500,4.454,1.222,0,32.90,0.0000
"K01082.01","Kepler-763 d","CONFIRMED","CANDIDATE",292.144470,47.157349,6.50327035,1.67,418.3,2.591,804.0,98.81,4999.00,0.8430,0.8000,4.490,0.08,0,19.00,1.0000
"K01082.02","Kepler-763 c","CONFIRMED","CANDIDATE",292.144470,47.157349,4.09667624,1.42,302.3,2.19,938.0,182.90,4999.00,0.8430,0.8000,4.490,0.142,0,16.20,0.6950
"K01082.03","Kepler-763 b","CONFIRMED","CANDIDATE",292.144470,47.157349,1.196548464,1.25,224.6,1.2592,1414.0,945.12,4999.00,0.8430,0.8000,4.490,0.332,0,16.50,0.8210
"K01083.01","Kepler-764 b","CONFIRMED","CANDIDATE",297.393190,47.164631,7.33685101,1.52,325.8,3.548,875.0,138.46,5795.00,0.8480,0.9380,4.554,0.018,0,21.60,1.0000
"K01084.01",,"FALSE POSITIVE","FALSE POSITIVE",294.596130,47.197449,1.204274435,1.19,185.8,1.3362,1564.0,1413.91,5668.00,0.8490,0.9380,4.552,0.528,0,34.70,0.0000
"K01085.01","Kepler-1735 b","CONFIRMED","CANDIDATE",281.050110,47.188148,7.71790675,0.9,306.8,1.84,502.0,15.01,3975.00,0.5090,0.5350,4.753,0.112,0,12.60,0.9930
"K01086.01","Kepler-765 b","CONFIRMED","CANDIDATE",283.184600,47.155670,27.6652847,2.21,469.2,6.633,641.0,39.94,6036.00,1.0170,0.9390,4.396,0.004,0,36.10,1.0000
"K01087.01",,"FALSE POSITIVE","FALSE POSITIVE",293.243840,38.273270,0.948950734,36.87,2133,4.0245,2103.0,4636.91,6307.00,1.1330,1.1520,4.391,1.246,0,238.60,0.0000
"K01088.01",,"FALSE POSITIVE","FALSE POSITIVE",290.639430,38.284630,0.995861402,26.93,4993.8,1.1507,1477.0,1124.35,5286.00,0.7060,0.7310,4.604,1.256,0,272.00,0.0000
"K01089.01","Kepler-418 b","CONFIRMED","CANDIDATE",294.433500,38.355450,86.67856052,9.83,8244.1,10.1289,434.0,8.41,5822.00,1.0810,0.9570,4.351,0.291,0,318.30,0.9340
"K01089.02","Kepler-418 c","CONFIRMED","CANDIDATE",294.433500,38.355450,12.21828097,5.1,1843.4,2.6969,835.0,114.59,5822.00,1.0810,0.9570,4.351,0.778,0,90.10,1.0000
"K01090.01",,"FALSE POSITIVE","FALSE POSITIVE",290.862000,38.353580,8.387210055,72.52,4952,1.6477,1211.0,509.55,6089.00,1.7950,1.2990,4.044,1.284,0,180.60,0.0000
"K01091.01",,"FALSE POSITIVE","FALSE POSITIVE",286.000310,38.284599,15.2384539,9.84,7019,19.292,829.0,111.67,6384.00,1.0860,1.1290,4.419,0.74,0,56.00,0.0000
"K01092.01",,"FALSE POSITIVE","FALSE POSITIVE",293.025120,37.992641,0.413334492,31.52,2025.1,2.3808,2509.0,9374.09,5973.00,1.0160,1.0990,4.465,1.2313,0,236.90,
"K01093.01",,"FALSE POSITIVE","FALSE POSITIVE",292.583040,38.374378,0.528755447,47.75,408.5,5.714,3271.0,27241.45,6151.00,1.9540,1.1580,3.920,1.204,0,100.10,0.0000
"K01094.01","Kepler-766 b","CONFIRMED","CANDIDATE",293.184540,37.969841,6.10027621,2.59,766.6,4.7476,990.0,227.15,5957.00,0.9370,1.0260,4.506,0.015,0,43.20,0.9940
"K01095.01",,"CANDIDATE","CANDIDATE",287.616880,38.402321,51.59809554,6.57,5869.2,2.0153,449.0,9.61,5681.00,0.8590,0.9570,4.551,0.251,0,79.70,0.9970
"K01096.01",,"CANDIDATE","CANDIDATE",290.183040,38.321941,1500,9.8,9592,7.109,139.0,0.09,5606.00,0.7600,0.8320,4.597,0.9243,0,62.50,
"K01097.01",,"FALSE POSITIVE","FALSE POSITIVE",290.894070,38.435032,10.9110487,2.36,401.9,7.033,786.0,90.07,5903.00,0.8640,0.9550,4.546,0.9761,0,28.30,
"K01098.01",,"FALSE POSITIVE","FALSE POSITIVE",292.856080,38.372570,5.48990788,23.6,598.9,4.02,1039.0,275.65,5982.00,0.9600,1.0470,4.493,1.199,0,36.70,0.0000
"K01099.01","Kepler-767 b","CONFIRMED","CANDIDATE",291.579160,38.035831,161.5278347,8.19,4653.6,3.6734,366.0,4.25,5778.00,1.2130,1.0330,4.285,0,0,54.70,1.0000
"K01100.01",,"FALSE POSITIVE","FALSE POSITIVE",289.764830,38.352360,0.73093905,1.45,451.1,2.8437,1488.0,1159.62,4768.00,0.7110,0.7140,4.588,0.018,0,52.40,0.0000
"K01101.01","Kepler-768 b","CONFIRMED","CANDIDATE",294.115660,38.393478,11.39102358,1.67,448.6,2.303,618.0,34.55,4983.00,0.7280,0.8360,4.617,0.732,0,10.50,1.0000
"K01102.01","Kepler-24 c","CONFIRMED","CANDIDATE",290.413270,38.343750,12.33343853,4.12,536.4,6.221,915.0,165.30,5896.00,1.2400,0.8840,4.197,0.979,0,31.70,1.0000
"K01102.02","Kepler-24 b","CONFIRMED","CANDIDATE",290.413270,38.343750,8.14515981,3.43,446.8,5.073,1050.0,287.91,5896.00,1.2400,0.8840,4.197,0.965,0,32.20,1.0000
"K01102.03","Kepler-24 e","CONFIRMED","CANDIDATE",290.413270,38.343750,18.9985279,43.17,430.7,4.529,792.0,93.03,5896.00,1.2400,0.8840,4.197,1.3,0,16.90,1.0000
"K01102.04","Kepler-24 d","CONFIRMED","CANDIDATE",290.413270,38.343750,4.24439049,2.07,174,3.282,1305.0,686.99,5896.00,1.2400,0.8840,4.197,0.949,0,15.10,0.9990
"K01103.01",,"CANDIDATE","CANDIDATE",293.223910,38.033581,90.1240507,7.12,3020.3,11.649,485.0,13.09,6520.00,1.2150,1.2790,4.375,0.698,0,57.90,1.0000
"K01104.01",,"FALSE POSITIVE","FALSE POSITIVE",291.170680,38.008591,0.890110752,1.25,321.5,0.8774,1372.0,838.42,4768.00,0.7110,0.8150,4.628,0.216,0,19.60,0.0000
"K01105.01",,"FALSE POSITIVE","FALSE POSITIVE",294.525570,38.204632,5.76573396,7.47,248,2.924,1964.0,3518.78,5772.00,4.4340,1.6570,3.364,0.708,0,22.20,0.0000
"K01106.01","Kepler-769 b","CONFIRMED","CANDIDATE",292.713100,38.358212,7.42608123,2.47,443.3,3.6379,1037.0,273.78,6049.00,1.1760,1.1400,4.353,0.097,0,37.50,1.0000
"K01106.02","Kepler-769 c","CONFIRMED","CANDIDATE",292.713100,38.358212,15.9868932,1.62,178.5,4.158,803.0,98.51,6049.00,1.1760,1.1400,4.353,0.533,0,10.90,0.9890
"K01107.01",,"FALSE POSITIVE","FALSE POSITIVE",289.796200,38.351181,0.73094589,17.12,250.2,4.32,1922.0,3248.17,5901.00,0.8480,0.9380,4.553,1.169,0,37.50,0.0000
"K01108.01","Kepler-770 b","CONFIRMED","CANDIDATE",286.490420,38.374908,18.92537246,13.92,640.9,3.9835,1171.0,443.58,4941.00,4.8850,1.8080,3.317,0.806,0,41.00,1.0000
"K01108.02","Kepler-770 c","CONFIRMED","CANDIDATE",286.490420,38.374908,1.475323222,5.88,154.9,2.3155,2740.0,13331.51,4941.00,4.8850,1.8080,3.317,0.136,0,27.20,0.9930
"K01108.03","Kepler-770 d","CONFIRMED","CANDIDATE",286.490420,38.374908,4.15246118,7.62,223.4,2.5755,1941.0,3354.56,4941.00,4.8850,1.8080,3.317,0.639,0,24.50,1.0000
"K01109.01",,"FALSE POSITIVE","FALSE POSITIVE",291.606900,38.348061,6.7210783,,,7.46,,,,,,,,,,
"K01110.01","Kepler-771 b","CONFIRMED","CANDIDATE",287.444090,38.088428,8.7348852,1.59,270.7,4.49,890.0,148.62,5982.00,0.9600,1.0470,4.493,0.314,0,24.80,0.9950
"K01111.01",,"FALSE POSITIVE","FALSE POSITIVE",292.279050,38.284531,10.26547688,1.81,399.6,3.733,770.0,83.13,5699.00,0.8530,0.9500,4.553,0.69,0,20.10,0.0000
"K01112.01","Kepler-1736 b","CONFIRMED","CANDIDATE",289.776700,38.262280,37.8102649,2.33,570.3,8.733,566.0,24.27,6085.00,0.9730,0.9760,4.451,0.061,0,35.20,0.9310
"K01113.01","Kepler-268 b","CONFIRMED","CANDIDATE",291.976170,38.055080,25.93406406,2.48,414.5,4.6142,695.0,55.10,5952.00,1.2250,1.0590,4.287,0.014,0,42.20,1.0000
"K01113.02","Kepler-268 c","CONFIRMED","CANDIDATE",291.976170,38.055080,83.4463485,2.73,503,6.536,471.0,11.59,5952.00,1.2250,1.0590,4.287,0.058,0,36.10,0.9120
"K01114.01",,"FALSE POSITIVE","FALSE POSITIVE",290.134920,38.404221,7.04710032,25.2,400.9,2.926,986.0,223.84,5766.00,1.0680,0.9600,4.363,1.195,0,24.00,0.0000
"K01115.01","Kepler-772 b","CONFIRMED","CANDIDATE",291.423580,38.216591,12.99204853,2.03,270.6,6.0175,866.0,132.94,5765.00,1.2420,0.9680,4.236,0.091,0,38.70,0.9890
"K01116.01","Kepler-773 b","CONFIRMED","CANDIDATE",290.884670,38.057571,3.749105745,1.68,182.6,1.9826,1160.0,428.25,5751.00,0.9830,0.9870,4.447,0.942,0,38.00,1.0000
"K01117.01","Kepler-774 b","CONFIRMED","CANDIDATE",291.031920,38.211960,11.08956602,3.51,148.1,6.2877,1422.0,965.62,6353.00,2.8670,1.4970,3.698,0.02,0,38.90,1.0000
"K01118.01",,"CANDIDATE","CANDIDATE",291.650970,38.028179,7.37290344,2.67,205.2,2.172,1004.0,240.11,5973.00,1.0700,0.9820,4.371,0.993,0,19.10,1.0000
"K01119.01",,"FALSE POSITIVE","FALSE POSITIVE",294.490110,38.194126,7.24476126,0.65,58,2.3145,837.0,116.02,5370.00,0.8740,0.8690,4.494,0.04,0,27.20,0.0000
"K01119.02",,"FALSE POSITIVE","FALSE POSITIVE",294.490110,38.194126,13.55480534,0.62,48.3,2.288,679.0,50.41,5370.00,0.8740,0.8690,4.494,0.497,0,16.50,0.0000
"K01120.01",,"FALSE POSITIVE","FALSE POSITIVE",297.757080,41.680454,29.74454668,20.06,66894,23.2842,455.0,10.10,4889.00,0.7880,0.8390,4.569,0.337,0,765.00,0.0000
"K01121.01",,"FALSE POSITIVE","FALSE POSITIVE",290.352940,41.769741,14.15402428,53.25,61625.1,4.47001,777.0,86.13,5850.00,1.0370,0.9940,4.404,1.1,0,930.30,0.0000
"K01122.01",,"FALSE POSITIVE","FALSE POSITIVE",298.711520,41.635792,0.844786082,35.27,2468.5,3.5289,1864.0,2846.03,5705.00,0.9150,0.8650,4.452,1.297,0,245.60,0.0000
"K01123.01",,"FALSE POSITIVE","FALSE POSITIVE",292.236790,41.739300,0.848483947,32.11,1907.4,1.4451,1908.0,3117.82,5941.00,0.9360,1.0190,4.504,1.264,0,185.00,0.0010
"K01124.01",,"FALSE POSITIVE","FALSE POSITIVE",296.298550,41.602718,11.99097576,37.47,2124.3,5.7401,880.0,141.63,6110.00,1.0720,0.9440,4.352,1.269,0,102.80,0.0000
"K01125.01",,"FALSE POSITIVE","FALSE POSITIVE",294.027250,41.675968,7.814839231,5.33,2010.3,3.0122,903.0,156.74,5887.00,0.9310,0.9980,4.499,0.945,0,100.00,0.0000
"K01126.01",,"FALSE POSITIVE","FALSE POSITIVE",297.753110,41.675991,29.7452499,3.6,778.9,22.695,557.0,22.74,5334.00,1.0040,0.8650,4.372,0.941,0,55.90,0.0000
"K01127.01","Kepler-269 b","CONFIRMED","CANDIDATE",290.215180,41.775970,5.32667299,2.26,611.4,3.4045,1007.0,242.97,5831.00,0.9210,1.0160,4.517,0.043,0,34.10,1.0000
"K01127.02","Kepler-269 c","CONFIRMED","CANDIDATE",290.215180,41.775970,8.1280933,1.39,224.1,3.727,875.0,138.51,5831.00,0.9210,1.0160,4.517,0.357,0,10.70,1.0000
"K01127.03",,"CANDIDATE","CANDIDATE",290.215180,41.775970,2.83668931,1.19,166.1,3.031,1242.0,562.48,5831.00,0.9210,1.0160,4.517,0.33,0,12.10,1.0000
"K01128.01","Kepler-775 b","CONFIRMED","CANDIDATE",291.433290,41.703442,0.974868896,1.16,197.6,1.6191,1612.0,1605.87,5487.00,0.8320,0.9240,4.563,0.12,0,82.60,1.0000
"K01129.01","Kepler-776 b","CONFIRMED","CANDIDATE",287.272640,41.635559,4.89721006,1.48,274.4,1.812,904.0,157.93,5093.00,0.8470,0.7940,4.483,0.66,0,16.90,1.0000
"K01130.01",,"FALSE POSITIVE","FALSE POSITIVE",282.603360,44.286980,2.757794163,20.05,39043,2.7644,1231.0,542.43,5747.00,0.8910,0.9480,4.514,0.8,0,349.20,0.0000
"K01132.01",,"FALSE POSITIVE","FALSE POSITIVE",301.016720,44.233841,1.914158508,13.63,7829.2,3.2917,1646.0,1730.47,6289.00,1.1180,1.1640,4.407,0.942,0,124.60,0.0000
"K01133.01",,"FALSE POSITIVE","FALSE POSITIVE",294.997340,44.321388,5.251916208,37.15,10624.3,4.9095,952.0,194.17,5542.00,0.8720,0.9190,4.520,1.256,0,146.30,0.0000
"K01134.01",,"FALSE POSITIVE","FALSE POSITIVE",284.519620,44.453941,100.3039228,29.55,5450,8.702,313.0,2.26,5055.00,0.7720,0.8000,4.566,1.256,0,63.20,0.0000
"K01134.02",,"FALSE POSITIVE","FALSE POSITIVE",284.519620,44.453941,200.61103346,,,7.13,,,,,,,,,,0.0000
"K01135.01",,"FALSE POSITIVE","FALSE POSITIVE",301.400670,44.318039,0.986620248,43.98,1345.8,3.9722,2308.0,6719.67,6243.00,1.3850,1.0490,4.176,1.252,0,117.70,0.0000
"K01136.01",,"FALSE POSITIVE","FALSE POSITIVE",298.211880,44.324638,1.63484631,,,6.11,,17098.40,,,,,,,,0.0000
"K01138.01",,"FALSE POSITIVE","FALSE POSITIVE",284.997380,44.410198,31.82814583,35.8,4456.8,2.917,564.0,23.97,5908.00,0.9200,0.9930,4.507,1.276,0,78.70,0.0000
"K01139.01",,"FALSE POSITIVE","FALSE POSITIVE",296.291960,44.332260,3.629442796,3.28,426.6,5.63,1434.0,1001.35,6506.00,1.2170,1.1710,4.336,0.97,0,76.40,0.0000
"K01140.01",,"FALSE POSITIVE","FALSE POSITIVE",301.475770,44.319759,0.553261874,97.36,1038.1,0.8875,3689.0,43709.08,5679.00,3.1420,1.3250,3.565,1.246,0,202.20,0.7620
"K01141.01","Kepler-777 b","CONFIRMED","CANDIDATE",282.724060,44.346470,5.72812616,1.38,643.4,2.0295,569.0,24.74,3968.00,0.5480,0.5670,4.714,0.22,0,20.80,1.0000
"K01142.01","Kepler-778 b","CONFIRMED","CANDIDATE",287.477420,44.237511,3.75574267,1.58,417.4,2.2911,977.0,215.46,5311.00,0.7880,0.8840,4.588,0.127,0,27.90,1.0000
"K01143.01",,"FALSE POSITIVE","FALSE POSITIVE",296.307620,44.211460,7.44042933,2.74,547.3,2.991,883.0,144.12,5815.00,0.8770,0.9730,4.540,0.968,0,34.00,0.0000
"K01144.01",,"FALSE POSITIVE","FALSE POSITIVE",292.859650,44.200642,2.44199803,1.44,251.7,2.759,1282.0,638.05,5970.00,0.7960,0.8470,4.564,0.856,0,27.20,0.0000
"K01145.01",,"CANDIDATE","CANDIDATE",296.548610,44.264671,30.5872153,2.32,464.8,5.3698,621.0,35.08,5944.00,1.0820,1.0240,4.380,0.013,0,33.10,0.9960
"K01146.01","Kepler-779 b","CONFIRMED","CANDIDATE",285.628540,44.310890,7.09712124,0.74,369.5,2.1059,425.0,7.73,3569.00,0.3890,0.4000,4.861,0.05,0,18.30,1.0000
"K01147.01",,"FALSE POSITIVE","FALSE POSITIVE",291.890750,44.223728,2.6827683,1.19,79.8,2.957,1551.0,1366.57,6180.00,1.2230,0.9970,4.262,0.769,0,26.70,0.0000
"K01148.01","Kepler-270 b","CONFIRMED","CANDIDATE",282.200100,44.422298,11.47609015,2.07,182.3,5.046,984.0,221.34,6071.00,1.4100,1.1560,4.202,0.755,0,27.70,1.0000
"K01148.02","Kepler-270 c","CONFIRMED","CANDIDATE",282.200100,44.422298,25.2630467,1.71,125.5,6.22,756.0,77.24,6071.00,1.4100,1.1560,4.202,0.743,0,14.30,0.9980
"K01149.01",,"FALSE POSITIVE","FALSE POSITIVE",284.385620,44.391289,7.1688266,,,1.29,,,,,,,,,,
"K01150.01","Kepler-780 b","CONFIRMED","CANDIDATE",281.766390,44.292549,0.677374687,0.9,76.7,1.8361,2099.0,4572.56,5718.00,1.0370,0.9740,4.395,0.132,0,38.70,1.0000
"K01151.01","Kepler-271 b","CONFIRMED","CANDIDATE",283.002960,44.284229,10.43547031,1.22,210.2,3.4167,759.0,78.35,5528.00,0.8530,0.8380,4.499,0.174,0,36.70,1.0000
"K01151.02","Kepler-271 c","CONFIRMED","CANDIDATE",283.002960,44.284229,7.41084314,0.94,124.1,3.245,850.0,123.40,5528.00,0.8530,0.8380,4.499,0.064,0,25.60,0.9970
"K01152.01",,"FALSE POSITIVE","FALSE POSITIVE",296.695620,47.327309,4.722254104,14.45,82670,3.451,557.0,22.67,3801.00,0.4880,0.5170,4.776,0.506,0,314.10,0.0000
"K01153.01",,"FALSE POSITIVE","FALSE POSITIVE",296.320280,47.406570,0.635069939,57.77,33117.3,2.07171,2351.0,7193.72,6340.00,1.0580,1.1060,4.434,1.25,0,578.60,0.0000
"K01154.01",,"CANDIDATE","CANDIDATE",299.102810,47.377781,6.810823723,26.06,14446.8,7.98574,1626.0,1656.16,7226.00,2.0790,1.4610,3.967,0.57,0,1441.90,0.8710
"K01155.01",,"FALSE POSITIVE","FALSE POSITIVE",292.833010,47.495529,0.933746515,25.54,2936.6,6.6522,1508.0,1222.25,5252.00,0.7160,0.7370,4.596,1.262,0,549.50,0.0000
"K01156.01",,"FALSE POSITIVE","FALSE POSITIVE",281.523800,47.755341,1.872421727,5.65,3018.9,1.5261,1298.0,672.92,5337.00,0.8250,0.7600,4.486,0.917,0,179.00,0.0000
"K01157.01",,"FALSE POSITIVE","FALSE POSITIVE",292.842130,47.483829,0.93374614,149.71,1717.5,6.551,3303.0,28084.15,5438.00,4.3190,1.8070,3.424,1.27,0,365.70,0.0000
"K01158.01",,"FALSE POSITIVE","FALSE POSITIVE",296.699710,47.406731,6.47179275,2.08,402.5,6.788,1075.0,316.00,6341.00,1.0330,1.0830,4.446,0.014,0,30.70,0.0000
"K01159.01","Kepler-1737 b","CONFIRMED","CANDIDATE",297.014830,47.486431,64.617518,5.4,2486.6,5.796,383.0,5.09,5043.00,0.8810,0.8340,4.470,0.9,0,61.90,0.8940
"K01160.01","Kepler-781 b","CONFIRMED","CANDIDATE",287.653630,47.414810,13.21409607,2.77,1154.8,3.5641,629.0,36.95,5333.00,0.7280,0.8130,4.620,0.812,0,38.00,1.0000
"K01161.01","Kepler-272 c","CONFIRMED","CANDIDATE",299.127530,47.593830,6.05729966,1.94,385.2,3.7419,947.0,189.98,5334.00,1.0040,0.8650,4.372,0.219,0,35.10,1.0000
"K01161.02","Kepler-272 d","CONFIRMED","CANDIDATE",299.127530,47.593830,10.93725572,2.41,421.6,3.0822,777.0,86.28,5334.00,1.0040,0.8650,4.372,0.866,0,24.60,0.9910
"K01161.03","Kepler-272 b","CONFIRMED","CANDIDATE",299.127530,47.593830,2.97136658,1.52,233.3,2.716,1200.0,490.13,5334.00,1.0040,0.8650,4.372,0.349,0,25.60,0.9610
"K01162.01","Kepler-782 b","CONFIRMED","CANDIDATE",288.868230,47.759430,158.6850022,3.08,898.3,11.5372,350.0,3.53,5751.00,1.0340,0.8520,4.340,0.034,0,97.40,0.9990
"K01163.01","Kepler-273 b","CONFIRMED","CANDIDATE",291.302220,47.697762,2.936527336,1.92,352.3,1.771,1209.0,505.22,5359.00,1.0020,0.8670,4.375,0.524,0,34.70,1.0000
"K01163.02","Kepler-273 c","CONFIRMED","CANDIDATE",291.302220,47.697762,8.01500821,2,363,3.0137,865.0,132.46,5359.00,1.0020,0.8670,4.375,0.645,0,28.60,1.0000
"K01164.01",,"FALSE POSITIVE","FALSE POSITIVE",292.738920,47.490730,0.933749941,12.93,415.3,6.606,919.0,168.44,3682.00,0.4800,0.5120,4.786,1.225,0,88.80,0.0000
"K01165.01","Kepler-783 c","CONFIRMED","CANDIDATE",291.062930,47.484798,7.053934488,2.36,511.5,1.7244,840.0,117.33,5357.00,0.8630,0.8540,4.498,0.899,0,56.30,1.0000
"K01165.02","Kepler-783 b","CONFIRMED","CANDIDATE",291.062930,47.484798,4.29263699,0.68,61.4,2.7,991.0,227.69,5357.00,0.8630,0.8540,4.498,0.454,0,11.40,1.0000
"K01166.01","Kepler-1738 b","CONFIRMED","CANDIDATE",296.131410,47.438820,7.6746614,2.8,503,1.9374,957.0,198.67,6063.00,1.0010,1.0790,4.470,0.939,0,20.80,0.9940
"K01167.01",,"FALSE POSITIVE","FALSE POSITIVE",297.133270,47.628769,0.445275074,1.21,254.7,2.276,1950.0,3419.70,5346.00,0.7250,0.8100,4.621,0.639,0,86.30,0.0000
"K01168.01",,"CANDIDATE","CANDIDATE",287.586790,47.600021,856.672115,3.87,858.1,23.144,242.0,0.81,6449.00,1.3090,1.0630,4.232,0.1158,0,39.20,
"K01169.01",,"CANDIDATE","CANDIDATE",281.551180,47.469959,0.689210173,1.32,195,1.6169,1943.0,3362.71,5630.00,0.9540,1.0640,4.505,0.154,0,93.40,1.0000
"K01170.01","Kepler-1739 b","CONFIRMED","CANDIDATE",296.232150,47.678959,7.34373964,1.84,574.4,1.1784,839.0,117.50,5757.00,0.7620,0.8650,4.597,0.185,0,32.20,0.9650
"K01171.01",,"FALSE POSITIVE","FALSE POSITIVE",297.103490,47.643570,0.445277068,35.74,186.7,3.539,2562.0,10177.11,6167.00,1.0640,1.1490,4.444,1.2962,0,28.90,
"K01172.01",,"FALSE POSITIVE","FALSE POSITIVE",292.775880,47.461689,0.933749106,3.22,186.2,4.256,2863.0,15822.49,6215.00,2.1880,1.2330,3.849,0.736,0,136.30,0.0000
"K01173.01",,"FALSE POSITIVE","FALSE POSITIVE",295.795260,47.663960,2.037440623,1.19,118.6,3.442,1572.0,1448.05,6253.00,1.0150,0.9750,4.415,0.715,0,27.00,0.0000
"K01174.01",,"CANDIDATE","CANDIDATE",296.821620,47.354031,129995.7784,2.99,1474.9,9.408,25.0,0.00,4500.00,0.7260,0.7170,4.572,0.7127,0,35.70,
"K01175.01","Kepler-784 b","CONFIRMED","CANDIDATE",295.920650,47.448608,31.5925809,1.78,145.1,13.566,688.0,53.09,5676.00,1.4870,1.0160,4.100,0.283,0,25.50,0.9940
"K01175.02","Kepler-784 c","CONFIRMED","CANDIDATE",295.920650,47.448608,17.157236,1.55,110.4,11.284,844.0,119.87,5676.00,1.4870,1.0160,4.100,0.238,0,23.60,0.9970
"K01176.01","Kepler-785 b","CONFIRMED","CANDIDATE",292.068300,38.842270,1.97376085,8.78,30222.4,1.82542,753.0,76.10,3807.00,0.5030,0.5340,4.762,0.337,0,1252.50,0.9980
"K01177.01",,"FALSE POSITIVE","FALSE POSITIVE",292.078490,38.631481,3.305577989,25.89,17971,2.5903,1027.0,263.55,5534.00,0.7070,0.7860,4.629,1.145,0,39.60,0.0000
"K01178.01",,"FALSE POSITIVE","FALSE POSITIVE",296.133910,38.999008,4.800653901,16.91,15304.4,9.0419,1347.0,778.45,6715.00,1.2410,1.2560,4.347,0.785,0,298.00,0.0000
"K01179.01",,"FALSE POSITIVE","FALSE POSITIVE",293.925990,38.737980,15.06649901,56.44,36348,5.9885,932.0,177.96,5751.00,1.6260,1.0280,4.028,1.018,0,154.60,0.0000
"K01180.01",,"FALSE POSITIVE","FALSE POSITIVE",286.869260,39.103729,34.82008158,11.36,18847.8,11.1711,459.0,10.49,5114.00,0.7840,0.7460,4.522,0.663,0,882.60,0.0000
"K01181.01",,"FALSE POSITIVE","FALSE POSITIVE",291.999880,38.437698,0.651784374,33.65,2779.3,2.0141,2090.0,4500.59,5555.00,1.0610,0.9750,4.375,1.224,0,195.20,0.0000
"K01182.01",,"FALSE POSITIVE","FALSE POSITIVE",295.291930,38.964588,11.11620211,8.96,4843.9,4.211,853.0,125.21,6122.00,0.9960,1.0700,4.471,0.937,0,115.30,0.0000
"K01183.01",,"FALSE POSITIVE","FALSE POSITIVE",291.445070,38.637211,1.922861499,5.09,1916.2,3.5734,1392.0,884.12,5778.00,0.9110,1.0280,4.531,0.943,0,103.40,0.0000
"K01184.01",,"FALSE POSITIVE","FALSE POSITIVE",285.080260,39.182110,0.635445336,19,2547.4,1.8592,1177.0,451.42,3920.00,0.5500,0.5540,4.700,1.253,0,182.20,0.0000
"K01185.01",,"FALSE POSITIVE","FALSE POSITIVE",291.476290,38.500580,1.665784138,97.27,2006.2,1.8946,2636.0,11424.49,6261.00,2.7890,1.3780,3.686,1.27,0,148.00,0.0000
"K01186.01",,"FALSE POSITIVE","FALSE POSITIVE",294.740540,39.015511,55.6639167,34.14,3414.4,23.546,434.0,8.38,5587.00,0.8530,0.8940,4.528,1.298,0,103.40,0.0000
"K01187.01",,"FALSE POSITIVE","FALSE POSITIVE",291.071260,38.999039,0.741057213,26.67,1996.3,1.05299,1730.0,2128.29,5496.00,0.7760,0.8690,4.592,1.26,0,251.90,0.0000
"K01188.01",,"FALSE POSITIVE","FALSE POSITIVE",294.070710,38.981331,2.988085455,21.81,802.8,3.68,1101.0,348.05,5497.00,0.8090,0.9070,4.577,1.216,0,48.20,0.0000
"K01189.01",,"FALSE POSITIVE","FALSE POSITIVE",295.940550,38.876389,2.783883492,67.17,903.9,2.4546,1934.0,3304.55,6028.00,2.1470,1.1480,3.835,1.255,0,86.10,0.0000
"K01190.01",,"FALSE POSITIVE","FALSE POSITIVE",294.618930,38.611889,0.393727296,23.05,903.5,3.02,2216.0,5746.51,5628.00,0.8080,0.9030,4.575,1.228,0,82.40,0.0000
"K01191.01","Kepler-1740 b","CONFIRMED","CANDIDATE",293.873630,38.922482,8.17242644,3.29,864.3,3.902,858.0,127.95,5705.00,0.9050,0.9430,4.499,0.926,0,37.00,1.0000
"K01192.01",,"CANDIDATE","CANDIDATE",291.032170,38.703911,1295.362215,57.82,8708,28.297,169.0,0.19,5609.00,1.0480,0.8890,4.346,1.3935,0,164.00,
"K01193.01",,"CANDIDATE","CANDIDATE",287.888120,39.078709,119.0624882,10.4,5372.3,3.1188,366.0,4.26,5697.00,0.9200,0.7600,4.392,0.968,0,71.60,1.0000
"K01194.01","Kepler-415 c","CONFIRMED","CANDIDATE",293.804410,38.639130,8.70798309,2.01,1419.6,2.4904,543.0,20.59,4362.00,0.5540,0.5900,4.722,0.063,0,28.10,1.0000
"K01194.02",,"CANDIDATE","CANDIDATE",293.804410,38.639130,14.8623076,1.57,840,3.161,454.0,10.08,4362.00,0.5540,0.5900,4.722,0.324,0,14.40,0.0000
"K01194.03","Kepler-415 b","CONFIRMED","CANDIDATE",293.804410,38.639130,4.17634276,1.23,531.5,2.335,694.0,54.80,4362.00,0.5540,0.5900,4.722,0.142,0,14.90,0.9990
"K01196.01",,"FALSE POSITIVE","FALSE POSITIVE",292.922760,38.477280,3.98216698,3.32,381.3,2.396,1374.0,842.48,5570.00,1.5480,1.0190,4.066,0.775,0,27.10,0.0000
"K01197.01",,"FALSE POSITIVE","FALSE POSITIVE",292.352870,38.942471,0.643794198,19.51,456.7,1.5662,2011.0,3852.91,5958.00,0.8300,0.9170,4.561,1.193,0,53.70,0.0000
"K01198.01","Kepler-275 c","CONFIRMED","CANDIDATE",292.479710,38.514919,16.08832318,3.42,597.8,5.731,875.0,138.64,6157.00,1.3300,1.0800,4.224,0.648,0,31.30,0.9860
"K01198.02","Kepler-275 b","CONFIRMED","CANDIDATE",292.479710,38.514919,10.30067919,2.2,271.8,4.885,1015.0,251.55,6157.00,1.3300,1.0800,4.224,0.004,0,16.40,0.9940
"K01198.03","Kepler-275 d","CONFIRMED","CANDIDATE",292.479710,38.514919,35.6757453,3.02,471.2,7.381,671.0,47.96,6157.00,1.3300,1.0800,4.224,0.61,0,18.50,0.9980
"K01198.04",,"CANDIDATE","CANDIDATE",292.479710,38.514919,1.00861677,,,0.91,,,,,,,,,,
"K01199.01","Kepler-786 b","CONFIRMED","CANDIDATE",293.743930,38.939281,53.5292702,2.28,1086.1,5.668,348.0,3.48,4736.00,0.7080,0.7910,4.624,0.346,0,34.50,1.0000
"K01200.01",,"FALSE POSITIVE","FALSE POSITIVE",294.651210,38.636459,0.393726813,24.17,564.6,2.95,2705.0,12661.53,6277.00,1.0310,1.0850,4.449,1.1898,0,64.80,
"K01201.01","Kepler-1741 b","CONFIRMED","CANDIDATE",292.577030,39.120880,2.757584622,1.01,563.1,0.9267,615.0,33.79,3683.00,0.4240,0.4540,4.840,0.093,0,19.60,1.0000
"K01202.01","Kepler-787 b","CONFIRMED","CANDIDATE",291.692470,38.572899,0.928310036,1.16,376.2,1.1899,1115.0,365.72,4109.00,0.6020,0.6210,4.672,0.181,0,22.60,0.9900
"K01203.01","Kepler-276 c","CONFIRMED","CANDIDATE",293.568150,39.036320,31.8841473,3.7,910,6.122,563.0,23.82,5779.00,0.9740,1.0370,4.477,0.938,0,25.30,0.9990
"K01203.02","Kepler-276 b","CONFIRMED","CANDIDATE",293.568150,39.036320,14.12847677,2.73,628.7,3.685,739.0,70.50,5779.00,0.9740,1.0370,4.477,0.811,0,23.00,0.9850
"K01203.03","Kepler-276 d","CONFIRMED","CANDIDATE",293.568150,39.036320,48.6478543,4.14,641.8,5.464,489.0,13.57,5779.00,0.9740,1.0370,4.477,0.988,0,12.20,0.8290
"K01204.01","Kepler-788 b","CONFIRMED","CANDIDATE",290.000400,38.539890,8.39842977,2,340.1,6.344,984.0,221.66,6309.00,1.0440,1.0960,4.441,0.573,0,28.00,1.0000
"K01205.01","Kepler-789 b","CONFIRMED","CANDIDATE",295.975160,38.946640,8.63847391,5.99,395.9,5.4566,1419.0,958.35,5684.00,3.0460,1.5360,3.657,0.049,0,38.60,1.0000
"K01206.01",,"CANDIDATE","CANDIDATE",293.954590,38.899971,422.917678,5.89,1367.7,31.274,292.0,1.73,5796.00,1.4440,1.0040,4.120,0.7887,0,61.70,
"K01207.01","Kepler-790 b","CONFIRMED","CANDIDATE",286.917110,38.872219,13.73474071,2.71,746.4,2.769,634.0,38.11,5196.00,0.7720,0.7260,4.524,0.941,0,31.00,1.0000
"K01208.01",,"CANDIDATE","CANDIDATE",293.618770,39.022572,700.00298217,6.43,3245.9,7.6525,238.0,0.76,6487.00,1.1180,1.1360,4.397,0.143,0,60.30,
"K01209.01",,"CANDIDATE","CANDIDATE",288.314360,38.693291,272.0868353,5.95,5572,2.7145,251.0,0.93,5587.00,0.7910,0.8060,4.548,0.3629,0,21.50,
"K01210.01","Kepler-791 b","CONFIRMED","CANDIDATE",293.595830,39.029480,14.55387488,3.45,319.7,6.973,939.0,183.48,6143.00,1.5070,1.2460,4.177,0.955,0,26.80,1.0000
"K01211.01",,"FALSE POSITIVE","FALSE POSITIVE",293.648410,38.976021,3.00363219,1.43,101.2,3.732,1571.0,1441.44,6309.00,1.3200,1.0460,4.217,0.727,0,38.50,0.0010
"K01212.01","Kepler-792 b","CONFIRMED","CANDIDATE",292.006810,38.820728,11.30123036,1.85,277.1,4.022,852.0,124.42,5730.00,1.1220,1.0050,4.340,0.117,0,18.50,0.9970
"K01213.01",,"FALSE POSITIVE","FALSE POSITIVE",294.350490,38.602131,0.796722833,1.44,107.1,2.4551,2401.0,7844.64,5959.00,1.3340,0.8580,4.121,0.601,0,43.90,0.0000
"K01214.01","Kepler-793 b","CONFIRMED","CANDIDATE",295.216640,38.774330,4.24153629,1.44,188.1,2.971,1177.0,452.95,5776.00,1.0470,0.8750,4.340,0.257,0,18.00,1.0000
"K01215.01","Kepler-277 b","CONFIRMED","CANDIDATE",286.583160,39.077202,17.32419108,3.14,241.3,8.045,964.0,204.10,5968.00,1.8570,1.1790,3.972,0.764,0,49.10,1.0000
"K01215.02","Kepler-277 c","CONFIRMED","CANDIDATE",286.583160,39.077202,33.0063185,3.13,278.1,7.118,778.0,86.38,5968.00,1.8570,1.1790,3.972,0.39,0,38.20,0.9990
"K01216.01","Kepler-794 b","CONFIRMED","CANDIDATE",288.133700,38.996880,11.13127159,2.06,211.2,4.2372,952.0,194.31,5800.00,1.4350,1.1950,4.202,0.01,0,36.80,1.0000
"K01217.01",,"FALSE POSITIVE","FALSE POSITIVE",290.861420,38.641129,3.47143963,1.19,99.8,3.663,1358.0,805.05,6341.00,1.1110,1.1540,4.409,0.719,0,27.50,0.0000
"K01218.01","Kepler-795 b","CONFIRMED","CANDIDATE",291.019040,38.545570,29.6193891,1.74,314.7,4.9595,580.0,26.79,5618.00,0.9960,0.9110,4.401,0.046,0,42.50,0.9990
"K01219.01",,"FALSE POSITIVE","FALSE POSITIVE",290.666810,38.568329,3.50376155,,,3.16,,,,,,,,,,
"K01220.01","Kepler-796 b","CONFIRMED","CANDIDATE",287.307860,39.144730,6.40087137,1.91,133.6,2.5561,1109.0,357.44,5426.00,1.4210,0.9430,4.107,0.861,0,24.40,0.9970
"K01221.01","Kepler-278 b","CONFIRMED","CANDIDATE",290.107180,38.702229,30.1599411,4.54,175.9,7.874,836.0,115.69,5010.00,3.0510,1.4140,3.620,0.802,0,32.30,1.0000
"K01221.02","Kepler-278 c","CONFIRMED","CANDIDATE",290.107180,38.702229,51.0771048,3.66,141.5,11.233,702.0,57.28,5010.00,3.0510,1.4140,3.620,0.498,0,24.10,0.9810
"K01222.01",,"FALSE POSITIVE","FALSE POSITIVE",292.496800,39.193169,4.2856756,2.13,31.4,4.059,1790.0,2429.13,5055.00,3.7330,1.4290,3.443,0.5445,0,8.30,
"K01223.01",,"FALSE POSITIVE","FALSE POSITIVE",293.812900,42.048710,7.388833611,10.66,13063.5,5.62857,877.0,139.94,5845.00,0.8380,0.9260,4.558,0.799,0,1509.30,0.0000
"K01224.01",,"FALSE POSITIVE","FALSE POSITIVE",291.986940,42.037651,2.698021895,52.51,6721.2,23.192,1582.0,1481.76,6568.00,1.2110,1.2290,4.360,1.3,0,647.10,0.2850
"K01225.01",,"CANDIDATE","CANDIDATE",295.622220,42.092880,1.714274727,25,28460.1,2.06728,827.0,110.02,3874.00,0.5350,0.5410,4.715,1.182,0,987.20,0.0000
"K01226.01",,"FALSE POSITIVE","FALSE POSITIVE",295.866910,42.062672,137.75960504,49.52,83298,9.1713,396.0,5.81,5323.00,1.4520,0.9340,4.085,0.776,0,885.90,0.0000
"K01227.01",,"FALSE POSITIVE","FALSE POSITIVE",297.707120,42.047371,2.155278342,16.89,20739,2.1064,1272.0,620.67,5665.00,0.8200,0.9160,4.568,0.926,0,142.70,0.0000
"K01228.01",,"FALSE POSITIVE","FALSE POSITIVE",298.091710,41.794128,3.661326482,12.07,17846,2.5714,1023.0,258.60,5319.00,0.7980,0.7370,4.501,0.812,0,424.60,0.0000
"K01229.01",,"FALSE POSITIVE","FALSE POSITIVE",288.039890,41.818359,0.76973817,,,2.5,,,,,,,,,,
"K01230.01",,"FALSE POSITIVE","FALSE POSITIVE",298.948150,41.812149,165.739861,57.54,7343.4,24.9393,692.0,54.10,5019.00,6.8360,1.6630,2.990,0.263,0,527.80,1.0000
"K01231.01",,"FALSE POSITIVE","FALSE POSITIVE",297.335630,41.890480,22.34293693,2.92,2691.1,7.0813,399.0,6.01,4260.00,0.5800,0.5650,4.663,0.001,0,35.30,0.0000
"K01232.01",,"FALSE POSITIVE","FALSE POSITIVE",281.742610,42.123081,119.40817159,16.26,18563.3,9.3537,328.0,2.72,5316.00,0.8720,0.8340,4.477,0.915,0,508.40,0.0000
"K01233.01",,"FALSE POSITIVE","FALSE POSITIVE",297.884370,41.931252,1.171536413,7.12,1132.7,1.5878,2387.0,7673.20,7021.00,1.4850,1.5140,4.275,0.973,0,67.00,0.0000
"K01234.01",,"FALSE POSITIVE","FALSE POSITIVE",298.794980,41.759769,0.973547911,11.52,435.7,2.2858,1814.0,2556.60,6084.00,0.8630,0.9440,4.542,1.097,0,38.70,0.0000
"K01235.01",,"FALSE POSITIVE","FALSE POSITIVE",298.135250,41.951050,3.053563251,21.79,508.4,3.2551,1171.0,444.16,5764.00,0.8630,0.9590,4.548,1.208,0,50.40,0.0000
"K01236.01","Kepler-279 c","CONFIRMED","CANDIDATE",287.391200,42.194832,35.7353616,5.47,778.8,8.491,774.0,84.66,6366.00,1.6970,1.1640,4.045,0.878,0,58.40,0.0860
"K01236.02","Kepler-279 b","CONFIRMED","CANDIDATE",287.391200,42.194832,12.30971679,3.82,396,6.74,1104.0,350.46,6366.00,1.6970,1.1640,4.045,0.847,0,45.90,0.2420
"K01236.03","Kepler-279 d","CONFIRMED","CANDIDATE",287.391200,42.194832,54.4205407,3.2,598,8.559,574.0,25.60,6781.00,1.0670,1.0970,4.422,0.9414,0,44.90,
"K01237.01",,"FALSE POSITIVE","FALSE POSITIVE",294.589290,41.944382,14.32407216,38.86,2053.9,4.6577,782.0,88.38,6022.00,1.0390,1.1160,4.453,1.292,0,58.00,0.0000
"K01238.01","Kepler-797 b","CONFIRMED","CANDIDATE",297.208950,41.781712,27.07237655,2.18,514.2,6.9592,605.0,31.58,5936.00,0.9650,1.0750,4.501,0.015,0,44.00,1.0000
"K01239.01",,"CANDIDATE","CANDIDATE",292.178590,42.005909,0.783276173,1.98,264.7,1.6735,2149.0,5056.88,5640.00,1.2330,0.9790,4.247,0.041,0,46.90,1.0000
"K01239.02",,"CANDIDATE","CANDIDATE",292.178590,42.005909,3.17405898,2.09,282.2,2.3156,1348.0,780.46,5640.00,1.2330,0.9790,4.247,0.422,0,29.20,0.5450
"K01240.01","Kepler-280 b","CONFIRMED","CANDIDATE",291.390500,42.180592,2.1395563,1.76,266.1,2.0678,1425.0,974.30,5534.00,1.0800,0.9260,4.338,0.368,0,48.90,1.0000
"K01240.02","Kepler-280 c","CONFIRMED","CANDIDATE",291.390500,42.180592,4.807103254,2.96,450.5,0.9393,1088.0,330.84,5534.00,1.0800,0.9260,4.338,0.94,0,32.90,1.0000
"K01241.01","Kepler-56 c","CONFIRMED","CANDIDATE",293.758360,41.871868,21.4054422,11.64,409.3,11.721,1087.0,330.00,4838.00,4.3610,1.3810,3.299,0.943,0,60.90,1.0000
"K01241.02","Kepler-56 b","CONFIRMED","CANDIDATE",293.758360,41.871868,10.5007712,5.68,183.4,14.522,1378.0,852.28,4838.00,4.3610,1.3810,3.299,0.034,0,45.30,0.0980
"K01242.01",,"CANDIDATE","CANDIDATE",292.228390,42.035370,99.6442783,8.48,3215.6,5.1772,415.0,6.98,6102.00,1.0160,1.0490,4.447,0.966,0,163.20,1.0000
"K01243.01",,"FALSE POSITIVE","FALSE POSITIVE",287.149440,42.105209,3.125814002,1.88,238.8,1.7895,1460.0,1073.04,6358.00,1.1810,1.1250,4.346,0.506,0,32.00,0.0000
"K01244.01",,"FALSE POSITIVE","FALSE POSITIVE",292.237240,42.154289,10.80487163,1.71,292.7,2.7215,857.0,127.84,6092.00,0.9980,1.0740,4.471,0.207,0,27.40,0.0000
"K01245.01","Kepler-798 b","CONFIRMED","CANDIDATE",292.478210,42.142288,13.71938426,1.98,316.4,5.5677,864.0,131.94,6387.00,1.1050,1.1450,4.410,0.022,0,48.30,1.0000
"K01246.01",,"CANDIDATE","CANDIDATE",291.427550,41.878159,19.03723442,5.74,401.3,3.3882,1051.0,288.04,5248.00,2.8920,1.0170,3.523,0.033,0,25.30,1.0000
"K01247.01",,"FALSE POSITIVE","FALSE POSITIVE",283.469910,45.052460,2.73987398,34.83,20632.2,4.15886,2113.0,4705.30,6520.00,2.2600,1.3000,3.844,0.703,0,1454.30,0.4830
"K01248.01",,"FALSE POSITIVE","FALSE POSITIVE",289.405730,44.516941,5.801880653,19.91,41924,4.2608,964.0,203.62,5845.00,0.8740,0.9680,4.541,0.773,0,396.80,0.0000
"K01249.01",,"FALSE POSITIVE","FALSE POSITIVE",291.902370,44.683731,85.34092607,1177.65,51746.2,10.6141,409.0,6.61,6004.00,0.8980,0.9780,4.522,12.773,0,898.40,0.0000
"K01250.01",,"FALSE POSITIVE","FALSE POSITIVE",290.267670,44.712849,0.782045734,45.05,16185,1.7945,2070.0,4332.10,6113.00,0.9950,1.0440,4.463,1.244,0,272.30,0.0000
"K01251.01",,"CANDIDATE","CANDIDATE",288.700870,44.707680,0.576078683,23.23,10084.8,1.63253,1982.0,3647.63,5693.00,0.8160,0.9110,4.570,1.113,0,426.00,0.0000
"K01252.01",,"FALSE POSITIVE","FALSE POSITIVE",284.282530,44.987228,0.885747456,269.98,895.2,4.4788,4958.0,142553.16,5487.00,10.3960,2.5810,2.816,1.205,0,203.60,0.0000
"K01253.01",,"FALSE POSITIVE","FALSE POSITIVE",301.355070,44.492271,3.611541977,28.07,2972.3,8.6068,1005.0,240.29,5203.00,0.8020,0.7500,4.504,1.254,0,167.10,0.0000
"K01254.01",,"FALSE POSITIVE","FALSE POSITIVE",299.073880,44.431679,5.082722475,4.4,1974.1,5.9139,1059.0,296.94,5780.00,1.0000,1.0000,4.438,0.019,0,95.50,1.0000
"K01255.01",,"CANDIDATE","CANDIDATE",291.445220,44.528690,78.9257421,11.9,17972,7.5193,398.0,5.94,5750.00,0.8820,0.9800,4.538,0.359,0,85.20,0.4360
"K01256.01",,"FALSE POSITIVE","FALSE POSITIVE",301.042390,45.022888,9.991625291,38.93,3450.5,3.8552,907.0,160.14,5874.00,1.0960,0.9540,4.338,1.256,0,220.30,0.0000
"K01257.01","Kepler-420 b","CONFIRMED","CANDIDATE",291.225190,44.927380,86.64764448,9.4,7311.6,4.2326,419.0,7.28,5522.00,1.1200,0.9630,4.323,0,0,241.90,0.1170
"K01258.01","Kepler-281 c","CONFIRMED","CANDIDATE",294.108180,44.770699,36.33750453,5.3,2828.4,7.06,513.0,16.36,5717.00,0.8840,0.9840,4.538,0.825,0,96.80,0.9970
"K01258.02","Kepler-281 b","CONFIRMED","CANDIDATE",294.108180,44.770699,14.64613058,2.22,593.5,5.688,694.0,54.95,5717.00,0.8840,0.9840,4.538,0.561,0,30.00,1.0000
"K01258.03","Kepler-281 d","CONFIRMED","CANDIDATE",294.108180,44.770699,148.272013,4.3,1707.4,4.192,321.0,2.51,5717.00,0.8840,0.9840,4.538,0.883,0,21.80,0.9600
"K01259.01",,"FALSE POSITIVE","FALSE POSITIVE",293.617430,45.016701,1.506507172,13.4,880.9,4.5346,801.0,97.56,3755.00,0.4730,0.4850,4.774,1.226,0,86.70,0.0000
"K01260.01",,"FALSE POSITIVE","FALSE POSITIVE",296.396390,44.963036,5.2972293,47.7,1210.5,3.799,2867.0,15961.10,4631.00,14.2960,1.8120,2.386,0.022,0,31.80,0.0000
"K01261.01","Kepler-799 b","CONFIRMED","CANDIDATE",287.174900,44.878571,133.460999,11.21,5032.9,11.4997,433.0,8.29,5588.00,1.5930,1.0310,4.047,0.249,0,162.30,1.0000
"K01261.02","Kepler-799 c","CONFIRMED","CANDIDATE",287.174900,44.878571,15.19423359,3.69,367.8,3.106,893.0,150.25,5588.00,1.5930,1.0310,4.047,0.906,0,18.10,0.9880
"K01262.01",,"FALSE POSITIVE","FALSE POSITIVE",296.933930,44.853642,14.17098745,4.19,3070.8,3.4804,608.0,32.22,5107.00,0.7770,0.8070,4.565,0.041,0,93.60,0.0000
"K01263.01",,"FALSE POSITIVE","FALSE POSITIVE",292.134370,44.656170,31.9734169,24.1,1414.4,13.262,442.0,9.01,4931.00,0.7740,0.8650,4.595,1.24,0,62.50,0.0000
"K01264.01","Kepler-800 b","CONFIRMED","CANDIDATE",286.574830,44.795200,14.13175309,3.02,1033,4.0136,675.0,49.18,5616.00,0.8220,0.9070,4.564,0.848,0,40.10,1.0000
"K01265.01",,"FALSE POSITIVE","FALSE POSITIVE",288.908570,44.642410,1.061934816,25.72,437.2,3.2551,1660.0,1789.63,5730.00,0.8700,0.9680,4.545,1.25,0,74.50,0.0000
"K01266.01","Kepler-801 b","CONFIRMED","CANDIDATE",286.075230,44.664639,11.41926141,1.48,915.6,3.9908,419.0,7.32,3823.00,0.4920,0.5130,4.765,0.242,0,58.00,1.0000
"K01267.01",,"FALSE POSITIVE","FALSE POSITIVE",299.274900,44.553490,5.93821065,61.63,522.5,2.5128,996.0,231.93,6123.00,0.8500,0.9240,4.545,1.646,0,33.60,0.0000
"K01268.01",,"CANDIDATE","CANDIDATE",289.889620,45.005669,268.9410974,13.57,9010.2,5.4434,321.0,2.52,5798.00,1.3060,1.0410,4.224,0.765,0,120.40,0.9960
"K01269.01",,"FALSE POSITIVE","FALSE POSITIVE",293.534150,44.971111,0.655001616,31.77,271.2,1.8136,3162.0,23595.49,6426.00,2.0890,1.4660,3.965,1.121,0,104.50,0.0000
"K01270.01","Kepler-57 b","CONFIRMED","CANDIDATE",293.641300,44.657040,5.729317577,2.41,865.4,1.1816,850.0,123.03,5320.00,0.7860,0.8820,4.589,0.597,0,59.00,1.0000
"K01270.02","Kepler-57 c","CONFIRMED","CANDIDATE",293.641300,44.657040,11.60908533,1.71,489.3,2.2603,671.0,48.06,5320.00,0.7860,0.8820,4.589,0.03,0,34.10,1.0000
"K01271.01",,"CANDIDATE","CANDIDATE",294.265500,44.794300,162.0479502,11.52,4840.5,9.8974,437.0,8.65,6309.00,1.5670,1.2940,4.160,0.663,0,370.20,1.0000
"K01272.01",,"FALSE POSITIVE","FALSE POSITIVE",288.867340,44.615730,0.530967162,23.72,244.9,3.3659,2704.0,12644.75,6449.00,1.1930,1.0690,4.316,1.167,0,125.50,
"K01273.01","Kepler-802 b","CONFIRMED","CANDIDATE",286.015870,45.007771,40.05881661,3.43,1239.4,5.595,489.0,13.57,5668.00,0.8680,0.9630,4.545,0.819,0,62.60,0.9270
"K01274.01","Kepler-421 b","CONFIRMED","CANDIDATE",283.256810,45.087780,704.962626,4.53,2319.1,18.003,178.0,0.24,5305.00,0.8180,0.7530,4.489,0.8495,0,96.10,
"K01275.01","Kepler-803 b","CONFIRMED","CANDIDATE",299.221620,44.693871,50.28635977,3.88,1119.3,6.3212,543.0,20.59,5900.00,1.1670,1.0120,4.309,0.018,0,99.50,0.9360
"K01276.01","Kepler-1991 c","CONFIRMED","CANDIDATE",285.036100,45.071060,22.79020351,2.57,617.9,5.0394,634.0,38.27,5478.00,1.0530,0.9140,4.354,0.036,0,47.70,1.0000
"K01276.02","Kepler-1991 b","CONFIRMED","CANDIDATE",285.036100,45.071060,13.26079792,1.47,199.4,3.912,760.0,78.79,5478.00,1.0530,0.9140,4.354,0.22,0,17.60,1.0000
"K01277.01",,"FALSE POSITIVE","FALSE POSITIVE",288.902530,44.632992,1.061932545,2.29,133.6,2.1429,2508.0,9391.15,6134.00,1.8510,1.1790,3.975,0.713,0,80.20,0.0000
"K01278.01","Kepler-282 d","CONFIRMED","CANDIDATE",284.677280,44.797680,24.8056775,2.16,624.4,6.148,588.0,28.22,5600.00,0.8720,0.7930,4.455,0.007,0,39.40,1.0000
"K01278.02","Kepler-282 e","CONFIRMED","CANDIDATE",284.677280,44.797680,44.3471936,2.45,791.7,6.43,484.0,13.00,5600.00,0.8720,0.7930,4.455,0.273,0,40.50,1.0000
"K01278.03","Kepler-282 b","CONFIRMED","CANDIDATE",284.677280,44.797680,9.2207691,1.02,140,4.907,817.0,105.63,5600.00,0.8720,0.7930,4.455,0.037,0,13.20,0.8960
"K01278.04","Kepler-282 c","CONFIRMED","CANDIDATE",284.677280,44.797680,13.6396648,1.1,162.7,5.425,717.0,62.60,5600.00,0.8720,0.7930,4.455,0.105,0,13.30,0.9920
"K01279.01","Kepler-804 b","CONFIRMED","CANDIDATE",293.372250,44.785141,14.37457572,1.94,335.8,4.7892,779.0,87.24,5768.00,1.0670,0.9460,4.358,0.035,0,55.20,1.0000
"K01279.02","Kepler-804 c","CONFIRMED","CANDIDATE",293.372250,44.785141,9.65188331,1.08,103.2,4.296,890.0,148.32,5768.00,1.0670,0.9460,4.358,0.122,0,19.80,0.9710
"K01280.01",,"FALSE POSITIVE","FALSE POSITIVE",296.717350,44.579659,6.0990118,3.16,227.5,3.6112,1374.0,842.53,5743.00,1.9710,1.0770,3.881,0.688,0,39.30,0.0000
"K01281.01","Kepler-1742 b","CONFIRMED","CANDIDATE",286.966830,44.992489,49.4781446,1.88,496.6,2.493,462.0,10.73,5776.00,0.8490,0.9390,4.554,0.048,0,20.40,0.9890
"K01282.01","Kepler-805 b","CONFIRMED","CANDIDATE",293.229950,45.053310,30.8639476,3.01,256.5,8.864,743.0,72.05,5977.00,1.5710,1.0810,4.080,0.907,0,63.00,0.9980
"K01283.01","Kepler-806 b","CONFIRMED","CANDIDATE",296.007110,44.853474,8.0922105,1.44,65.3,5.7696,1089.0,331.65,5774.00,1.3950,0.9070,4.106,0.951,0,37.50,0.9980
"K01284.01",,"FALSE POSITIVE","FALSE POSITIVE",283.315920,48.404873,3.117087797,88.51,12152.1,3.06941,1842.0,2725.12,6338.00,2.0460,1.4340,3.973,1.255,0,441.70,0.0000
"K01285.01",,"FALSE POSITIVE","FALSE POSITIVE",291.636990,47.832340,0.937406378,7.09,5079.6,1.9515,1659.0,1790.11,5480.00,0.8430,0.8760,4.529,0.8735,0,138.90,
"K01286.01",,"FALSE POSITIVE","FALSE POSITIVE",298.258030,48.217361,0.668483615,29.53,2899.8,2.0909,1832.0,2642.17,5546.00,0.8100,0.9070,4.575,1.269,0,161.20,0.0000
"K01287.01",,"FALSE POSITIVE","FALSE POSITIVE",282.232730,48.271198,4.429633087,32.12,6120.1,3.0257,950.0,192.62,5344.00,0.8090,0.8370,4.545,1.264,0,166.30,0.0000
"K01288.01","Kepler-807 b","CONFIRMED","CANDIDATE",289.020170,48.119808,117.93110803,10.36,8506.6,5.8796,418.0,7.20,6392.00,1.0720,1.1160,4.425,0.615,0,212.50,1.0000
"K01289.01",,"FALSE POSITIVE","FALSE POSITIVE",297.710390,48.083832,4.887806806,5.71,4676,2.4078,918.0,167.54,5284.00,0.8120,0.8040,4.523,0.561,0,116.10,0.0000
"K01290.01",,"FALSE POSITIVE","FALSE POSITIVE",296.716340,48.211262,11.973605044,38.2,3822.9,4.3117,820.0,106.83,6146.00,0.9430,1.0200,4.497,1.3,0,172.90,0.0000
"K01291.01",,"FALSE POSITIVE","FALSE POSITIVE",290.293850,47.967590,1.231364189,5.39,1097.1,5.8574,1707.0,2005.15,5897.00,0.8910,0.7780,4.429,0.995,0,229.70,0.0000
"K01292.01",,"FALSE POSITIVE","FALSE POSITIVE",294.021700,48.390419,2.102416517,29.29,1502.5,1.7684,1435.0,1003.06,5999.00,0.9590,1.0450,4.494,1.236,0,94.30,0.0000
"K01293.01",,"FALSE POSITIVE","FALSE POSITIVE",296.932680,48.266491,11.703109303,37.3,4201,2.0467,811.0,102.47,6014.00,0.9580,1.0430,4.494,1.279,0,126.60,0.0000
"K01294.01",,"FALSE POSITIVE","FALSE POSITIVE",297.116000,47.737949,9.08937826,5.35,779.8,6.255,1104.0,351.45,6739.00,1.2750,1.2830,4.332,0.982,0,72.70,0.0000
"K01295.01",,"FALSE POSITIVE","FALSE POSITIVE",292.089050,47.929642,1.577800747,31.24,697.7,2.1626,1513.0,1236.23,6089.00,0.8020,0.8620,4.566,1.332,0,79.60,0.0030
"K01296.01",,"FALSE POSITIVE","FALSE POSITIVE",289.790770,48.448139,2.380862632,21.65,32634,4.20416,1480.0,1133.00,5821.00,1.1290,0.9220,4.297,0.664,0,2590.60,0.5650
"K01297.01",,"FALSE POSITIVE","FALSE POSITIVE",296.148770,47.934872,1.031096352,2.36,265.4,2.781,2020.0,3954.46,6371.00,1.0720,1.1170,4.426,0.979,0,37.80,0.0000
"K01298.01","Kepler-283 b","CONFIRMED","CANDIDATE",293.613710,47.839001,11.00817635,2.15,1462.5,2.013,488.0,13.39,4141.00,0.5820,0.5960,4.684,0.025,0,42.10,1.0000
"K01298.02","Kepler-283 c","CONFIRMED","CANDIDATE",293.613710,47.839001,92.7495777,1.87,1105.1,5.506,240.0,0.78,4141.00,0.5820,0.5960,4.684,0.019,0,18.00,0.0000
"K01299.01","Kepler-432 b","CONFIRMED","CANDIDATE",293.282200,48.285900,52.5008645,12.41,946.7,14.9066,812.0,102.94,4976.00,4.1570,1.3520,3.331,0.11,0,116.20,0.9810
"K01300.01","Kepler-808 b","CONFIRMED","CANDIDATE",291.594090,48.445610,0.63133171,1.2,434.5,1.1487,1322.0,726.72,4441.00,0.5300,0.5260,4.710,0.726,0,95.80,1.0000
"K01301.01","Kepler-284 b","CONFIRMED","CANDIDATE",293.146480,47.729649,12.69905011,2.62,797.4,2.9899,686.0,52.55,5291.00,0.8820,0.8750,4.489,0.663,0,30.40,1.0000
"K01301.02","Kepler-284 c","CONFIRMED","CANDIDATE",293.146480,47.729649,37.5142128,2.68,935,5.303,478.0,12.38,5291.00,0.8820,0.8750,4.489,0.366,0,28.90,1.0000
"K01302.01","Kepler-809 b","CONFIRMED","CANDIDATE",289.083650,48.018131,55.6391882,3.13,853,7.316,478.0,12.33,5949.00,0.9620,1.0500,4.493,0.811,0,48.30,1.0000
"K01303.01",,"CANDIDATE","CANDIDATE",294.230070,48.204479,34.2966363,3.29,696.6,19.718,584.0,27.60,5490.00,1.1670,0.9110,4.263,0.711,0,66.70,0.9980
"K01304.01","Kepler-810 b","CONFIRMED","CANDIDATE",296.614870,48.082642,4.59726613,1.69,313,2.909,1105.0,352.40,5999.00,0.9590,1.0450,4.494,0.033,0,17.00,0.9840
"K01305.01","Kepler-285 b","CONFIRMED","CANDIDATE",291.390900,48.065609,2.633852528,1.38,259.8,2.0206,1131.0,387.43,5114.00,0.8780,0.8170,4.463,0.204,0,23.30,1.0000
"K01305.02","Kepler-285 c","CONFIRMED","CANDIDATE",291.390900,48.065609,6.18670882,1.21,202.6,2.909,851.0,123.96,5114.00,0.8780,0.8170,4.463,0.013,0,14.30,0.9780
"K01306.01","Kepler-286 b","CONFIRMED","CANDIDATE",290.676150,48.294289,1.796320953,1.2,210.9,1.9139,1367.0,827.82,5576.00,0.8290,0.8000,4.503,0.015,0,22.10,1.0000
"K01306.02","Kepler-286 c","CONFIRMED","CANDIDATE",290.676150,48.294289,3.468073,1.29,243.9,2.361,1098.0,343.57,5576.00,0.8290,0.8000,4.503,0.143,0,20.60,0.9940
"K01306.03","Kepler-286 d","CONFIRMED","CANDIDATE",290.676150,48.294289,5.9142668,1.31,253.2,2.661,919.0,168.51,5576.00,0.8290,0.8000,4.503,0.04,0,17.40,0.9500
"K01306.04","Kepler-286 e","CONFIRMED","CANDIDATE",290.676150,48.294289,29.2214959,1.81,394,4.014,539.0,20.03,5576.00,0.8290,0.8000,4.503,0.779,0,14.60,0.9100
"K01307.01","Kepler-287 c","CONFIRMED","CANDIDATE",290.927460,48.443550,44.8520997,3.35,780.8,3.5729,513.0,16.35,5514.00,1.0710,0.9260,4.345,0.807,0,33.00,0.9990
"K01307.02","Kepler-287 b","CONFIRMED","CANDIDATE",290.927460,48.443550,20.34237838,2.88,564.6,2.3351,667.0,46.93,5514.00,1.0710,0.9260,4.345,0.826,0,28.70,1.0000
"K01308.01","Kepler-811 b","CONFIRMED","CANDIDATE",285.424290,47.834610,23.58444746,3,429.2,5.5545,730.0,66.96,5655.00,1.3540,0.9470,4.152,0.711,0,42.80,1.0000
"K01309.01","Kepler-812 b","CONFIRMED","CANDIDATE",288.855290,48.208542,10.1171684,3.07,288.7,4.6677,1163.0,433.41,6306.00,1.7920,1.3990,4.077,0.296,0,50.60,1.0000
"K01310.01","Kepler-813 b","CONFIRMED","CANDIDATE",285.662690,48.435371,19.12947603,4.23,451.2,3.9622,817.0,105.25,5372.00,1.7100,1.0840,4.007,0.861,0,31.70,1.0000
"K01311.01","Kepler-1667 b","CONFIRMED","CANDIDATE",283.532960,48.094261,83.5781976,6.63,630.8,7.2487,655.0,43.62,6056.00,2.5620,1.4680,3.788,0.544,0,54.90,0.9390
"K01312.01","Kepler-814 b","CONFIRMED","CANDIDATE",284.910490,48.431641,6.1469956,2.04,249.6,3.3153,1164.0,433.72,6110.00,1.2960,1.1850,4.285,0.083,0,25.80,1.0000
"K01313.01",,"FALSE POSITIVE","FALSE POSITIVE",286.665680,48.144581,0.522457732,1.52,143.8,0.8907,2308.0,6715.55,5991.00,0.9540,0.9560,4.459,0.967,0,48.20,0.0000
"K01314.01","Kepler-815 b","CONFIRMED","CANDIDATE",285.221100,47.881378,8.57504983,4.26,160.6,8.653,1374.0,841.68,4986.00,3.4640,1.2680,3.462,0.129,0,36.90,0.9970
"K01315.01",,"CANDIDATE","CANDIDATE",295.293850,48.374802,6.84639884,1.9,149.7,3.4919,1132.0,387.84,6065.00,1.3100,1.1150,4.251,0.9,0,36.30,1.0000
"K01316.01","Kepler-1743 b","CONFIRMED","CANDIDATE",290.552370,48.126263,7.64970832,1.43,55.4,6.625,1144.0,404.99,5855.00,1.6130,1.2660,4.125,0.898,0,28.50,0.9970
"K01316.02",,"CANDIDATE","CANDIDATE",290.552370,48.126263,12.37679312,,,3.85,,,,,,,,,,
"K01317.01",,"FALSE POSITIVE","FALSE POSITIVE",294.773930,39.333839,2.171827838,58.56,42086,3.2205,1311.0,698.31,5650.00,0.8910,0.9440,4.513,1.323,0,300.60,0.0000
"K01318.01",,"FALSE POSITIVE","FALSE POSITIVE",294.881810,39.161072,1.634614356,44.22,19761.5,3.4422,1611.0,1597.73,6121.00,0.9700,1.0010,4.468,1.229,0,376.50,0.0000
"K01319.01",,"FALSE POSITIVE","FALSE POSITIVE",296.479370,39.127571,16.025018977,1069.01,29090,3.8828,657.0,44.01,5776.00,0.7890,0.8790,4.582,13.239,0,257.80,0.0020
"K01320.01","Kepler-816 b","CONFIRMED","CANDIDATE",293.362850,39.212448,10.50682978,9.01,13355.5,3.7769,668.0,47.21,5127.00,0.7820,0.8720,4.589,0.407,0,343.40,1.0000
"K01321.01",,"FALSE POSITIVE","FALSE POSITIVE",295.731930,39.587521,0.711966971,33.34,6227.5,2.0221,1855.0,2808.98,5486.00,0.8300,0.7410,4.470,1.268,0,392.20,0.0000
"K01322.01",,"FALSE POSITIVE","FALSE POSITIVE",296.735020,39.187801,17.72724392,14.77,16878,4.1073,741.0,71.06,6181.00,1.0060,1.0740,4.464,0.825,0,109.70,0.0000
"K01323.01","Kepler-817 b","CONFIRMED","CANDIDATE",296.081850,39.161621,3.990105908,7.45,6154.9,2.4108,1124.0,378.53,5926.00,0.9130,1.0040,4.519,0.582,0,247.80,1.0000
"K01324.01",,"FALSE POSITIVE","FALSE POSITIVE",288.653590,39.664310,0.52205862,27.16,1381.3,2.0847,2022.0,3951.57,5359.00,0.8780,0.8470,4.478,1.24,0,169.00,0.0000
"K01325.01","Kepler-818 b","CONFIRMED","CANDIDATE",296.235110,39.370338,10.035381809,4.42,2829.7,3.4062,786.0,90.33,5813.00,0.8330,0.9250,4.561,0.079,0,150.90,1.0000
"K01326.01",,"FALSE POSITIVE","FALSE POSITIVE",286.834870,39.760849,53.100942624,24.02,19981.1,2.2868,464.0,10.93,5465.00,0.9730,0.8590,4.396,0.988,0,1108.50,0.0000
"K01327.01",,"FALSE POSITIVE","FALSE POSITIVE",293.611210,39.417519,15.6402515,18.11,800.3,6.222,640.0,39.55,5346.00,0.8260,0.7710,4.491,1.167,0,19.30,0.0000
"K01328.01",,"CANDIDATE","CANDIDATE",295.805850,39.177990,80.9669561,5.04,4733,2.5276,364.0,4.14,5611.00,0.7370,0.8240,4.610,0.007,0,52.00,0.9090
"K01329.01","Kepler-819 b","CONFIRMED","CANDIDATE",295.370790,39.177212,33.1996355,2.85,1112.5,5.022,485.0,13.09,5102.00,0.8800,0.8190,4.463,0.017,0,32.60,0.9950
"K01330.01",,"FALSE POSITIVE","FALSE POSITIVE",289.726100,39.272831,8.65306587,19.78,1048.1,4.486,633.0,37.94,4641.00,0.6940,0.6820,4.589,1.222,0,43.00,0.0000
"K01331.01",,"CANDIDATE","CANDIDATE",294.508420,39.398682,6.80082032,1.88,699.9,1.9883,697.0,55.83,4805.00,0.6880,0.7690,4.633,0.597,0,25.50,0.9990
"K01332.01","Kepler-288 c","CONFIRMED","CANDIDATE",288.916440,39.594711,19.30581662,4,709.1,4.2902,815.0,104.41,5661.00,1.5220,1.0400,4.090,0.001,0,36.30,1.0000
"K01332.02","Kepler-288 b","CONFIRMED","CANDIDATE",288.916440,39.594711,6.09747233,2.22,217.6,3.431,1197.0,485.84,5661.00,1.5220,1.0400,4.090,0.012,0,17.40,0.9990
"K01332.03","Kepler-288 d","CONFIRMED","CANDIDATE",288.916440,39.594711,56.637918,3.68,589.7,6.172,570.0,24.87,5661.00,1.5220,1.0400,4.090,0.298,0,20.90,0.9910
"K01333.01",,"FALSE POSITIVE","FALSE POSITIVE",296.653080,39.322689,2.243016513,1.37,299.6,2.721,1167.0,438.46,5462.00,0.7320,0.8120,4.614,0.737,0,59.10,0.0000
"K01334.01",,"FALSE POSITIVE","FALSE POSITIVE",289.743900,39.286301,8.6531216,22.58,654.8,4.39,772.0,84.05,5421.00,0.8520,0.9690,4.564,1.214,0,35.70,0.0000
"K01335.01","Kepler-820 b","CONFIRMED","CANDIDATE",291.020140,39.220680,127.8334997,9.46,1829.9,10.914,554.0,22.21,6505.00,2.1700,1.6130,3.973,0.416,0,76.90,1.0000
"K01336.01","Kepler-58 b","CONFIRMED","CANDIDATE",296.358670,39.115189,10.21864532,2.33,445.3,3.802,920.0,169.13,6100.00,1.0830,1.0170,4.376,0.416,0,26.60,1.0000
"K01336.02","Kepler-58 c","CONFIRMED","CANDIDATE",296.358670,39.115189,15.573637,2.94,468.1,5.326,799.0,96.38,6100.00,1.0830,1.0170,4.376,0.946,0,24.70,1.0000
"K01336.03","Kepler-58 d","CONFIRMED","CANDIDATE",296.358670,39.115189,40.1015561,2.92,550,5.246,583.0,27.31,6100.00,1.0830,1.0170,4.376,0.868,0,19.00,1.0000
"K01336.04","Kepler-58 e","CONFIRMED","CANDIDATE",296.358670,39.115189,4.45814897,1.61,188.1,2.867,1212.0,511.60,6100.00,1.0830,1.0170,4.376,0.754,0,14.30,1.0000
"K01337.01","Kepler-821 b","CONFIRMED","CANDIDATE",285.617460,39.379532,1.922799706,1.28,259.7,1.8604,1215.0,514.44,5194.00,0.8150,0.8790,4.559,0.036,0,30.10,1.0000
"K01338.01","Kepler-822 b","CONFIRMED","CANDIDATE",292.276120,39.550179,3.222975318,1.47,232.7,2.9247,1239.0,558.65,5823.00,0.9600,0.8990,4.427,0.33,0,31.30,1.0000
"K01338.02",,"CANDIDATE","CANDIDATE",292.276120,39.550179,42.0370662,1.66,266.8,6.282,527.0,18.16,5823.00,0.9600,0.8990,4.427,0.672,0,14.70,0.9990
"K01338.03",,"CANDIDATE","CANDIDATE",292.276120,39.550179,21.0112068,1.4,163.6,4.507,663.0,45.79,5823.00,0.9600,0.8990,4.427,0.853,0,10.20,0.7540
"K01339.01","Kepler-823 b","CONFIRMED","CANDIDATE",284.582550,39.220211,4.16811839,2.28,263,2.8084,1277.0,628.73,5689.00,1.3130,1.0000,4.202,0.709,0,26.70,1.0000
"K01340.01",,"FALSE POSITIVE","FALSE POSITIVE",296.434080,39.444069,2.90060781,1.58,124.8,2.563,1645.0,1727.31,6547.00,1.3710,1.1980,4.241,0.47,0,20.60,0.0000
"K01341.01","Kepler-824 b","CONFIRMED","CANDIDATE",290.477420,39.732010,4.51436096,1.84,230.7,3.0083,1231.0,543.73,5940.00,1.2150,1.0910,4.306,0.118,0,28.40,1.0000
"K01342.01","Kepler-825 b","CONFIRMED","CANDIDATE",294.769900,39.398510,3.77359871,1.29,176,2.7282,1270.0,614.52,6224.00,0.9690,0.8680,4.404,0,0,25.60,0.8080
"K01342.02","Kepler-825 c","CONFIRMED","CANDIDATE",294.769900,39.398510,8.18182189,1.77,299.6,2.4566,981.0,218.90,6224.00,0.9690,0.8680,4.404,0.655,0,27.40,1.0000
"K01343.01",,"FALSE POSITIVE","FALSE POSITIVE",294.189670,39.617119,1.544927524,1.39,138.5,1.0134,1824.0,2606.96,6309.00,1.1320,1.0180,4.340,0.533,0,25.40,0.0000
"K01344.01","Kepler-826 b","CONFIRMED","CANDIDATE",284.860140,39.240551,4.48758768,1.37,112,2.874,1305.0,684.07,6060.00,1.2570,0.9720,4.227,0.532,0,25.90,0.9990
"K01345.01",,"FALSE POSITIVE","FALSE POSITIVE",292.630000,42.829338,0.323021692,46.4,47100,2.3442,2545.0,9913.70,5458.00,0.9720,0.8280,4.381,1.1083,0,520.60,
"K01346.01",,"FALSE POSITIVE","FALSE POSITIVE",291.610080,42.759762,4.70818628,42.99,56545,3.278,1046.0,282.41,5868.00,0.8940,0.9870,4.530,1.082,0,24.70,0.0000
"K01347.01",,"FALSE POSITIVE","FALSE POSITIVE",293.020360,42.508835,14.405857436,23.42,30430.6,5.48509,888.0,146.95,5945.00,1.3460,1.0390,4.196,0.001,0,2294.10,0.0000
"K01348.01",,"FALSE POSITIVE","FALSE POSITIVE",292.739900,42.359402,7.702374154,225.25,18377,3.8459,825.0,109.38,5598.00,0.8300,0.9280,4.565,3.346,0,157.20,0.0000
"K01349.01",,"FALSE POSITIVE","FALSE POSITIVE",286.300260,42.374828,16.66216657,843.45,27442,3.8762,834.0,114.41,6440.00,1.1690,1.1960,4.380,7.444,0,114.50,0.0000
"K01350.01",,"FALSE POSITIVE","FALSE POSITIVE",297.108370,42.751663,0.752159702,43.73,3425,2.3621,2224.0,5767.22,5916.00,1.1750,0.9950,4.296,1.272,0,291.10,0.0000
"K01352.01",,"FALSE POSITIVE","FALSE POSITIVE",294.091090,42.491459,4.81886153,2.96,1318.6,6.223,803.0,98.29,5030.00,0.6510,0.7050,4.658,0.924,0,86.30,0.0000
"K01353.01","Kepler-289 c","CONFIRMED","CANDIDATE",297.465330,42.882839,125.86540191,12.37,12389.5,9.0191,394.0,5.71,5933.00,1.1150,0.9980,4.342,0.101,0,544.70,1.0000
"K01353.02","Kepler-289 b","CONFIRMED","CANDIDATE",297.465330,42.882839,34.5439452,2.67,429.8,3.482,607.0,32.02,5933.00,1.1150,0.9980,4.342,0.87,0,23.40,1.0000
"K01354.01",,"FALSE POSITIVE","FALSE POSITIVE",298.805450,42.395840,1.752567456,26.56,607.3,5.4993,1502.0,1202.54,5739.00,0.9960,0.9800,4.433,1.218,0,92.20,0.0000
"K01355.01","Kepler-827 b","CONFIRMED","CANDIDATE",294.966060,42.708569,51.92920654,8.49,3425.8,5.2637,574.0,25.60,5671.00,1.4420,1.0170,4.128,0.398,0,81.80,0.9950
"K01356.01",,"CANDIDATE","CANDIDATE",292.119900,42.931679,384.02570682,,,14.56,,,,,,,,,,
"K01357.01",,"CANDIDATE","CANDIDATE",298.459530,42.187431,3.014330766,2.87,975.3,2.4747,1124.0,377.79,5209.00,0.9530,0.9250,4.446,0.01,0,57.30,1.0000
"K01358.01","Kepler-1987 d","CONFIRMED","CANDIDATE",295.825500,42.943390,5.644914154,2.66,1397.9,2.2599,744.0,72.38,4769.00,0.7140,0.7990,4.622,0.445,0,63.90,1.0000
"K01358.02","Kepler-1987 e","CONFIRMED","CANDIDATE",295.825500,42.943390,8.74292005,1.92,779.5,2.6277,643.0,40.33,4769.00,0.7140,0.7990,4.622,0.025,0,30.70,0.9990
"K01358.03","Kepler-1987 c","CONFIRMED","CANDIDATE",295.825500,42.943390,3.64830183,1.33,371.7,1.9985,860.0,129.44,4769.00,0.7140,0.7990,4.622,0.063,0,19.90,1.0000
"K01358.04","Kepler-1987 b","CONFIRMED","CANDIDATE",295.825500,42.943390,2.345863002,1.23,316.7,1.6795,997.0,233.38,4769.00,0.7140,0.7990,4.622,0.035,0,19.60,0.9330
"K01359.01","Kepler-1744 b","CONFIRMED","CANDIDATE",291.020690,42.462440,37.1011418,3.19,1357.5,5.5556,532.0,18.95,5986.00,0.8500,0.8860,4.527,0.41,0,55.20,1.0000
"K01359.02",,"CANDIDATE","CANDIDATE",291.020690,42.462440,104.8205868,6.45,3920.1,4.4794,376.0,4.74,5986.00,0.8500,0.8860,4.527,0.918,0,76.60,1.0000
"K01360.01","Kepler-290 c","CONFIRMED","CANDIDATE",286.410000,42.681549,36.7704935,2.83,1346.6,4.42,437.0,8.60,5142.00,0.7550,0.8400,4.602,0.545,0,40.80,1.0000
"K01360.02","Kepler-290 b","CONFIRMED","CANDIDATE",286.410000,42.681549,14.58932429,2.32,831.3,2.4184,594.0,29.53,5142.00,0.7550,0.8400,4.602,0.694,0,29.30,1.0000
"K01360.03","Kepler-290 d","CONFIRMED","CANDIDATE",286.410000,42.681549,0.764017553,0.86,128.2,1.103,1589.0,1503.79,5142.00,0.7550,0.8400,4.602,0.442,0,13.20,0.9210
"K01361.01","Kepler-61 b","CONFIRMED","CANDIDATE",295.304500,42.475288,59.8780258,2.19,1419.1,4.8027,273.0,1.31,4016.00,0.5990,0.5950,4.658,0.004,0,51.80,0.9980
"K01362.01",,"CANDIDATE","CANDIDATE",281.605410,42.390419,20.51360192,2.58,1174.1,3.4769,540.0,20.15,5310.00,0.7040,0.7330,4.608,0.703,0,32.30,1.0000
"K01363.01","Kepler-291 b","CONFIRMED","CANDIDATE",287.916350,42.437302,3.546531809,2.18,442.7,2.2746,1212.0,510.26,5993.00,0.9860,1.0930,4.489,0.633,0,26.40,1.0000
"K01363.02","Kepler-291 c","CONFIRMED","CANDIDATE",287.916350,42.437302,5.70070626,2.03,379.8,1.6408,1035.0,270.62,5993.00,0.9860,1.0930,4.489,0.664,0,15.20,0.9830
"K01364.01","Kepler-292 f","CONFIRMED","CANDIDATE",295.766140,42.424278,20.8341497,2.26,803.1,4.522,563.0,23.82,5296.00,0.8080,0.8210,4.538,0.269,0,26.20,1.0000
"K01364.02","Kepler-292 d","CONFIRMED","CANDIDATE",295.766140,42.424278,7.0556584,2.13,705.6,3.0479,808.0,100.88,5296.00,0.8080,0.8210,4.538,0.301,0,32.10,1.0000
"K01364.03","Kepler-292 e","CONFIRMED","CANDIDATE",295.766140,42.424278,11.97884409,2.11,707.9,3.751,678.0,49.87,5296.00,0.8080,0.8210,4.538,0.073,0,27.80,1.0000
"K01364.04","Kepler-292 c","CONFIRMED","CANDIDATE",295.766140,42.424278,3.71545593,1.46,331.7,2.558,1001.0,237.42,5296.00,0.8080,0.8210,4.538,0.327,0,19.60,0.8570
"K01364.05","Kepler-292 b","CONFIRMED","CANDIDATE",295.766140,42.424278,2.58083264,1.31,270.2,2.1729,1130.0,386.18,5296.00,0.8080,0.8210,4.538,0.16,0,17.50,1.0000
"K01365.01",,"FALSE POSITIVE","FALSE POSITIVE",281.437350,42.725269,1.487084251,1.6,295.7,1.3233,1462.0,1076.29,5650.00,0.8760,0.9930,4.551,0.678,0,17.90,0.0000
"K01366.01","Kepler-293 b","CONFIRMED","CANDIDATE",286.358060,42.406509,19.25404023,3.04,987.7,4.6509,657.0,44.17,5798.00,0.9410,1.0380,4.507,0.548,0,50.70,1.0000
"K01366.02","Kepler-293 c","CONFIRMED","CANDIDATE",286.358060,42.406509,54.1558384,3.88,1109.8,4.432,466.0,11.12,5798.00,0.9410,1.0380,4.507,0.927,0,29.10,1.0000
"K01367.01","Kepler-828 b","CONFIRMED","CANDIDATE",286.887270,42.471260,0.567856484,1.55,334.8,1.0258,1848.0,2760.23,5073.00,0.8530,0.8060,4.483,0.324,0,53.80,1.0000
"K01368.01",,"FALSE POSITIVE","FALSE POSITIVE",290.202360,42.955891,251.0597249,44.2,7419.8,5.1095,301.0,1.93,5714.00,1.0860,0.9400,4.340,1.264,0,110.30,0.0000
"K01369.01","Kepler-1745 b","CONFIRMED","CANDIDATE",293.469020,42.822411,3.016182013,2.25,222.5,2.8349,1449.0,1044.49,5611.00,1.4000,0.9950,4.144,0.732,0,31.90,1.0000
"K01370.01","Kepler-829 b","CONFIRMED","CANDIDATE",282.332790,42.463821,6.8833761,1.69,458.4,2.2702,857.0,127.67,5679.00,0.7940,0.8860,4.581,0.075,0,28.10,0.9950
"K01371.01",,"FALSE POSITIVE","FALSE POSITIVE",295.876340,42.364819,0.833980196,1.45,261.2,1.756,1816.0,2562.78,5747.00,0.8710,0.9390,4.530,0.547,0,56.90,0.0000
"K01372.01",,"FALSE POSITIVE","FALSE POSITIVE",296.399900,42.387100,69.62754202,,,11.07,,,,,,,,,,
"K01373.01",,"FALSE POSITIVE","FALSE POSITIVE",292.054780,42.330250,1.926353494,1.33,185.1,2.5305,1484.0,1146.34,6063.00,0.8990,0.8930,4.481,0.767,0,36.90,0.0000
"K01374.01",,"FALSE POSITIVE","FALSE POSITIVE",295.785950,42.844280,0.890737359,20.57,195.8,1.9257,2022.0,3948.43,5687.00,1.1690,0.9790,4.293,1.146,0,37.70,0.0000
"K01375.01","Kepler-1746 b","CONFIRMED","CANDIDATE",288.320430,42.261414,321.2124365,7.25,2358.6,4.012,310.0,2.17,6018.00,1.2860,1.0900,4.257,0.873,0,81.70,0.6770
"K01376.01",,"FALSE POSITIVE","FALSE POSITIVE",291.013580,42.283134,7.13895376,49.96,254.2,4.568,1622.0,1635.00,7131.00,2.1450,1.3730,3.913,1.199,0,32.90,0.0000
"K01377.01","Kepler-830 b","CONFIRMED","CANDIDATE",295.054290,42.756840,11.29689442,1.74,198.5,4.623,907.0,160.18,6096.00,1.1760,1.1550,4.358,0.634,0,20.90,0.9990
"K01378.01",,"FALSE POSITIVE","FALSE POSITIVE",295.510680,42.930565,19.30112039,1.66,232.3,6.0752,669.0,47.49,5687.00,0.9430,0.8300,4.408,0.862,0,45.00,0.4900
"K01378.02",,"FALSE POSITIVE","FALSE POSITIVE",295.510680,42.930565,0.691666384,0.58,35.6,1.9603,2031.0,4014.57,5687.00,0.9430,0.8300,4.408,0.552,0,20.80,0.0000
"K01379.01","Kepler-831 b","CONFIRMED","CANDIDATE",294.985470,42.727669,5.62154315,1.37,172.3,2.4143,992.0,229.04,5637.00,0.9600,0.9240,4.439,0.742,0,35.30,1.0000
"K01380.01",,"FALSE POSITIVE","FALSE POSITIVE",289.248170,42.565559,1.074106954,0.52,64.5,1.9797,1255.0,588.96,4699.00,0.6760,0.7560,4.637,0.122,0,48.50,0.0000
"K01381.01",,"FALSE POSITIVE","FALSE POSITIVE",284.822720,46.013721,5.117401517,28.41,62929,4.3056,1130.0,385.51,6161.00,1.0530,1.1500,4.454,0.683,0,456.60,0.0050
"K01382.01",,"FALSE POSITIVE","FALSE POSITIVE",282.184390,46.006859,4.20233673,23.53,45982,3.6973,1246.0,570.87,6185.00,1.0940,1.0830,4.396,0.004,0,258.80,0.0850
"K01383.01",,"FALSE POSITIVE","FALSE POSITIVE",291.920650,45.247028,3.221785738,25.03,46379,3.3411,1357.0,800.37,6250.00,1.0410,1.0130,4.411,0.777,0,336.40,0.3830
"K01384.01",,"FALSE POSITIVE","FALSE POSITIVE",297.573490,45.233299,0.6243875,29.45,36854.7,1.92102,1639.0,1693.36,5211.00,0.6180,0.6120,4.644,1.157,0,628.30,0.0000
"K01385.01",,"FALSE POSITIVE","FALSE POSITIVE",290.883540,45.765869,18.610092584,55.23,50833.5,4.98308,686.0,52.24,6077.00,0.8910,0.9740,4.526,1.258,0,1309.30,0.0000
"K01386.01",,"FALSE POSITIVE","FALSE POSITIVE",286.361880,45.555161,1.137525054,42.74,18006.1,2.68228,1746.0,2197.52,5912.00,0.9370,0.9390,4.467,1.238,0,633.10,0.0000
"K01387.01",,"FALSE POSITIVE","FALSE POSITIVE",290.493070,45.205898,23.799939273,51.74,60186.4,5.02319,637.0,38.92,5934.00,0.9570,0.9910,4.473,1.137,0,2065.80,0.0000
"K01388.01",,"FALSE POSITIVE","FALSE POSITIVE",293.386630,45.870270,34.064566412,15.57,28450.4,9.6114,570.0,25.00,6161.00,0.8920,0.9550,4.517,0.524,0,1305.90,0.0000
"K01389.01",,"FALSE POSITIVE","FALSE POSITIVE",283.189090,45.364170,4.350087749,24.77,23593,2.6428,1136.0,393.20,6060.00,0.9530,1.0360,4.495,0.986,0,192.20,0.0000
"K01390.01",,"FALSE POSITIVE","FALSE POSITIVE",294.915860,45.783871,1.744101106,7.21,9681.4,1.5497,1016.0,251.54,4368.00,0.7030,0.7060,4.593,0.618,0,152.60,0.0000
"K01391.01",,"FALSE POSITIVE","FALSE POSITIVE",293.709050,45.286388,7.981187121,18.75,7609.5,1.8071,966.0,205.88,6217.00,0.9890,1.0560,4.472,1.036,0,202.10,0.0000
"K01392.01",,"FALSE POSITIVE","FALSE POSITIVE",297.605290,45.360680,4.118775582,4.48,2647.7,3.76,1067.0,306.75,5944.00,0.8020,0.9050,4.579,0.754,0,125.60,0.0870
"K01393.01",,"CANDIDATE","CANDIDATE",283.555540,45.614262,1.694740233,2.12,1446.8,1.6864,797.0,95.14,3764.00,0.5270,0.5550,4.739,0.671,0,92.30,1.0000
"K01394.01",,"FALSE POSITIVE","FALSE POSITIVE",284.791020,45.228989,5.663621501,2.47,1225,1.2968,774.0,84.76,4917.00,0.7230,0.7610,4.601,0.169,0,39.80,0.0000
"K01395.01","Kepler-1747 b","CONFIRMED","CANDIDATE",284.209660,45.258080,6.230335,3.7,1449.2,1.6493,875.0,138.33,5477.00,0.8650,0.9830,4.557,0.808,0,31.60,1.0000
"K01396.01","Kepler-294 c","CONFIRMED","CANDIDATE",287.392000,46.059311,6.62643441,2.54,814.6,3.1752,895.0,151.59,5616.00,0.9030,1.0060,4.529,0.111,0,40.60,1.0000
"K01396.02","Kepler-294 b","CONFIRMED","CANDIDATE",287.392000,46.059311,3.70122061,1.62,327.4,2.523,1087.0,330.02,5616.00,0.9030,1.0060,4.529,0.178,0,19.60,0.9920
"K01397.01",,"CANDIDATE","CANDIDATE",299.677700,45.972328,6.247030799,1.89,1496.6,1.4848,512.0,16.23,3821.00,0.4870,0.5030,4.764,0.039,0,44.80,1.0000
"K01398.01","Kepler-1748 b","CONFIRMED","CANDIDATE",285.967860,45.739071,5.82348911,3,888.7,2.2441,955.0,196.33,5774.00,0.8640,0.9160,4.526,0.877,0,38.10,1.0000
"K01399.01",,"CANDIDATE","CANDIDATE",295.760830,45.457390,8.75059775,2.27,881.9,2.8288,682.0,51.00,4942.00,0.7790,0.8840,4.599,0.33,0,28.30,1.0000
"K01400.01",,"FALSE POSITIVE","FALSE POSITIVE",293.174160,45.521229,9.41475056,19.33,483.4,4.736,962.0,202.58,6406.00,1.0330,1.0610,4.436,1.148,0,55.20,0.0000
"K01401.01",,"FALSE POSITIVE","FALSE POSITIVE",294.790010,45.391621,0.56669006,1.52,104.6,2.1674,2955.0,18023.71,6899.00,1.3860,1.3210,4.273,0.7102,0,53.80,
"K01402.01","Kepler-832 b","CONFIRMED","CANDIDATE",295.926090,45.383862,7.13969705,2.24,512.9,3.981,965.0,205.23,6014.00,0.9930,1.1010,4.486,0.027,0,27.80,1.0000
"K01403.01","Kepler-833 b","CONFIRMED","CANDIDATE",290.479950,45.600700,18.75470238,1.67,995.3,3.0331,382.0,5.03,3976.00,0.5400,0.5590,4.721,0.034,0,33.20,1.0000
"K01404.01","Kepler-834 b","CONFIRMED","CANDIDATE",287.054530,45.180370,13.32389352,1.26,781.3,3.2208,378.0,4.83,3751.00,0.4500,0.4790,4.813,0.073,0,25.90,0.9990
"K01405.01","Kepler-835 b","CONFIRMED","CANDIDATE",283.574220,45.734798,11.41911886,3.32,509.2,5.135,921.0,170.33,6311.00,1.1720,1.2530,4.398,0.947,0,23.70,0.9960
"K01406.01","Kepler-836 b","CONFIRMED","CANDIDATE",287.452790,45.704399,11.36113254,2.6,569.5,4.1886,869.0,134.97,6244.00,1.0090,1.0690,4.460,0.734,0,57.00,1.0000
"K01407.01",,"FALSE POSITIVE","FALSE POSITIVE",285.988650,45.377811,1.3866358,0.72,70.1,4.77,1503.0,1205.94,5693.00,0.8560,0.9500,4.551,0.3783,0,6.80,
"K01408.01","Kepler-1749 b","CONFIRMED","CANDIDATE",290.294560,45.564610,14.53410833,1.36,510.6,3.3094,420.0,7.34,3957.00,0.5530,0.5510,4.693,0.766,0,32.50,1.0000
"K01409.01","Kepler-837 b","CONFIRMED","CANDIDATE",285.246670,45.950191,16.56062577,2.94,700.8,2.611,701.0,57.28,5818.00,0.8550,0.7270,4.436,0.96,0,30.80,1.0000
"K01410.01","Kepler-838 b","CONFIRMED","CANDIDATE",285.435520,45.976021,15.74958583,2.77,659.5,4.6672,777.0,86.18,6191.00,1.0250,1.0880,4.454,0.637,0,42.60,1.0000
"K01412.01","Kepler-839 b","CONFIRMED","CANDIDATE",291.074680,45.242580,37.8145252,3.04,412.5,9.109,626.0,36.25,5988.00,1.3140,1.1960,4.278,0.845,0,57.90,0.9990
"K01413.01","Kepler-295 b","CONFIRMED","CANDIDATE",285.345830,45.367779,12.64504291,1.55,200.4,9.117,741.0,71.28,5607.00,0.8860,0.8000,4.447,0.931,0,32.70,0.9860
"K01413.02","Kepler-295 c","CONFIRMED","CANDIDATE",285.345830,45.367779,21.5262958,1.36,190,8.392,621.0,35.03,5607.00,0.8860,0.8000,4.447,0.804,0,23.40,0.9990
"K01413.03","Kepler-295 d","CONFIRMED","CANDIDATE",285.345830,45.367779,33.8845825,1.74,224.1,6.538,533.0,19.13,5607.00,0.8860,0.8000,4.447,0.961,0,17.20,0.9350
"K01414.01",,"FALSE POSITIVE","FALSE POSITIVE",301.261440,45.104893,4.02378908,2.24,32.1,3.237,2504.0,9293.19,7516.00,3.6850,2.2180,3.651,0.715,0,36.10,0.0000
"K01415.01",,"FALSE POSITIVE","FALSE POSITIVE",293.381530,48.824760,0.312941621,58.02,35262,2.0646,3151.0,23300.36,6286.00,1.1880,1.0510,4.312,1.1789,0,413.90,
"K01416.01","Kepler-840 b","CONFIRMED","FALSE POSITIVE",296.507390,49.457291,2.495780169,15.75,25070,4.2721,1408.0,929.47,6039.00,0.9920,0.9590,4.426,0.133,0,171.40,0.9200
"K01417.01",,"FALSE POSITIVE","FALSE POSITIVE",284.988860,49.626060,8.428090255,517.43,11355.5,1.881,817.0,105.54,5761.00,0.8050,0.8930,4.573,6.787,0,183.00,0.0000
"K01418.01",,"FALSE POSITIVE","FALSE POSITIVE",298.760620,48.600182,8.344104633,836.31,9695,1.8014,785.0,89.55,5447.00,0.8380,0.9280,4.559,10.047,0,89.70,0.0000
"K01419.01",,"FALSE POSITIVE","FALSE POSITIVE",285.411960,48.725231,1.336109338,35.19,2204.3,1.7419,1727.0,2106.49,6119.00,0.9670,0.9820,4.460,1.28,0,150.00,0.0000
"K01420.01",,"CANDIDATE","CANDIDATE",290.112700,48.577782,13.35151248,4.44,3308.8,3.6045,585.0,27.77,4843.00,0.7540,0.7550,4.562,0.573,0,107.90,1.0000
"K01421.01",,"CANDIDATE","CANDIDATE",287.650450,49.156052,1693.6636225,10.23,9515.3,22.604,157.0,0.14,5923.00,1.0210,1.0590,4.445,0.5283,0,122.80,
"K01422.01","Kepler-296 c","CONFIRMED","CANDIDATE",286.540010,49.437328,5.841636615,1.38,1336.3,1.8734,446.0,9.38,3526.00,0.3830,0.3940,4.866,0.026,0,41.10,1.0000
"K01422.02","Kepler-296 d","CONFIRMED","CANDIDATE",286.540010,49.437328,19.85029495,1.52,1607.5,2.8407,297.0,1.83,3526.00,0.3830,0.3940,4.866,0.217,0,34.40,1.0000
"K01422.03","Kepler-296 b","CONFIRMED","CANDIDATE",286.540010,49.437328,10.8644095,1.14,748.7,1.853,363.0,4.09,3526.00,0.3830,0.3940,4.866,0.763,0,16.80,0.9850
"K01423.01","Kepler-841 b","CONFIRMED","CANDIDATE",284.251310,48.809608,124.4197175,10.3,4107,3.7197,416.0,7.07,5066.00,1.6590,0.9450,3.974,0.017,0,39.90,1.0000
"K01424.01","Kepler-842 b","CONFIRMED","CANDIDATE",292.328580,49.653542,1.219568047,1.51,494.9,1.5681,1252.0,578.96,4838.00,0.7010,0.7780,4.625,0.067,0,65.90,1.0000
"K01425.01","Kepler-843 b","CONFIRMED","CANDIDATE",296.321990,48.971481,2.05388477,2.74,546.7,2.1635,1523.0,1271.11,5632.00,1.1760,0.9650,4.282,0.282,0,50.00,1.0000
"K01426.01","Kepler-297 b","CONFIRMED","CANDIDATE",283.209170,48.777641,38.86848956,2.81,1004.9,6.0573,509.0,15.89,5618.00,0.8970,0.8460,4.460,0.028,0,73.40,1.0000
"K01426.02","Kepler-297 c","CONFIRMED","CANDIDATE",283.209170,48.777641,74.92768653,6.39,4119.2,4.74,409.0,6.62,5618.00,0.8970,0.8460,4.460,0.796,0,161.50,0.9070
"K01426.03","Kepler-297 d","CONFIRMED","CANDIDATE",283.209170,48.777641,150.0189511,32.6,4319.7,4.3823,325.0,2.62,5618.00,0.8970,0.8460,4.460,1.252,0,106.20,0.9990
"K01427.01","Kepler-844 b","CONFIRMED","CANDIDATE",287.857730,48.774109,2.613020421,1.5,599.7,1.9588,713.0,61.24,3883.00,0.5170,0.5160,4.725,0.891,0,31.10,0.9990
"K01428.01","Kepler-845 b","CONFIRMED","CANDIDATE",290.957550,49.203812,0.927859786,1.79,515.3,1.4279,1361.0,813.30,4815.00,0.6990,0.7990,4.631,0.795,0,99.80,1.0000
"K01429.01","Kepler-1750 b","CONFIRMED","CANDIDATE",292.351500,48.511082,205.912735,4.68,2378.8,9.992,298.0,1.85,5644.00,0.9690,0.9810,4.457,0.196,0,49.40,0.9970
"K01430.01","Kepler-298 b","CONFIRMED","CANDIDATE",283.039790,48.825359,10.47548084,2.11,1070.7,2.3024,540.0,20.15,4463.00,0.6110,0.6620,4.677,0.664,0,40.30,1.0000
"K01430.02","Kepler-298 c","CONFIRMED","CANDIDATE",283.039790,48.825359,22.92886314,2.08,908.9,2.0831,416.0,7.09,4463.00,0.6110,0.6620,4.677,0.805,0,21.30,1.0000
"K01430.03","Kepler-298 d","CONFIRMED","CANDIDATE",283.039790,48.825359,77.4740991,2.63,1543.6,4.168,277.0,1.40,4463.00,0.6110,0.6620,4.677,0.758,0,27.50,0.9960
"K01431.01",,"CANDIDATE","CANDIDATE",287.022280,48.681938,345.1589354,7.79,5087.9,7.5646,241.0,0.80,5597.00,0.9310,1.0320,4.515,0.87,0,197.90,0.9980
"K01432.01","Kepler-299 c","CONFIRMED","CANDIDATE",283.206970,48.580502,6.88595222,2.68,428.5,4.148,946.0,189.35,5616.00,0.9990,0.9030,4.394,0.953,0,34.50,1.0000
"K01432.02","Kepler-299 d","CONFIRMED","CANDIDATE",283.206970,48.580502,15.0549356,1.6,256.4,4.801,729.0,66.72,5616.00,0.9990,0.9030,4.394,0.321,0,16.60,0.9970
"K01432.03","Kepler-299 b","CONFIRMED","CANDIDATE",283.206970,48.580502,2.92721119,1.29,170.2,2.545,1258.0,593.23,5616.00,0.9990,0.9030,4.394,0.043,0,18.00,0.9990
"K01432.04","Kepler-299 e","CONFIRMED","CANDIDATE",283.206970,48.580502,38.2856338,1.77,322.8,6.512,534.0,19.24,5616.00,0.9990,0.9030,4.394,0.115,0,15.00,0.9980
"K01433.01","Kepler-846 b","CONFIRMED","CANDIDATE",287.057010,49.046021,19.80787763,2.08,616.3,3.453,624.0,35.89,5775.00,0.8400,0.9340,4.558,0.054,0,20.10,1.0000
"K01434.01","Kepler-847 b","CONFIRMED","CANDIDATE",283.504790,49.451019,2.343230566,1.18,246.5,2.0424,1054.0,292.31,4798.00,0.7820,0.7610,4.533,0.047,0,23.90,0.9960
"K01435.01","Kepler-300 c","CONFIRMED","CANDIDATE",295.288700,48.599720,40.7150498,2.2,563.9,8.587,516.0,16.76,5968.00,0.8810,0.9700,4.534,0.638,0,56.40,1.0000
"K01435.02","Kepler-300 b","CONFIRMED","CANDIDATE",295.288700,48.599720,10.44635944,2.18,354.2,2.749,812.0,102.77,5968.00,0.8810,0.9700,4.534,0.967,0,34.40,1.0000
"K01436.01","Kepler-301 b","CONFIRMED","CANDIDATE",283.982970,49.232990,2.508553286,1.28,211.6,2.2664,1278.0,629.80,5814.00,0.8810,0.9440,4.523,0.009,0,26.80,1.0000
"K01436.02","Kepler-301 d","CONFIRMED","CANDIDATE",283.982970,49.232990,13.75129636,1.66,348.5,3.853,725.0,65.24,5814.00,0.8810,0.9440,4.523,0.359,0,24.60,1.0000
"K01436.03","Kepler-301 c","CONFIRMED","CANDIDATE",283.982970,49.232990,5.41908491,1.38,231,2.3379,989.0,225.71,5814.00,0.8810,0.9440,4.523,0.536,0,20.20,0.9800
"K01437.01","Kepler-1751 b","CONFIRMED","CANDIDATE",284.846620,49.692402,7.01733571,1.61,255.5,3.567,984.0,221.46,6052.00,0.9670,0.9740,4.456,0.581,0,15.50,1.0000
"K01438.01","Kepler-848 b","CONFIRMED","CANDIDATE",293.288270,48.811619,6.91134223,1.9,201.7,5.6743,1086.0,328.65,5685.00,1.3500,1.0390,4.194,0.259,0,44.00,1.0000
"K01439.01","Kepler-849 b","CONFIRMED","CANDIDATE",290.851780,48.521339,394.6249514,7.79,2013.3,24.108,325.0,2.65,5910.00,1.7270,1.1640,4.030,0.336,0,234.60,1.0000
"K01440.01","Kepler-850 b","CONFIRMED","CANDIDATE",293.084470,48.575390,7.19304935,1.59,255.3,3.407,995.0,232.36,6185.00,0.9910,1.0600,4.472,0.017,0,19.00,0.9960
"K01441.01","Kepler-851 b","CONFIRMED","CANDIDATE",294.680270,49.140160,8.50698069,1.9,295.5,2.938,900.0,155.42,5822.00,0.9860,0.9510,4.428,0.816,0,20.70,0.9860
"K01442.01","Kepler-407 b","CONFIRMED","CANDIDATE",286.036350,49.614510,0.669310092,1.13,131.8,1.6274,1983.0,3643.96,5475.00,1.0030,0.9770,4.426,0.157,0,75.30,1.0000
"K01443.01",,"FALSE POSITIVE","FALSE POSITIVE",295.034610,48.882172,4.494498254,62.11,248.2,1.9742,1667.0,1824.84,5117.00,3.4030,1.5980,3.578,1.149,0,39.30,0.0000
"K01444.01","Kepler-852 b","CONFIRMED","CANDIDATE",297.391600,48.560692,44.9306706,2.49,438.4,6.539,565.0,24.17,6121.00,1.1640,1.2330,4.397,0.481,0,33.80,0.9790
"K01445.01","Kepler-853 b","CONFIRMED","CANDIDATE",283.936800,49.110329,7.16893064,1.61,112.8,4.6766,1187.0,469.56,6221.00,1.4580,1.2250,4.198,0.573,0,36.30,0.9980
"K01445.02",,"CANDIDATE","CANDIDATE",283.936800,49.110329,54.325574,0.76,44.2,9.86,545.0,20.85,6343.00,1.1370,1.2130,4.411,0.154,0,7.70,
"K01445.03",,"CANDIDATE","CANDIDATE",283.936800,49.110329,20.01959599,,,7,,,,,,,,,,
"K01446.01",,"FALSE POSITIVE","FALSE POSITIVE",289.049990,51.418369,1.22775877,48.79,46148,2.7545,1859.0,2809.86,6207.00,1.0440,1.0210,4.412,1.111,0,292.70,0.0000
"K01447.01",,"FALSE POSITIVE","FALSE POSITIVE",296.025090,43.234875,40.24649897,97.54,159414,6.0203,768.0,82.27,6594.00,1.6910,1.1740,4.051,0.877,0,420.90,0.0000
"K01447.02",,"FALSE POSITIVE","FALSE POSITIVE",296.025090,43.234875,2.27999662,20.74,12831,5.7777,2000.0,3775.07,6594.00,1.6910,1.1740,4.051,0.739,0,366.80,0.9570
"K01448.01",,"FALSE POSITIVE","FALSE POSITIVE",289.805210,46.491711,2.48658617,24.39,42122,2.7189,1461.0,1077.69,5892.00,1.1980,1.1730,4.350,0.079,0,91.60,0.8670
"K01449.01",,"FALSE POSITIVE","FALSE POSITIVE",282.797640,43.578129,10.980246199,21.94,50078,3.74464,821.0,107.47,5952.00,0.8970,0.8510,4.462,0.733,0,1555.40,0.0000
"K01450.01","Kepler-854 b","CONFIRMED","FALSE POSITIVE",293.351290,43.134640,2.144632238,59.19,19836.9,6.2701,1736.0,2146.82,6296.00,1.3050,1.0760,4.240,1.228,0,334.80,0.0410
"K01451.01",,"FALSE POSITIVE","FALSE POSITIVE",283.241300,46.378471,27.32204488,21.58,77474.5,5.6716,531.0,18.81,5620.00,0.7720,0.8630,4.592,0.257,0,3622.70,0.0000
"K01452.01",,"FALSE POSITIVE","FALSE POSITIVE",293.281560,43.055809,1.152216965,187.73,12072,2.2245,5283.0,183811.71,5560.00,15.1130,3.4680,2.619,0.811,0,104.50,0.0000
"K01453.01",,"FALSE POSITIVE","FALSE POSITIVE",297.896580,43.563889,0.971933156,50.75,4786,1.9265,1754.0,2240.48,5592.00,0.9310,0.8830,4.445,1.42,0,223.10,0.0000
"K01454.01",,"FALSE POSITIVE","FALSE POSITIVE",294.547390,43.533691,121.5991278,379.63,10537,15.1596,358.0,3.87,6036.00,0.8470,0.9310,4.551,5.011,0,297.00,0.0000
"K01455.01",,"CANDIDATE","CANDIDATE",295.478300,39.867722,15.068060768,16.43,19387,3.3011,742.0,71.78,5982.00,0.9600,1.0470,4.493,0.88,0,282.80,0.0000
"K01456.01","Kepler-855 b","CONFIRMED","CANDIDATE",295.095000,43.537579,7.886632468,8.99,6331.2,5.2147,996.0,232.07,5847.00,1.1350,0.9460,4.304,0.048,0,392.30,1.0000
"K01457.01","Kepler-856 b","CONFIRMED","CANDIDATE",289.603820,46.314949,8.027681123,8.43,8725.4,3.0942,824.0,109.35,5569.00,0.8870,1.0090,4.546,0.495,0,461.50,1.0000
"K01458.01",,"CANDIDATE","CANDIDATE",296.571530,50.677849,8.98128472,7.19,4924,5.0397,898.0,153.36,5977.00,1.0220,1.1330,4.473,0.294,0,76.60,0.9780
"K01459.01",,"FALSE POSITIVE","FALSE POSITIVE",287.143130,46.508060,0.692015479,19.31,4518.1,1.1315,1057.0,294.34,3752.00,0.4970,0.5030,4.747,1.267,0,163.40,0.0000
"K01460.01",,"FALSE POSITIVE","FALSE POSITIVE",291.286590,43.404411,17.0421346,5.14,3616.7,7.507,594.0,29.47,5367.00,0.7730,0.8540,4.590,0.784,0,108.90,0.0000
"K01461.01",,"FALSE POSITIVE","FALSE POSITIVE",287.804570,46.238930,7.94671044,27.43,6084.4,2.8419,673.0,48.50,4859.00,0.7020,0.7890,4.626,1.255,0,165.30,0.0000
"K01462.01",,"FALSE POSITIVE","FALSE POSITIVE",291.023010,50.262226,3.74781242,38.04,5367,5.241,1172.0,446.47,5780.00,1.0000,1.0000,4.438,1.258,0,44.80,0.0000
"K01463.01",,"FALSE POSITIVE","FALSE POSITIVE",288.258640,43.376465,1064.2680956,33.63,22771.7,11.5521,281.0,1.47,6340.00,2.1730,1.1740,3.833,0.447,0,1171.20,0.0000
"K01464.01",,"FALSE POSITIVE","FALSE POSITIVE",296.917240,43.517529,2.113202658,207.71,2104.8,3.5234,1281.0,635.47,5482.00,0.8580,0.8530,4.502,3.178,0,97.20,0.0000
"K01465.01",,"CANDIDATE","CANDIDATE",286.149380,49.867512,9.771462706,10.15,6933.2,1.767,799.0,96.39,5812.00,0.8530,0.9470,4.551,0.946,0,215.00,0.0000
"K01466.01",,"CANDIDATE","CANDIDATE",284.849880,46.138950,281.5628889,10.83,21012,8.853,214.0,0.49,4810.00,0.7760,0.7550,4.536,0,0,237.10,0.9980
"K01467.01",,"FALSE POSITIVE","FALSE POSITIVE",297.174290,43.479099,1.157808038,22.9,866.7,3.6705,1579.0,1472.38,5566.00,0.8860,0.9750,4.532,1.203,0,78.80,0.0000
"K01468.01",,"FALSE POSITIVE","FALSE POSITIVE",298.822540,46.650269,8.48031942,4.54,1426.7,7.297,918.0,168.01,5951.00,0.9910,0.9830,4.439,0.918,0,92.80,0.0000
"K01469.01",,"FALSE POSITIVE","FALSE POSITIVE",296.078220,43.136940,3.582076914,5.33,1534.4,4.4228,1265.0,604.27,6109.00,0.9930,0.9500,4.422,0.966,0,138.40,0.0000
"K01470.01","Kepler-1668 b","CONFIRMED","CANDIDATE",297.352330,46.095940,15.43400996,4.3,1785.9,4.2572,721.0,63.79,5900.00,0.9510,1.0650,4.509,0.707,0,59.70,1.0000
"K01471.01",,"FALSE POSITIVE","FALSE POSITIVE",288.763180,50.174221,1.780984316,2.33,590.9,2.173,1397.0,899.03,5730.00,0.8700,0.9680,4.545,0.782,0,46.00,0.0000
"K01472.01","Kepler-857 b","CONFIRMED","CANDIDATE",294.632390,43.400471,85.3514875,6.31,4674.7,6.7504,390.0,5.44,5584.00,0.9380,0.9660,4.478,0.052,0,142.80,0.9360
"K01473.01",,"CANDIDATE","CANDIDATE",280.360230,43.123680,23.02028478,7.58,5077.8,3.544,604.0,31.40,5613.00,0.9560,1.0460,4.496,0.794,0,97.20,1.0000
"K01474.01","Kepler-419 b","CONFIRMED","CANDIDATE",295.417880,51.184761,69.72646639,11.65,4491.2,3.7177,613.0,33.30,6430.00,1.7310,1.3980,4.107,0.019,0,300.70,0.9850
"K01475.01","Kepler-1669 c","CONFIRMED","CANDIDATE",297.430390,39.847839,1.609321941,1.57,728.5,1.6067,958.0,199.28,4224.00,0.6030,0.6090,4.662,0.016,0,35.30,1.0000
"K01475.02","Kepler-1669 b","CONFIRMED","CANDIDATE",297.430390,39.847839,9.51220046,1.99,1169.4,2.9497,530.0,18.66,4224.00,0.6030,0.6090,4.662,0.133,0,31.90,0.9750
"K01475.03","Kepler-1669 d","CONFIRMED","CANDIDATE",297.430390,39.847839,4.72941177,1.22,434.3,2.234,669.0,47.30,4224.00,0.6030,0.6090,4.662,0.236,0,14.60,0.9870
"K01476.01","Kepler-1752 b","CONFIRMED","CANDIDATE",290.854130,51.222809,56.3587987,5.04,2559.6,6.927,419.0,7.29,5446.00,0.8210,0.8240,4.525,0.906,0,44.40,0.9990
"K01477.01",,"CANDIDATE","CANDIDATE",287.653960,43.505718,169.4976085,9.06,12192,7.77,272.0,1.29,5270.00,0.7870,0.9000,4.592,0.625,0,82.80,0.9220
"K01478.01","Kepler-858 b","CONFIRMED","CANDIDATE",288.848630,51.209049,76.13622222,4.78,2949.5,7.9393,399.0,6.01,5591.00,0.8920,0.9040,4.494,0.044,0,339.40,0.9610
"K01479.01",,"FALSE POSITIVE","FALSE POSITIVE",296.438140,46.615360,4.9883872,2.59,638.2,9.142,990.0,227.27,5819.00,0.8230,0.9100,4.565,0.939,0,52.90,0.0000
"K01480.01","Kepler-859 b","CONFIRMED","CANDIDATE",286.741880,43.190102,20.38174802,3.16,1597.1,3.7922,528.0,18.36,4883.00,0.8080,0.7790,4.515,0.295,0,46.80,1.0000
"K01480.02",,"CANDIDATE","CANDIDATE",286.741880,43.190102,7.00447892,1.19,231.4,2.669,754.0,76.26,4883.00,0.8080,0.7790,4.515,0.139,0,9.90,0.9770
"K01481.01","Kepler-860 b","CONFIRMED","CANDIDATE",295.577270,46.254742,5.101375725,2.84,894.6,2.595,1050.0,287.28,5869.00,0.9540,1.0010,4.479,0.027,0,55.10,1.0000
"K01482.01",,"FALSE POSITIVE","FALSE POSITIVE",288.022710,43.548210,17.7940049,312.48,879.4,4.091,762.0,79.54,6273.00,1.0440,1.0990,4.442,3.72,0,27.70,0.0000
"K01484.01",,"FALSE POSITIVE","FALSE POSITIVE",290.616790,49.957619,3.47021401,2.4,1105.2,2.289,933.0,179.02,4922.00,0.7440,0.7260,4.555,0.076,0,8.30,0.1330
"K01485.01",,"FALSE POSITIVE","FALSE POSITIVE",282.179410,46.457169,0.687895191,1.35,462.5,2.4233,1391.0,888.72,4478.00,0.6510,0.6370,4.615,0.018,0,60.90,0.0000
"K01486.01","Kepler-302 c","CONFIRMED","CANDIDATE",294.316990,43.629341,127.2824442,12.04,8088.6,7.1545,392.0,5.61,5733.00,1.1830,0.9740,4.281,0.827,0,148.10,1.0000
"K01486.02","Kepler-302 b","CONFIRMED","CANDIDATE",294.316990,43.629341,30.1837021,3.65,974.9,5.879,634.0,38.20,5733.00,1.1830,0.9740,4.281,0.011,0,37.90,1.0000
"K01487.01",,"FALSE POSITIVE","FALSE POSITIVE",292.072690,50.548290,2.92928244,38.42,268.6,6.794,2112.0,4706.45,6634.00,2.2510,1.2530,3.831,1.14,0,39.20,0.0000
"K01488.01","Kepler-861 b","CONFIRMED","CANDIDATE",292.353940,46.226280,3.949627144,2.32,807.2,1.5485,966.0,206.05,5155.00,0.8360,0.8490,4.523,0.049,0,45.10,1.0000
"K01489.01","Kepler-1753 b","CONFIRMED","CANDIDATE",288.236660,46.605919,16.00460392,2.24,831.9,3.9475,583.0,27.41,5180.00,0.7690,0.8600,4.597,0.49,0,34.30,1.0000
"K01490.01",,"FALSE POSITIVE","FALSE POSITIVE",297.121860,46.221909,3.55650737,3.05,293.6,8.545,1405.0,918.25,4951.00,1.8430,0.9310,3.876,0.01,0,77.10,0.0000
"K01491.01","Kepler-862 b","CONFIRMED","CANDIDATE",297.779270,46.492741,3.148661555,2.15,550.5,2.1978,1097.0,342.76,5258.00,0.8730,0.7970,4.458,0.652,0,35.30,1.0000
"K01492.01",,"FALSE POSITIVE","FALSE POSITIVE",289.950780,50.657249,0.70544824,20.03,462.4,2.9423,1868.0,2899.07,5717.00,0.8260,0.9170,4.564,1.2,0,118.20,0.0000
"K01493.01",,"FALSE POSITIVE","FALSE POSITIVE",296.441800,46.616711,4.9883873,3.28,507.6,9.059,1236.0,550.52,6418.00,1.1710,1.2410,4.395,0.944,0,42.40,0.0000
"K01494.01","Kepler-1754 b","CONFIRMED","CANDIDATE",295.457150,50.077171,8.19596647,2.04,792.8,2.824,672.0,48.20,4723.00,0.7470,0.7340,4.557,0.252,0,20.20,0.9940
"K01495.01","Kepler-863 b","CONFIRMED","CANDIDATE",297.664520,43.248959,15.59466045,2.74,867.7,5.0478,718.0,62.88,5900.00,0.9290,0.9950,4.500,0.266,0,49.20,0.9990
"K01496.01",,"FALSE POSITIVE","FALSE POSITIVE",289.606780,39.938332,36.12895451,53.72,3758.6,2.2348,546.0,21.05,5921.00,0.9120,0.9230,4.484,1.474,0,66.30,0.0000
"K01497.01",,"FALSE POSITIVE","FALSE POSITIVE",297.046510,49.970390,0.520222869,1.52,269.5,1.2216,2145.0,5038.49,5776.00,0.8890,0.9700,4.527,0.562,0,28.90,0.0000
"K01498.01","Kepler-864 b","CONFIRMED","CANDIDATE",285.057100,46.320679,5.83376197,2.98,532.9,3.9988,1143.0,403.49,6213.00,1.1950,1.2700,4.387,0.742,0,36.60,0.9970
"K01498.02","Kepler-864 c","CONFIRMED","CANDIDATE",285.057100,46.320679,2.42150341,1.62,171.5,2.965,1532.0,1305.04,6213.00,1.1950,1.2700,4.387,0.55,0,15.80,0.9990
"K01499.01","Kepler-865 b","CONFIRMED","CANDIDATE",297.724270,43.527431,14.16400071,2.35,728.1,4.3031,694.0,54.95,5440.00,0.8850,0.7820,4.438,0.027,0,71.50,1.0000
"K01499.02",,"CANDIDATE","CANDIDATE",297.724270,43.527431,0.840594032,0.62,49.8,1.404,1780.0,2368.31,5440.00,0.8850,0.7820,4.438,0.018,0,11.60,0.9440
"K01499.03","Kepler-865 c","CONFIRMED","CANDIDATE",297.724270,43.527431,6.20920207,0.89,101.9,2.637,914.0,164.98,5440.00,0.8850,0.7820,4.438,0.272,0,12.10,0.4640
"K01500.01",,"FALSE POSITIVE","FALSE POSITIVE",295.525210,46.459431,3.351556891,1.64,341.9,2.4005,1074.0,314.73,5185.00,0.9110,0.8370,4.442,0.129,0,38.80,0.0000
"K01501.01","Kepler-866 b","CONFIRMED","CANDIDATE",290.122310,43.085560,2.617028373,1.57,499.4,2.046,996.0,233.23,4831.00,0.7240,0.7060,4.568,0.146,0,30.80,1.0000
"K01502.01",,"FALSE POSITIVE","FALSE POSITIVE",291.231140,50.567020,1.876406096,1.57,433.8,1.531,1192.0,476.68,5198.00,0.7590,0.8430,4.600,0.302,0,37.00,0.0000
"K01503.01","Kepler-867 b","CONFIRMED","CANDIDATE",287.285310,51.249981,150.2412582,4.6,2378.5,10.849,327.0,2.72,5604.00,0.9430,0.9160,4.451,0.345,0,72.30,1.0000
"K01504.01",,"FALSE POSITIVE","FALSE POSITIVE",288.014860,46.348949,2.178154348,22.22,428.6,3.4874,1392.0,886.88,5947.00,0.8810,0.8600,4.482,1.21,0,93.00,0.0000
"K01505.01","Kepler-868 b","CONFIRMED","CANDIDATE",282.363490,46.675240,5.03257009,2.53,439.1,4.213,1047.0,283.49,5970.00,0.9080,0.9960,4.521,0.97,0,26.30,1.0000
"K01506.01","Kepler-869 b","CONFIRMED","CANDIDATE",289.424590,50.994122,40.4286676,2.92,916.1,7.102,494.0,14.08,5813.00,0.8330,0.9250,4.561,0.872,0,40.90,1.0000
"K01507.01","Kepler-870 b","CONFIRMED","CANDIDATE",295.402530,50.478630,21.3588236,2.52,640.1,5.823,691.0,53.89,6170.00,0.9920,1.0630,4.472,0.092,0,33.20,1.0000
"K01508.01","Kepler-871 b","CONFIRMED","CANDIDATE",294.527130,43.368160,22.0459163,3.05,804.8,5.22,640.0,39.69,5900.00,0.9510,1.0650,4.509,0.837,0,29.70,1.0000
"K01509.01",,"FALSE POSITIVE","FALSE POSITIVE",295.263490,46.148022,49.6456235,43.41,857.5,23.568,648.0,41.57,6273.00,1.4930,1.0950,4.129,1.236,0,176.50,0.0010
"K01510.01",,"CANDIDATE","CANDIDATE",295.084230,50.114609,0.839961456,1.63,492.9,1.3008,1455.0,1066.37,4932.00,0.7180,0.8080,4.618,0.548,0,35.10,1.0000
"K01511.01","Kepler-872 b","CONFIRMED","CANDIDATE",295.417450,43.605640,2.578852119,1.63,334.3,2.3581,1230.0,540.56,5743.00,0.8530,0.9490,4.553,0.625,0,36.70,1.0000
"K01512.01",,"FALSE POSITIVE","FALSE POSITIVE",286.887510,50.377071,9.04189129,3.24,783.4,2.789,729.0,66.83,5237.00,0.8260,0.9270,4.572,0.967,0,34.50,0.0000
"K01513.01",,"FALSE POSITIVE","FALSE POSITIVE",296.988530,46.596882,0.798200403,24.03,396.8,1.8261,2128.0,4875.01,6258.00,1.0310,1.0870,4.449,1.193,0,65.90,0.0000
"K01514.01",,"FALSE POSITIVE","FALSE POSITIVE",289.321010,46.134319,1.399326503,1,206.4,1.8305,1143.0,402.58,4502.00,0.7280,0.7220,4.572,0.009,0,22.70,0.0000
"K01515.01","Kepler-303 b","CONFIRMED","CANDIDATE",283.135470,43.657051,1.937029968,0.87,312.3,1.4727,802.0,97.94,4042.00,0.4900,0.5050,4.761,0.105,0,42.80,0.8890
"K01515.02","Kepler-303 c","CONFIRMED","CANDIDATE",283.135470,43.657051,7.06117322,1.23,481.7,1.0406,521.0,17.41,4042.00,0.4900,0.5050,4.761,0.845,0,27.20,0.9910
"K01516.01","Kepler-873 b","CONFIRMED","CANDIDATE",296.403200,51.271339,20.55331441,3.19,678.3,5.3136,749.0,74.49,6325.00,1.1120,1.1570,4.409,0.795,0,40.60,1.0000
"K01517.01","Kepler-874 b","CONFIRMED","CANDIDATE",294.956850,43.014332,40.0686713,3.1,970.9,5.8875,560.0,23.27,6026.00,0.9920,0.9240,4.411,0.029,0,62.00,1.0000
"K01518.01","Kepler-875 b","CONFIRMED","CANDIDATE",297.301300,43.141891,27.5071114,2.58,580.7,5.907,569.0,24.71,5783.00,0.8800,0.9770,4.539,0.918,0,30.70,1.0000
"K01519.01","Kepler-876 b","CONFIRMED","CANDIDATE",283.478180,43.383781,5.1443645,1.55,310.7,2.703,923.0,171.63,5157.00,0.9040,0.8300,4.445,0.031,0,20.20,1.0000
"K01520.01","Kepler-877 b","CONFIRMED","CANDIDATE",289.859130,46.522671,18.45848388,2.5,535.3,3.3703,632.0,37.81,5311.00,0.9480,0.8590,4.419,0.832,0,41.50,1.0000
"K01521.01","Kepler-878 b","CONFIRMED","CANDIDATE",285.296200,46.603439,25.9421582,1.95,569.7,4.045,501.0,14.85,5167.00,0.7960,0.8910,4.585,0.577,0,31.60,1.0000
"K01522.01","Kepler-879 b","CONFIRMED","CANDIDATE",295.806580,50.909801,33.3856176,2.48,553.2,5.0361,580.0,26.73,5833.00,1.0220,0.9740,4.407,0.562,0,37.10,0.9980
"K01523.01",,"FALSE POSITIVE","FALSE POSITIVE",298.730070,46.688671,8.48039789,1.71,259.7,6.249,866.0,132.85,5401.00,1.0500,0.9300,4.364,0.486,0,22.70,0.0000
"K01524.01",,"FALSE POSITIVE","FALSE POSITIVE",288.925750,39.901550,1.333395306,0.86,114.5,1.188,1390.0,880.53,5199.00,0.8110,0.8070,4.527,0.151,0,11.50,0.0000
"K01525.01","Kepler-880 b","CONFIRMED","CANDIDATE",281.971250,43.672771,7.71467686,4.65,233.9,4.5871,1622.0,1636.72,6900.00,2.5990,1.7140,3.843,0.899,0,33.30,1.0000
"K01526.01","Kepler-881 b","CONFIRMED","CANDIDATE",288.992580,46.670750,4.4444826,1.71,163,3.686,1217.0,518.45,6240.00,1.0790,1.1350,4.426,0.941,0,18.00,1.0000
"K01527.01",,"CANDIDATE","CANDIDATE",296.671300,43.498390,192.667139,3.64,1148.3,5.443,283.0,1.52,5401.00,0.8780,0.8630,4.487,0.911,0,26.00,0.9900
"K01528.01","Kepler-882 b","CONFIRMED","CANDIDATE",294.649900,43.335590,3.989544192,0.93,190,1.591,903.0,157.10,5229.00,0.6880,0.7650,4.643,0.085,0,26.20,1.0000
"K01529.01","Kepler-59 c","CONFIRMED","CANDIDATE",287.039520,46.640129,17.9776037,1.58,213.9,4.605,752.0,75.61,6296.00,1.0060,1.0660,4.460,0.721,0,23.30,1.0000
"K01529.02","Kepler-59 b","CONFIRMED","CANDIDATE",287.039520,46.640129,11.8693144,1.09,101.9,4.653,864.0,131.58,6296.00,1.0060,1.0660,4.460,0.73,0,13.90,1.0000
"K01530.01","Kepler-883 b","CONFIRMED","CANDIDATE",286.433650,50.300331,12.98494603,1.64,257.2,3.4497,818.0,105.74,5948.00,1.0250,0.9300,4.384,0.046,0,38.40,1.0000
"K01531.01","Kepler-884 b","CONFIRMED","CANDIDATE",292.584440,49.923161,5.69919592,1.16,159.4,2.3906,964.0,204.18,5646.00,0.9320,0.9860,4.493,0.007,0,35.30,1.0000
"K01532.01","Kepler-885 b","CONFIRMED","CANDIDATE",288.661560,49.737209,18.11473813,2.49,241.5,5.2706,830.0,112.43,6109.00,1.3600,1.1940,4.247,0.896,0,51.30,0.9970
"K01533.01","Kepler-886 b","CONFIRMED","CANDIDATE",286.271760,43.595230,6.24145791,1.6,163.7,3.0998,1111.0,360.09,5810.00,1.2590,1.0260,4.250,0.029,0,30.80,1.0000
"K01534.01","Kepler-887 b","CONFIRMED","CANDIDATE",290.090820,39.816990,20.4222447,1.78,189.3,6.22,785.0,89.74,6119.00,1.2990,1.1570,4.274,0.059,0,34.70,1.0000
"K01534.02","Kepler-887 c","CONFIRMED","CANDIDATE",290.090820,39.816990,7.63846084,1.12,71.7,3.957,1089.0,333.30,6119.00,1.2990,1.1570,4.274,0.405,0,16.60,0.9930
"K01535.01","Kepler-888 b","CONFIRMED","CANDIDATE",295.521210,49.738628,70.6981724,1.63,357.7,6.632,417.0,7.11,5811.00,0.8660,0.9400,4.536,0.026,0,37.70,0.9560
"K01536.01","Kepler-889 b","CONFIRMED","CANDIDATE",291.467320,50.759480,3.74443645,1.1,73.3,2.9191,1328.0,736.89,5876.00,1.2930,1.1320,4.269,0.169,0,25.40,1.0000
"K01537.01",,"CANDIDATE","CANDIDATE",281.461730,46.789894,10.19154678,1.39,61.3,6.165,1144.0,404.17,6212.00,1.6840,1.1560,4.049,0.659,0,27.60,0.9240
"K01538.01",,"FALSE POSITIVE","FALSE POSITIVE",296.629790,46.880203,10.581581895,53.19,112642,6.66929,1098.0,342.98,6168.00,1.5670,1.0610,4.074,0.202,0,1241.40,0.0000
"K01539.01",,"FALSE POSITIVE","FALSE POSITIVE",284.664000,43.985020,2.819453322,29.8,71867,4.4127,1357.0,803.40,5767.00,1.0740,0.9000,4.330,0.532,0,202.00,0.4880
"K01540.01",,"FALSE POSITIVE","FALSE POSITIVE",299.103270,40.849300,1.207852845,38.59,49720,3.5802,1539.0,1331.31,5601.00,0.7970,0.7910,4.533,1.113,0,205.90,0.0000
"K01541.01",,"FALSE POSITIVE","FALSE POSITIVE",293.195070,39.907280,2.379282197,25.74,48434,3.1729,1571.0,1442.19,6392.00,1.1620,1.2320,4.399,0.003,0,538.00,0.7590
"K01542.01",,"FALSE POSITIVE","FALSE POSITIVE",296.877620,43.941631,2.586878667,19.84,25480,6.1614,1666.0,1823.52,6812.00,1.1720,1.1030,4.343,0.651,0,261.30,0.0000
"K01543.01",,"FALSE POSITIVE","FALSE POSITIVE",290.447360,40.442890,3.964333304,37.09,25886.2,4.7136,1680.0,1881.78,5758.00,2.3180,1.2580,3.808,0.094,0,408.50,0.1860
"K01544.01",,"FALSE POSITIVE","FALSE POSITIVE",295.320770,40.187359,1.525924389,49.86,24627.2,3.15998,1722.0,2072.80,6203.00,1.0600,1.0910,4.427,1.217,0,423.90,0.0000
"K01545.01",,"FALSE POSITIVE","FALSE POSITIVE",293.836880,40.410450,5.910371418,12.62,17219.2,3.88962,1053.0,290.83,6200.00,0.9580,1.0290,4.488,0.065,0,990.30,0.9260
"K01546.01",,"CANDIDATE","CANDIDATE",298.513700,40.639622,0.917568975,11.92,15805,2.0654,1748.0,2197.57,5713.00,0.8930,1.0100,4.541,0.667,0,128.10,0.7330
"K01547.01",,"CANDIDATE","CANDIDATE",294.200900,40.455959,30.69395532,13.72,18121,2.9512,614.0,33.69,6137.00,1.0180,1.0860,4.460,0.001,0,196.60,1.0000
"K01548.01",,"FALSE POSITIVE","FALSE POSITIVE",286.256440,46.892670,2.139325409,11.61,6897.8,2.8056,1007.0,243.34,4765.00,0.6660,0.7170,4.642,1.019,0,164.40,0.0000
"K01549.01",,"CANDIDATE","CANDIDATE",299.055850,43.897202,29.481061268,16.61,11870.9,3.6636,571.0,25.10,5631.00,0.9010,0.7620,4.410,0.983,0,332.00,0.0000
"K01550.01",,"FALSE POSITIVE","FALSE POSITIVE",296.365690,43.905571,2.233799622,28.63,2658.5,3.04,1287.0,650.73,5741.00,0.8460,0.9380,4.555,1.249,0,228.90,0.0000
"K01551.01",,"FALSE POSITIVE","FALSE POSITIVE",290.566680,40.678162,31.13862664,12.88,11427,5.2482,582.0,27.22,5919.00,1.0000,1.1140,4.485,0.889,0,163.70,0.0000
"K01552.01",,"CANDIDATE","CANDIDATE",298.925930,43.750370,77.63424586,9.4,16612,4.1002,325.0,2.65,4812.00,0.7550,0.7340,4.548,0.113,0,185.50,0.9390
"K01553.01","Kepler-890 b","CONFIRMED","CANDIDATE",288.435760,43.763489,52.75878505,8.76,5805.8,6.6517,540.0,20.08,6228.00,1.1370,1.2210,4.413,0.344,0,265.40,0.3310
"K01554.01",,"FALSE POSITIVE","FALSE POSITIVE",295.211030,46.757229,1.332564478,27.04,1071.5,6.0325,1618.0,1627.50,5995.00,0.8780,0.9640,4.536,1.248,0,119.60,0.0000
"K01555.01",,"FALSE POSITIVE","FALSE POSITIVE",289.077030,51.761822,41.0772969,3.25,1216.8,5.525,523.0,17.74,5665.00,0.9380,0.7730,4.381,0.03,0,28.80,0.0000
"K01556.01",,"FALSE POSITIVE","FALSE POSITIVE",296.417600,46.732021,135.9121619,40.18,10188,5.628,370.0,4.41,6141.00,0.9590,0.9820,4.468,1.256,0,99.50,0.0000
"K01557.01","Kepler-304 b","CONFIRMED","CANDIDATE",294.441770,40.557590,3.295701024,2.81,1745.7,1.8268,875.0,138.38,4723.00,0.6910,0.7600,4.628,0.267,0,114.70,1.0000
"K01557.02","Kepler-304 d","CONFIRMED","CANDIDATE",294.441770,40.557590,9.65349016,2.41,1308.6,2.9029,611.0,32.98,4723.00,0.6910,0.7600,4.628,0.149,0,63.10,1.0000
"K01557.03","Kepler-304 c","CONFIRMED","CANDIDATE",294.441770,40.557590,5.315954488,2.33,965.9,1.1165,746.0,73.19,4723.00,0.6910,0.7600,4.628,0.718,0,37.70,1.0000
"K01557.04","Kepler-304 e","CONFIRMED","CANDIDATE",294.441770,40.557590,1.499144441,1.09,258.9,1.4259,1137.0,395.06,4723.00,0.6910,0.7600,4.628,0.331,0,22.20,1.0000
"K01558.01",,"FALSE POSITIVE","FALSE POSITIVE",295.046390,46.974590,32.50456309,10.68,7589.6,2.4657,591.0,28.80,6132.00,0.9470,0.9800,4.479,0.927,0,148.10,0.0000
"K01559.01",,"FALSE POSITIVE","FALSE POSITIVE",295.185610,46.786709,1.332560589,1.4,566.6,4.2427,1086.0,330.32,4489.00,0.6090,0.6210,4.662,0.009,0,108.80,0.0000
"K01560.01",,"CANDIDATE","CANDIDATE",297.419650,43.876579,31.56904354,11.18,4229.4,2.6364,575.0,25.83,5654.00,0.9980,0.8860,4.387,0.985,0,113.60,0.0000
"K01561.01",,"FALSE POSITIVE","FALSE POSITIVE",296.033420,40.019611,9.08590495,6.28,2121.3,2.0718,861.0,130.10,5931.00,0.8660,0.8250,4.479,0.978,0,50.50,0.0000
"K01562.01",,"FALSE POSITIVE","FALSE POSITIVE",299.556000,40.456551,0.784512952,25.48,586,2.4623,1952.0,3432.93,5997.00,0.9040,0.9910,4.522,1.234,0,44.40,0.0000
"K01563.01","Kepler-305 b","CONFIRMED","CANDIDATE",299.224330,40.343182,5.48711441,3.24,1328.6,2.93,836.0,115.29,5103.00,0.7870,0.8230,4.562,0.812,0,51.90,1.0000
"K01563.02","Kepler-305 c","CONFIRMED","CANDIDATE",299.224330,40.343182,8.29084167,3.21,1033.9,3.613,728.0,66.47,5103.00,0.7870,0.8230,4.562,0.929,0,34.70,0.9990
"K01563.03","Kepler-305 e","CONFIRMED","CANDIDATE",299.224330,40.343182,3.20539622,1.7,453.6,2.143,1000.0,236.11,5103.00,0.7870,0.8230,4.562,0.512,0,20.60,1.0000
"K01563.04","Kepler-305 d","CONFIRMED","CANDIDATE",299.224330,40.343182,16.73869035,2.56,996.8,2.398,576.0,26.06,5103.00,0.7870,0.8230,4.562,0.578,0,20.40,1.0000
"K01564.01","Kepler-891 b","CONFIRMED","CANDIDATE",291.083800,40.355251,53.44944498,5.82,3437,5.3091,486.0,13.23,5919.00,1.0000,1.1140,4.485,0.092,0,119.50,0.9890
"K01565.01",,"FALSE POSITIVE","FALSE POSITIVE",296.333190,40.896259,0.466743525,20.43,796.1,1.3956,2197.0,5480.92,5791.00,0.8560,0.9460,4.549,1.186,0,103.60,0.0000
"K01566.01",,"FALSE POSITIVE","FALSE POSITIVE",299.141420,40.725899,1.727177258,1.42,347.4,2.081,1250.0,576.55,5394.00,0.7200,0.8050,4.622,0.676,0,17.10,0.0010
"K01567.01","Kepler-306 c","CONFIRMED","CANDIDATE",288.538670,40.616150,7.24022418,2.14,864.9,2.9153,716.0,62.10,4955.00,0.7210,0.7740,4.610,0.507,0,48.20,1.0000
"K01567.02","Kepler-306 b","CONFIRMED","CANDIDATE",288.538670,40.616150,4.64622383,1.82,446.5,2.5137,830.0,112.18,4955.00,0.7210,0.7740,4.610,0.88,0,28.20,1.0000
"K01567.03","Kepler-306 d","CONFIRMED","CANDIDATE",288.538670,40.616150,17.32670445,2.23,800,4.269,535.0,19.38,4955.00,0.7210,0.7740,4.610,0.756,0,34.80,1.0000
"K01567.04","Kepler-306 e","CONFIRMED","CANDIDATE",288.538670,40.616150,44.8411168,2.75,1051.6,5.902,390.0,5.45,4955.00,0.7210,0.7740,4.610,0.864,0,28.90,0.9990
"K01568.01",,"FALSE POSITIVE","FALSE POSITIVE",297.503850,40.342972,1.008917105,1.51,338.5,1.4577,1636.0,1698.88,5708.00,0.7950,0.8830,4.578,0.545,0,34.20,0.0000
"K01569.01","Kepler-892 b","CONFIRMED","CANDIDATE",283.129640,43.888241,13.75207851,2.81,1215.6,2.8831,556.0,22.57,4802.00,0.6990,0.7380,4.616,0.836,0,36.80,1.0000
"K01570.01","Kepler-893 b","CONFIRMED","CANDIDATE",284.963040,43.913010,6.33855946,3.31,721.7,3.4617,1034.0,270.47,6108.00,1.0300,1.1320,4.466,0.907,0,57.40,1.0000
"K01571.01",,"FALSE POSITIVE","FALSE POSITIVE",297.829440,40.706779,2.92878704,22.76,549.4,4.634,1239.0,556.77,5955.00,0.8830,0.9720,4.534,1.212,0,47.70,0.0010
"K01572.01","Kepler-894 b","CONFIRMED","CANDIDATE",288.734070,46.939388,9.80321143,2.99,813.4,4.4617,896.0,152.12,6170.00,0.9920,1.0630,4.472,0.663,0,53.10,1.0000
"K01573.01","Kepler-1755 b","CONFIRMED","CANDIDATE",296.846160,40.138611,24.81097206,4.22,2090.8,3.2245,631.0,37.43,6086.00,0.9210,1.0030,4.511,0.039,0,123.90,1.0000
"K01573.02",,"CANDIDATE","CANDIDATE",296.846160,40.138611,7.136922,1.38,221.6,2.8005,956.0,197.05,6086.00,0.9210,1.0030,4.511,0.072,0,23.70,1.0000
"K01574.01","Kepler-87 b","CONFIRMED","CANDIDATE",297.916870,46.965130,114.73658,12.28,4850,12.0355,476.0,12.13,5597.00,1.6990,0.9690,3.963,0.595,0,230.60,1.0000
"K01574.02","Kepler-87 c","CONFIRMED","CANDIDATE",297.916870,46.965130,191.239133,6.47,1061.2,16.942,401.0,6.14,5597.00,1.6990,0.9690,3.963,0.876,0,36.80,0.0000
"K01574.03",,"CANDIDATE","CANDIDATE",297.916870,46.965130,5.83393857,1.98,134.4,4.5813,1285.0,642.83,5597.00,1.6990,0.9690,3.963,0.398,0,17.60,0.9520
"K01575.01",,"FALSE POSITIVE","FALSE POSITIVE",296.991910,40.758911,24.3282251,294.02,1120.6,6.158,520.0,17.33,5286.00,0.7800,0.8720,4.590,4.426,0,26.40,0.0000
"K01576.01","Kepler-307 b","CONFIRMED","CANDIDATE",297.795140,40.417709,10.41572666,3.01,825.3,2.7719,797.0,95.64,5511.00,0.9870,0.9470,4.426,0.682,0,69.30,1.0000
"K01576.02","Kepler-307 c","CONFIRMED","CANDIDATE",297.795140,40.417709,13.08424286,2.71,662,3.0401,739.0,70.51,5511.00,0.9870,0.9470,4.426,0.701,0,51.20,1.0000
"K01576.03",,"CANDIDATE","CANDIDATE",297.795140,40.417709,23.3397956,1.23,125.1,1.923,653.0,43.02,5671.00,1.0840,0.9830,4.360,0.4757,0,4.50,
"K01577.01","Kepler-895 b","CONFIRMED","CANDIDATE",289.290650,51.408890,2.806243488,1.41,599.6,1.6271,771.0,83.53,4153.00,0.5810,0.5950,4.684,0.043,0,22.40,1.0000
"K01578.01",,"FALSE POSITIVE","FALSE POSITIVE",294.734190,40.861420,2.27190723,1.12,149,5.383,1318.0,714.27,5788.00,0.8560,0.8560,4.506,0.719,0,36.80,0.0000
"K01579.01",,"FALSE POSITIVE","FALSE POSITIVE",294.830320,46.734348,7.132351753,49.34,744.1,2.9674,1579.0,1466.12,7530.00,1.9300,1.6330,4.080,1.206,0,91.20,0.0000
"K01580.01",,"FALSE POSITIVE","FALSE POSITIVE",293.665070,40.359531,21.3781146,3.18,556.1,19.359,727.0,65.94,6218.00,1.1310,1.2190,4.417,0.906,0,35.40,0.0000
"K01581.01","Kepler-896 c","CONFIRMED","CANDIDATE",282.439180,43.734482,29.5422566,3.15,879.9,13.902,515.0,16.56,5510.00,0.8030,0.8770,4.572,0.959,0,39.50,1.0000
"K01581.02","Kepler-896 b","CONFIRMED","CANDIDATE",282.439180,43.734482,144.551628,3.06,1035.2,16.599,303.0,1.99,5510.00,0.8030,0.8770,4.572,0.887,0,27.10,0.9940
"K01582.01",,"CANDIDATE","CANDIDATE",290.128570,40.021832,186.4361811,11.32,4347,5.774,353.0,3.66,5393.00,1.3700,0.9260,4.132,0.921,0,66.50,1.0000
"K01583.01","Kepler-897 b","CONFIRMED","CANDIDATE",290.586850,51.695820,8.04727721,2.33,486,5.159,855.0,126.56,5840.00,0.8490,0.9420,4.553,0.937,0,36.10,1.0000
"K01584.01","Kepler-898 b","CONFIRMED","CANDIDATE",286.585390,46.870930,5.87063416,1.44,505.6,2.5736,616.0,33.99,4166.00,0.6120,0.6240,4.660,0.642,0,23.20,0.9980
"K01585.01","Kepler-899 b","CONFIRMED","CANDIDATE",297.482570,40.680779,19.17893976,2.4,752.8,5.144,640.0,39.65,5767.00,0.8810,0.9790,4.538,0.004,0,34.30,1.0000
"K01586.01","Kepler-900 b","CONFIRMED","CANDIDATE",296.177280,46.999020,6.99130452,1.95,555.4,2.1568,716.0,62.05,4847.00,0.7610,0.8600,4.606,0.74,0,36.30,1.0000
"K01587.01",,"CANDIDATE","CANDIDATE",281.618870,46.814201,52.971584,29.02,3882.6,3.4632,402.0,6.19,5204.00,0.7890,0.8080,4.550,1.259,0,51.40,0.0000
"K01588.01","Kepler-901 b","CONFIRMED","CANDIDATE",291.152950,40.887489,3.517494725,1.42,532.8,1.5639,704.0,58.08,4132.00,0.5640,0.5780,4.699,0.742,0,52.60,1.0000
"K01589.01","Kepler-84 b","CONFIRMED","CANDIDATE",298.252040,40.496078,8.72585478,2.86,446.7,4.473,985.0,222.19,6036.00,1.1310,0.9870,4.326,0.911,0,37.70,0.9980
"K01589.02","Kepler-84 c","CONFIRMED","CANDIDATE",298.252040,40.496078,12.88291395,3.15,460.5,5.676,865.0,132.23,6036.00,1.1310,0.9870,4.326,0.962,0,33.60,1.0000
"K01589.03","Kepler-84 e","CONFIRMED","CANDIDATE",298.252040,40.496078,27.4345973,2.56,472.6,5.038,672.0,48.29,6036.00,1.1310,0.9870,4.326,0.603,0,25.30,1.0000
"K01589.04","Kepler-84 d","CONFIRMED","CANDIDATE",298.252040,40.496078,4.22453631,1.6,159.1,3.128,1254.0,584.24,6036.00,1.1310,0.9870,4.326,0.823,0,16.70,0.9960
"K01589.05","Kepler-84 f","CONFIRMED","CANDIDATE",298.252040,40.496078,44.5520266,2.29,362.1,6,572.0,25.30,6036.00,1.1310,0.9870,4.326,0.689,0,16.70,0.9960
"K01590.01",,"CANDIDATE","CANDIDATE",294.364870,40.720879,12.89006728,1.93,602.5,3.555,620.0,34.99,4915.00,0.8120,0.7810,4.512,0.082,0,23.60,0.9980
"K01590.02","Kepler-1756 b","CONFIRMED","CANDIDATE",294.364870,40.720879,2.35574505,1.34,266.9,1.796,1093.0,338.40,4915.00,0.8120,0.7810,4.512,0.5,0,17.00,0.9030
"K01590.03",,"CANDIDATE","CANDIDATE",294.364870,40.720879,4.74666128,1.3,256.8,2.093,865.0,132.40,4915.00,0.8120,0.7810,4.512,0.441,0,12.50,0.9960
"K01591.01","Kepler-1757 b","CONFIRMED","CANDIDATE",297.739840,46.941910,19.65639342,2.83,843.2,3.226,549.0,21.50,5288.00,0.7400,0.8280,4.613,0.955,0,25.50,1.0000
"K01592.01",,"FALSE POSITIVE","FALSE POSITIVE",298.902400,40.319530,26.0692512,23.61,831.5,7.487,591.0,28.85,5585.00,0.9100,0.7730,4.409,1.206,0,59.70,0.0000
"K01593.01","Kepler-308 b","CONFIRMED","CANDIDATE",295.785160,40.439548,9.69501146,2.08,515.2,2.75,833.0,114.06,5896.00,0.9140,1.0000,4.516,0.293,0,18.30,0.9640
"K01593.02","Kepler-308 c","CONFIRMED","CANDIDATE",295.785160,40.439548,15.3825394,2.14,550.5,3.815,714.0,61.61,5896.00,0.9140,1.0000,4.516,0.015,0,18.40,1.0000
"K01594.01",,"FALSE POSITIVE","FALSE POSITIVE",293.872650,46.714951,1.818939148,1.82,331.2,1.644,1549.0,1364.15,6153.00,0.9620,1.0360,4.487,0.56,0,39.30,0.0000
"K01595.01","Kepler-902 b","CONFIRMED","CANDIDATE",289.731690,46.953819,40.1097817,3.11,732,5.2096,556.0,22.65,5509.00,1.1690,0.9180,4.265,0.016,0,40.30,1.0000
"K01596.01","Kepler-309 b","CONFIRMED","CANDIDATE",297.509860,46.961262,5.92365747,0.99,406.5,2.6302,531.0,18.87,3883.00,0.4960,0.5180,4.762,0.045,0,26.40,1.0000
"K01596.02","Kepler-309 c","CONFIRMED","CANDIDATE",297.509860,46.961262,105.3582299,1.87,1210.2,3.81,204.0,0.41,3883.00,0.4960,0.5180,4.762,0.75,0,22.60,0.7380
"K01597.01",,"CANDIDATE","CANDIDATE",298.368840,40.173424,7.79668781,2.44,361.3,4.6699,1116.0,366.42,6521.00,1.2760,1.3340,4.352,0.005,0,48.50,1.0000
"K01598.01","Kepler-310 c","CONFIRMED","CANDIDATE",288.839360,46.986740,56.4758069,3.22,1091.8,5.961,417.0,7.14,5497.00,0.8390,0.9520,4.570,0.862,0,70.00,0.9860
"K01598.02","Kepler-310 d","CONFIRMED","CANDIDATE",288.839360,46.986740,92.8747294,2.64,658.8,7.474,353.0,3.68,5497.00,0.8390,0.9520,4.570,0.917,0,37.90,1.0000
"K01598.03","Kepler-310 b","CONFIRMED","CANDIDATE",288.839360,46.986740,13.93068791,1.4,186.5,2.312,665.0,46.19,5497.00,0.8390,0.9520,4.570,0.912,0,14.90,1.0000
"K01599.01","Kepler-1659 c","CONFIRMED","CANDIDATE",298.373840,40.618420,20.4074846,2.9,363.4,8.839,660.0,44.80,5823.00,0.9720,1.0200,4.472,0.986,0,24.50,0.9000
"K01600.01",,"FALSE POSITIVE","FALSE POSITIVE",297.843990,39.989811,12.36564669,24.89,388.4,3.644,804.0,98.51,6075.00,0.9520,1.0330,4.495,1.22,0,22.80,0.0000
"K01601.01","Kepler-903 b","CONFIRMED","CANDIDATE",288.771030,40.664181,10.35078415,1.97,273.1,6.253,842.0,119.01,5534.00,1.0800,0.9260,4.338,0.79,0,36.50,0.9990
"K01601.02","Kepler-903 c","CONFIRMED","CANDIDATE",288.771030,40.664181,62.9224936,2.75,417.8,11.64,462.0,10.73,5534.00,1.0800,0.9260,4.338,0.928,0,28.70,0.8380
"K01602.01","Kepler-1758 b","CONFIRMED","CANDIDATE",297.796910,39.921371,9.97716876,2.53,252.9,5.908,1028.0,263.89,5557.00,1.6160,1.0350,4.037,0.002,0,21.80,0.9930
"K01603.01","Kepler-904 b","CONFIRMED","CANDIDATE",288.822910,40.389050,3.02168007,1.31,171.9,2.8264,1332.0,744.35,6201.00,0.9890,1.0580,4.472,0.349,0,32.90,1.0000
"K01604.01",,"FALSE POSITIVE","FALSE POSITIVE",299.247500,46.951908,72.4914068,15.33,1063.5,3.612,700.0,56.76,5754.00,2.7580,1.2090,3.639,0.989,0,39.20,0.0000
"K01605.01",,"FALSE POSITIVE","FALSE POSITIVE",291.238830,40.163509,4.93913074,24.03,382.9,1.362,1182.0,461.47,5956.00,1.1700,1.0530,4.324,1.167,0,22.00,0.0000
"K01606.01","Kepler-905 b","CONFIRMED","CANDIDATE",290.051120,46.713371,5.082748362,1.4,276.7,1.7732,928.0,175.06,5430.00,0.8580,0.9610,4.555,0.063,0,40.90,1.0000
"K01607.01",,"FALSE POSITIVE","FALSE POSITIVE",298.962550,40.630661,5.00673576,2,191.2,1.9398,1324.0,726.94,6116.00,1.3830,1.0050,4.158,0.599,0,26.60,0.0000
"K01608.01","Kepler-311 b","CONFIRMED","CANDIDATE",282.061280,47.085491,9.17617167,1.66,206.9,4.2642,960.0,200.99,5903.00,1.1560,0.9740,4.300,0.107,0,34.30,1.0000
"K01608.02","Kepler-311 c","CONFIRMED","CANDIDATE",282.061280,47.085491,19.7383992,1.61,168.1,4.894,744.0,72.32,5903.00,1.1560,0.9740,4.300,0.732,0,20.30,0.9980
"K01609.01","Kepler-906 b","CONFIRMED","CANDIDATE",291.405550,40.125488,41.6980186,2.03,440.8,5.7047,537.0,19.61,5997.00,0.9710,1.0040,4.466,0.002,0,43.40,0.9960
"K01610.01",,"FALSE POSITIVE","FALSE POSITIVE",298.394900,40.628910,0.883778461,1.09,120.1,1.6339,1934.0,3316.40,5975.00,0.9490,0.9350,4.453,0.605,0,31.70,0.0000
"K01612.01","Kepler-408 b","CONFIRMED","CANDIDATE",284.786190,48.423229,2.465024332,0.69,30.7,1.262,1561.0,1406.11,6139.00,1.1940,1.0160,4.291,0.548,0,23.20,1.0000
"K01613.01","Kepler-907 b","CONFIRMED","CANDIDATE",285.476590,41.632717,15.86624787,1.31,77.3,4.25,879.0,141.18,6099.00,1.3080,0.9740,4.193,0.858,0,28.40,1.0000
"K01615.01","Kepler-908 b","CONFIRMED","CANDIDATE",295.322510,39.376492,1.340596782,1.16,107.5,1.6484,1783.0,2393.35,5992.00,1.1250,1.1220,4.385,0.007,0,37.60,1.0000
"K01616.01","Kepler-909 b","CONFIRMED","CANDIDATE",289.506350,45.370998,13.93291548,1.66,131.6,2.6239,852.0,124.53,6026.00,1.2070,1.1130,4.321,0.908,0,28.90,0.9990
"K01618.01","Kepler-910 b","CONFIRMED","CANDIDATE",296.047360,42.743011,2.36436762,0.82,28.4,3.372,1752.0,2228.09,6250.00,1.5430,1.3260,4.184,0.146,0,12.40,0.9120
"K01619.01",,"CANDIDATE","CANDIDATE",294.990230,39.346378,20.6654374,0.66,100.4,3.172,487.0,13.35,4830.00,0.6760,0.6710,4.605,0.05,0,13.60,1.0000
"K01621.01","Kepler-911 b","CONFIRMED","CANDIDATE",298.589200,40.750690,20.31047472,2.41,164.6,5.3357,931.0,177.81,6065.00,1.8770,1.1970,3.970,0.05,0,46.10,1.0000
"K01622.01",,"CANDIDATE","CANDIDATE",293.548890,42.888859,69.8347983,3.51,266.6,8.262,765.0,80.97,7732.00,2.0220,1.7740,4.075,0.672,0,46.80,0.8550
"K01626.01","Kepler-912 b","CONFIRMED","CANDIDATE",298.111210,41.758331,2.53475568,2.02,463,4.5716,1218.0,519.95,5662.00,0.8060,0.8080,4.532,0.878,0,51.30,1.0000
"K01627.01","Kepler-913 b","CONFIRMED","CANDIDATE",297.583130,41.952431,10.29674097,5.75,1011.8,2.7292,1129.0,384.86,6068.00,1.7970,1.2940,4.040,0.298,0,31.30,1.0000
"K01627.02","Kepler-913 c","CONFIRMED","CANDIDATE",297.583130,41.952431,5.93919041,3.7,424.5,2.285,1357.0,801.92,6068.00,1.7970,1.2940,4.040,0.107,0,15.90,0.9970
"K01628.01","Kepler-312 c","CONFIRMED","CANDIDATE",298.395750,42.459751,19.74733983,2.62,480.7,3.4444,754.0,76.57,6243.00,1.1490,1.2260,4.406,0.595,0,47.10,1.0000
"K01629.01","Kepler-914 b","CONFIRMED","CANDIDATE",290.411990,44.899330,4.4096675,1.51,132.7,2.1418,1192.0,476.94,5836.00,1.1660,1.1000,4.347,0.814,0,26.40,0.9950
"K01630.01",,"CANDIDATE","CANDIDATE",290.259640,45.388409,11.30507984,1.4,278.4,3.989,744.0,72.67,5705.00,0.8440,0.9360,4.556,0.195,0,19.50,0.9880
"K01632.01","Kepler-915 b","CONFIRMED","CANDIDATE",290.592070,45.737141,4.59489816,1.85,109.7,3.1381,1319.0,716.65,6056.00,1.3810,1.1480,4.217,0.953,0,27.70,1.0000
"K01633.01","Kepler-916 b","CONFIRMED","CANDIDATE",290.983310,45.973301,32.2964275,1.9,472.2,4.561,503.0,15.14,5246.00,0.8910,0.8540,4.470,0.207,0,17.90,0.9770
"K01637.01","Kepler-917 b","CONFIRMED","CANDIDATE",299.051270,47.949280,2.97041801,1.7,530.7,2.2369,991.0,228.11,5068.00,0.7430,0.8330,4.608,0.379,0,22.40,1.0000
"K01639.02",,"CANDIDATE","CANDIDATE",297.900450,48.094700,9.9824036,1.17,83.9,1.09,966.0,205.65,6273.00,1.1390,1.0920,4.364,0.8093,0,5.40,
"K01641.01","Kepler-918 b","CONFIRMED","CANDIDATE",298.200710,48.267841,4.8538404,1.72,196.4,3.198,1052.0,288.70,5778.00,0.9680,1.0380,4.483,0.943,0,15.40,0.9860
"K01643.01","Kepler-919 b","CONFIRMED","CANDIDATE",298.114780,48.494400,11.04605365,1.8,308.3,4.799,869.0,134.66,6093.00,1.0250,1.0250,4.429,0.064,0,24.30,0.9960
"K01644.01",,"FALSE POSITIVE","FALSE POSITIVE",297.381530,48.565041,2.621706694,34.68,4572,1.941,1288.0,648.75,5749.00,0.8810,0.7720,4.436,1.279,0,24.30,0.0000
"K01646.01","Kepler-1759 b","CONFIRMED","CANDIDATE",298.465790,48.559410,3.72020708,0.99,156.9,1.892,954.0,195.70,5017.00,0.7970,0.7600,4.516,0.341,0,15.00,1.0000
"K01647.01","Kepler-313 b","CONFIRMED","CANDIDATE",298.294950,48.775459,14.97031664,2.53,290.5,5.884,883.0,143.33,5726.00,1.4830,1.0660,4.123,0.352,0,28.90,0.9990
"K01647.02","Kepler-313 c","CONFIRMED","CANDIDATE",298.294950,48.775459,32.2753853,2.31,223.9,8.622,683.0,51.50,5726.00,1.4830,1.0660,4.123,0.608,0,17.90,0.9870
"K01647.03",,"CANDIDATE","CANDIDATE",298.294950,48.775459,6.33027476,1.02,89.2,3.67,1046.0,283.31,5900.00,1.0700,0.9640,4.363,0.3288,0,9.80,
"K01648.01","Kepler-1760 b","CONFIRMED","CANDIDATE",284.132630,48.825119,38.3262237,2.43,392.1,3.073,480.0,12.56,5229.00,0.9030,0.8210,4.441,0.963,0,15.00,0.9940
"K01649.01","Kepler-1761 b","CONFIRMED","CANDIDATE",284.132870,49.142609,4.04355245,1.75,416.2,1.965,613.0,33.34,3871.00,0.5320,0.5730,4.744,0.984,0,21.20,0.9920
"K01650.01","Kepler-920 b","CONFIRMED","CANDIDATE",284.296940,49.158680,6.53194024,3.09,771.9,3.3351,907.0,159.66,5301.00,0.9770,0.8560,4.391,0.83,0,39.60,1.0000
"K01651.01","Kepler-921 b","CONFIRMED","CANDIDATE",284.616210,49.190811,51.3011844,2.07,498.9,5.359,492.0,13.86,6032.00,0.9290,1.0140,4.508,0.003,0,19.60,0.9940
"K01654.01",,"FALSE POSITIVE","FALSE POSITIVE",283.796540,49.503990,1.097211085,16.07,38946,1.6738,740.0,71.01,3497.00,0.3340,0.3390,4.920,1.145,0,83.50,0.0000
"K01655.01","Kepler-922 b","CONFIRMED","CANDIDATE",284.731450,49.533192,0.938466959,1.58,217.4,1.3015,1876.0,2919.17,5499.00,1.0870,0.9060,4.323,0.054,0,54.40,1.0000
"K01656.01",,"CANDIDATE","CANDIDATE",293.625920,39.506310,51.3901452,3.62,494,5.995,570.0,24.98,6074.00,1.2920,1.1730,4.284,0.946,0,15.40,0.9960
"K01659.01","Kepler-1762 b","CONFIRMED","CANDIDATE",290.493160,39.785519,29.5390897,2.51,403.3,4.139,714.0,61.49,6572.00,1.2380,1.2980,4.365,0.213,0,18.80,1.0000
"K01660.01",,"CANDIDATE","CANDIDATE",290.241030,39.968010,35.6364022,1.99,452.6,4.888,537.0,19.62,5926.00,0.8870,0.9780,4.532,0.654,0,15.70,0.9850
"K01661.01",,"FALSE POSITIVE","FALSE POSITIVE",290.738040,39.919651,0.94773253,45.58,11306,1.7645,2321.0,6862.81,6302.00,1.2690,0.8950,4.183,1.186,0,103.90,0.0000
"K01662.01",,"FALSE POSITIVE","FALSE POSITIVE",294.132020,39.981979,0.784031658,1.55,352.2,0.7773,1705.0,1995.65,5435.00,0.8240,0.9370,4.578,0.102,0,28.20,0.0000
"K01665.01","Kepler-923 b","CONFIRMED","CANDIDATE",294.171080,40.055168,6.93365167,1.7,119.6,4.608,1104.0,351.27,5861.00,1.3040,1.0100,4.212,0.904,0,20.10,0.9930
"K01665.02",,"CANDIDATE","CANDIDATE",294.171080,40.055168,5.91393977,1.07,84,0.562,1112.0,361.00,6194.00,1.1290,1.2080,4.415,0.0896,0,2.80,
"K01669.01","Kepler-924 b","CONFIRMED","CANDIDATE",290.668520,40.397720,61.0373591,3.38,437.5,8.378,610.0,32.74,6309.00,1.6140,1.3580,4.154,0.071,0,40.20,0.9890
"K01672.01","Kepler-925 b","CONFIRMED","CANDIDATE",290.106540,40.490662,33.8677783,2.31,894.8,3.72,394.0,5.69,4564.00,0.6910,0.6830,4.593,0.787,0,23.80,0.9910
"K01675.01",,"CANDIDATE","CANDIDATE",291.337190,40.558201,14.62399621,21.92,1082,2.193,681.0,50.91,5753.00,0.8150,0.9070,4.570,1.209,0,25.00,1.0000
"K01677.01","Kepler-926 b","CONFIRMED","CANDIDATE",289.679350,40.700459,52.069002,2.92,558.3,3.0089,524.0,17.76,5565.00,1.2460,1.0080,4.251,0.275,0,25.60,0.9940
"K01677.02",,"CANDIDATE","CANDIDATE",289.679350,40.700459,8.51170088,,,2.9,,,,,,,,,,
"K01680.01",,"FALSE POSITIVE","FALSE POSITIVE",290.923160,40.771030,5.0825188,0.88,105,3.328,968.0,207.45,5706.00,0.8340,0.9300,4.561,0.522,0,17.10,0.0000
"K01681.01",,"CANDIDATE","CANDIDATE",291.285000,40.730049,6.93910337,1.41,614.7,2.977,445.0,9.28,3638.00,0.4200,0.4500,4.844,0.966,0,22.90,1.0000
"K01683.01","Kepler-927 b","CONFIRMED","CANDIDATE",289.383510,41.392689,9.11500269,1.78,268.3,4.558,906.0,159.34,5962.00,1.0280,1.0390,4.431,0.675,0,21.70,0.9970
"K01684.01",,"FALSE POSITIVE","FALSE POSITIVE",293.534480,41.329899,62.81584402,57.62,1688.4,2.6901,582.0,27.14,6340.00,1.4920,1.3790,4.230,1.31,0,54.60,0.0000
"K01685.01","Kepler-1764 b","CONFIRMED","CANDIDATE",293.879880,41.393822,70.468171,3.46,922.4,6.653,511.0,16.17,6461.00,1.1310,1.1620,4.396,0.031,0,45.00,0.3650
"K01686.01",,"FALSE POSITIVE","FALSE POSITIVE",298.507260,41.479050,56.86716792,,,4.23,,,,,,,,,,
"K01687.01","Kepler-928 b","CONFIRMED","CANDIDATE",289.920720,41.542831,3.93246069,1.65,455.5,2.1763,894.0,151.31,4841.00,0.7790,0.7560,4.533,0.416,0,30.60,1.0000
"K01688.01","Kepler-929 b","CONFIRMED","CANDIDATE",298.481110,41.615341,0.921030497,1.62,101.5,2.6077,2362.0,7380.64,5843.00,1.6150,1.1150,4.069,0.025,0,27.00,1.0000
"K01692.01","Kepler-314 c","CONFIRMED","CANDIDATE",294.674100,42.075581,5.960400011,2.85,828.3,2.8617,890.0,148.26,5418.00,0.8860,0.9780,4.534,0.8,0,126.10,1.0000
"K01692.02","Kepler-314 b","CONFIRMED","CANDIDATE",294.674100,42.075581,2.46106962,0.84,84.2,2.184,1195.0,483.09,5418.00,0.8860,0.9780,4.534,0.575,0,18.00,0.9590
"K01693.01",,"FALSE POSITIVE","FALSE POSITIVE",293.259160,42.126629,3.403743926,10.77,815.9,1.5017,1101.0,346.98,5596.00,0.8530,0.9060,4.533,1.075,0,59.50,1.0000
"K01700.01","Kepler-931 b","CONFIRMED","CANDIDATE",297.132630,42.768250,8.03753796,1.54,286.5,2.9118,744.0,72.44,5044.00,0.8040,0.7640,4.511,0.821,0,31.10,1.0000
"K01701.01",,"FALSE POSITIVE","FALSE POSITIVE",297.519070,42.777061,2.43902575,2.61,82.5,1.1598,2307.0,6700.04,6546.00,2.7840,1.8520,3.817,0.483,0,20.50,0.9830
"K01702.01","Kepler-1650 b","CONFIRMED","CANDIDATE",297.729250,42.866920,1.538180949,1,841,1.2635,602.0,30.85,3364.00,0.2740,0.2600,4.978,0.932,0,47.70,0.9990
"K01704.01","Kepler-1765 b","CONFIRMED","CANDIDATE",298.014430,42.957458,10.4188915,3.17,670,3.0069,855.0,126.48,5692.00,1.0640,0.9460,4.360,0.856,0,42.10,1.0000
"K01705.01","Kepler-1670 b","CONFIRMED","CANDIDATE",290.326510,43.121830,20.4998763,2.8,437.8,6.501,731.0,67.67,6249.00,1.0760,1.1300,4.428,0.943,0,21.10,1.0000
"K01706.01","Kepler-932 b","CONFIRMED","CANDIDATE",296.952060,43.271969,1.921437488,1.77,278.7,1.9046,1276.0,626.79,5238.00,0.8510,0.7840,4.472,0.919,0,56.70,1.0000
"K01707.01","Kepler-315 b","CONFIRMED","CANDIDATE",298.023100,43.363522,96.109323,4.01,982.3,9.877,409.0,6.59,5792.00,1.0050,0.8750,4.375,0.948,0,28.70,0.9980
"K01708.01",,"CANDIDATE","CANDIDATE",290.882320,43.471760,32.7737631,5,564.5,3.416,686.0,52.22,5640.00,1.5340,1.0230,4.076,0.971,0,21.70,1.0000
"K01710.01","Kepler-933 b","CONFIRMED","CANDIDATE",289.568660,43.538609,14.20442616,1.9,800.6,3.898,602.0,31.10,5350.00,0.6780,0.7580,4.647,0.011,0,26.70,0.9970
"K01711.01","Kepler-934 b","CONFIRMED","CANDIDATE",290.288450,43.755322,55.673582,2.19,765.1,3.778,384.0,5.16,4998.00,0.8080,0.8060,4.530,0.274,0,22.70,0.9910
"K01713.01","Kepler-316 c","CONFIRMED","CANDIDATE",290.826020,44.184109,6.82778157,1.34,545.8,2.3726,577.0,26.31,4198.00,0.5740,0.5870,4.689,0.336,0,32.20,1.0000
"K01713.02","Kepler-316 b","CONFIRMED","CANDIDATE",290.826020,44.184109,2.240486703,1.22,436.3,1.3988,837.0,115.98,4198.00,0.5740,0.5870,4.689,0.461,0,33.80,1.0000
"K01715.01","Kepler-1766 b","CONFIRMED","CANDIDATE",294.277280,46.675282,105.0145774,2.29,296,7.426,406.0,6.44,5868.00,1.0420,0.9150,4.363,0.954,0,33.90,0.8550
"K01716.01","Kepler-935 b","CONFIRMED","CANDIDATE",295.021670,46.619221,4.88084456,1.55,343,2.5574,879.0,141.00,4929.00,0.8610,0.8170,4.481,0.227,0,32.60,1.0000
"K01717.01","Kepler-936 b","CONFIRMED","CANDIDATE",293.577760,46.736340,10.56137217,2.43,238.4,3.2645,867.0,133.56,5610.00,1.1710,1.0340,4.316,0.963,0,21.70,0.9690
"K01718.01","Kepler-937 b","CONFIRMED","CANDIDATE",294.168820,46.714611,67.6690554,3.39,961.1,9.556,495.0,14.24,6127.00,1.0800,0.9640,4.356,0.354,0,37.20,0.9640
"K01720.01","Kepler-1767 b","CONFIRMED","CANDIDATE",293.644170,46.989761,59.6585348,3.59,1043.8,5.514,393.0,5.66,5243.00,0.8310,0.8870,4.547,0.956,0,21.20,0.9990
"K01721.01","Kepler-938 b","CONFIRMED","CANDIDATE",294.789150,46.983990,52.6298542,3.68,675.8,6.118,544.0,20.65,5339.00,1.4330,0.9330,4.096,0.311,0,27.20,1.0000
"K01722.01","Kepler-939 b","CONFIRMED","CANDIDATE",293.865600,47.026829,14.8783945,1.63,322.8,7.491,692.0,54.19,5822.00,0.8370,0.9200,4.557,0.749,0,22.90,0.8200
"K01723.01","Kepler-940 b","CONFIRMED","CANDIDATE",294.241300,47.275982,59.6222627,3.63,993.4,6.888,486.0,13.23,6108.00,0.9970,1.0720,4.471,0.873,0,31.90,0.9920
"K01724.01","Kepler-941 b","CONFIRMED","CANDIDATE",294.326350,47.217609,17.42393582,3.29,770.9,4.929,722.0,64.13,6018.00,0.9690,0.9860,4.460,0.927,0,33.20,1.0000
"K01725.01","Kepler-1651 b","CONFIRMED","CANDIDATE",283.628850,48.391003,9.8786461,1.6,1472.7,1.8915,393.0,5.65,3609.00,0.4220,0.4520,4.843,0.019,0,49.20,1.0000
"K01726.01","Kepler-942 b","CONFIRMED","CANDIDATE",294.955110,44.149818,44.96407458,2,811.6,4.981,379.0,4.89,4827.00,0.7290,0.8170,4.615,0.11,0,88.00,0.7480
"K01727.01","Kepler-943 b","CONFIRMED","CANDIDATE",284.273960,41.535019,49.7700907,5.12,3529.2,10.065,455.0,10.16,5774.00,0.8180,0.9070,4.567,0.655,0,109.80,0.9980
"K01728.01",,"FALSE POSITIVE","FALSE POSITIVE",295.216610,50.084332,12.7319385,70.11,11449,4.4157,1145.0,405.75,7238.00,1.5680,1.4910,4.221,1.278,0,69.90,0.9940
"K01731.01",,"CANDIDATE","CANDIDATE",301.469300,44.159649,2.59488443,2.36,592.2,1.684,1014.0,249.92,4748.00,0.7970,0.7760,4.526,0.885,0,14.90,0.8090
"K01732.01","Kepler-944 b","CONFIRMED","CANDIDATE",293.601260,42.379761,43.3167427,2.42,987.5,4.995,459.0,10.47,5654.00,0.7740,0.8650,4.590,0.034,0,27.10,1.0000
"K01733.01",,"CANDIDATE","CANDIDATE",301.085720,44.380192,19.18109525,1.72,865.4,2.424,513.0,16.42,5214.00,0.5870,0.5910,4.673,0.007,0,17.60,0.9380
"K01736.01","Kepler-945 b","CONFIRMED","CANDIDATE",291.269740,42.096039,31.0033072,2.72,645.2,5.253,616.0,34.03,6090.00,1.0710,1.1730,4.447,0.151,0,22.10,1.0000
"K01738.01","Kepler-1671 b","CONFIRMED","CANDIDATE",291.748380,39.446880,4.16787814,1.07,168.1,2.2136,962.0,202.48,5251.00,0.8470,0.9100,4.541,0.168,0,32.90,0.9990
"K01739.01",,"CANDIDATE","CANDIDATE",291.650090,42.700779,220.65651253,,,7.82,,,,,,,,,,
"K01746.01","Kepler-946 b","CONFIRMED","CANDIDATE",300.929600,44.028790,11.79161234,2.41,415.4,3.036,857.0,127.75,5619.00,1.1990,0.9620,4.264,0.034,0,20.70,0.9980
"K01747.01",,"FALSE POSITIVE","FALSE POSITIVE",291.418330,42.579819,20.55848388,36.9,677.3,1.449,624.0,35.76,5578.00,0.9360,0.9740,4.484,1.334,0,20.80,1.0000
"K01749.01","Kepler-947 b","CONFIRMED","CANDIDATE",294.366730,42.252682,26.964501,2.2,601.7,3.792,573.0,25.56,5754.00,0.9050,1.0210,4.534,0.006,0,20.10,1.0000
"K01750.01","Kepler-948 b","CONFIRMED","CANDIDATE",293.300230,41.523338,7.76845639,1.35,217.8,3.689,841.0,118.09,5447.00,0.9170,0.9280,4.481,0.353,0,23.60,0.9990
"K01751.01","Kepler-949 b","CONFIRMED","CANDIDATE",298.607880,46.453678,8.689301216,2.92,1117,2.563,782.0,88.24,5211.00,0.8950,0.8170,4.447,0.029,0,70.90,1.0000
"K01751.02","Kepler-949 c","CONFIRMED","CANDIDATE",298.607880,46.453678,20.99757968,2.97,1131.8,2.454,582.0,27.20,5211.00,0.8950,0.8170,4.447,0.277,0,44.70,0.0000
"K01753.01",,"FALSE POSITIVE","FALSE POSITIVE",298.140530,40.073872,0.979442525,1.64,469.3,1.0348,1567.0,1420.01,5532.00,0.7450,0.8330,4.607,0.388,0,27.00,0.0010
"K01754.01","Kepler-1768 b","CONFIRMED","CANDIDATE",299.957210,44.771889,15.13590453,2.57,255.7,2.236,933.0,179.16,6050.00,1.5720,1.2400,4.137,0.46,0,19.80,0.9920
"K01758.01",,"CANDIDATE","CANDIDATE",295.434360,42.166321,5.59728249,3.28,1407.3,1.795,930.0,176.53,5610.00,0.8580,0.9530,4.551,0.473,0,30.80,1.0000
"K01760.01","Kepler-317 b","CONFIRMED","CANDIDATE",294.943880,39.032059,5.52418625,2.25,491,2.826,976.0,214.86,5334.00,1.0040,0.8650,4.372,0.492,0,20.70,0.6770
"K01760.02","Kepler-317 c","CONFIRMED","CANDIDATE",294.943880,39.032059,8.77514782,1.91,351.9,3.176,837.0,115.84,5334.00,1.0040,0.8650,4.372,0.504,0,12.70,0.9720
"K01761.01",,"FALSE POSITIVE","FALSE POSITIVE",294.146820,39.127060,10.12742274,3.8,933.5,1.2762,969.0,208.77,6392.00,1.1620,1.2320,4.399,0.696,0,19.50,1.0000
"K01762.01",,"FALSE POSITIVE","FALSE POSITIVE",298.133910,40.530289,0.870693883,2.09,438.5,1.2137,1876.0,2923.54,5985.00,0.8830,0.9400,4.519,0.832,0,55.60,0.4060
"K01764.01",,"CANDIDATE","CANDIDATE",286.052800,50.256592,12.681733929,7.25,5879.1,1.6866,601.0,30.84,4976.00,0.7010,0.6770,4.577,0.929,0,102.80,1.0000
"K01765.01",,"FALSE POSITIVE","FALSE POSITIVE",296.660860,43.816441,6.814984472,14.18,23915.3,3.05409,836.0,115.58,5465.00,0.8170,0.8970,4.566,0.793,0,742.20,0.0000
"K01770.01",,"FALSE POSITIVE","FALSE POSITIVE",299.602020,43.695995,63.9354965,2637.6,1250.6,13.321,2590.0,10631.01,3626.00,97.4100,1.6730,0.684,1.2,0,57.60,0.0000
"K01773.01",,"CANDIDATE","CANDIDATE",296.088200,47.142891,83.09708021,13.83,15860.2,9.2639,329.0,2.78,5286.00,0.6360,0.6260,4.627,0.993,0,277.20,0.0000
"K01779.01","Kepler-318 b","CONFIRMED","CANDIDATE",298.482820,46.793621,4.66271902,3.86,1630.6,2.757,1039.0,274.98,5729.00,0.9390,1.0510,4.514,0.485,0,28.20,1.0000
"K01779.02","Kepler-318 c","CONFIRMED","CANDIDATE",298.482820,46.793621,11.8150174,3.48,1003,2.834,762.0,79.66,5729.00,0.9390,1.0510,4.514,0.875,0,10.50,1.0000
"K01781.01","Kepler-411 c","CONFIRMED","CANDIDATE",287.605590,49.523258,7.834433676,3.47,2018.1,2.89,689.0,53.33,4920.00,0.7200,0.8220,4.620,0.714,0,246.60,1.0000
"K01781.02","Kepler-411 b","CONFIRMED","CANDIDATE",287.605590,49.523258,3.005156911,2.2,691.6,2.0747,949.0,191.27,4920.00,0.7200,0.8220,4.620,0.844,0,115.10,1.0000
"K01825.01","Kepler-964 b","CONFIRMED","CANDIDATE",295.300080,40.556591,13.52252364,2.11,690.6,3.987,652.0,42.82,5338.00,0.8160,0.8750,4.557,0.216,0,22.40,1.0000
"K01826.01","Kepler-965 b","CONFIRMED","CANDIDATE",298.515320,41.891201,134.2520474,3.43,832.1,9.0636,393.0,5.63,5818.00,1.2000,0.9910,4.276,0.001,0,57.20,0.9870
"K01828.01","Kepler-966 b","CONFIRMED","CANDIDATE",297.270570,50.121811,99.7468804,3.94,1287,6.804,391.0,5.55,5620.00,0.9740,0.7970,4.363,0.828,0,45.60,1.0000
"K01829.01",,"FALSE POSITIVE","FALSE POSITIVE",296.522430,43.363369,22.84156293,30,2940.7,2.5997,557.0,22.78,5381.00,0.8260,0.8580,4.538,1.267,0,47.60,0.0000
"K01830.01","Kepler-967 b","CONFIRMED","CANDIDATE",286.558070,38.405369,13.22714056,2.22,812,3.2861,638.0,39.10,5180.00,0.8000,0.8250,4.548,0.013,0,51.80,1.0000
"K01831.01","Kepler-324 c","CONFIRMED","CANDIDATE",286.471470,49.649021,51.8098276,2.6,1025.4,6.343,410.0,6.71,5191.00,0.8260,0.8440,4.530,0.273,0,56.80,1.0000
"K01831.02","Kepler-324 b","CONFIRMED","CANDIDATE",286.471470,49.649021,4.38536428,1.15,198.5,2.5126,935.0,180.22,5191.00,0.8260,0.8440,4.530,0.335,0,25.90,0.9500
"K01831.03","Kepler-324 d","CONFIRMED","CANDIDATE",286.471470,49.649021,34.205785079,1.1,183.2,5.1691,471.0,11.67,5191.00,0.8260,0.8440,4.530,0.319,0,11.60,0.8500
"K01831.04","Kepler-324 e","CONFIRMED","CANDIDATE",286.471470,49.649021,13.97945055,1.97,356.1,1.2325,635.0,38.44,5191.00,0.8260,0.8440,4.530,0.924,0,17.10,0.9800
"K01832.01","Kepler-325 b","CONFIRMED","CANDIDATE",289.835420,49.825630,4.544436472,3,879.3,1.8141,1017.0,253.48,5445.00,0.9370,0.9190,4.458,0.731,0,42.50,1.0000
"K01832.02","Kepler-325 c","CONFIRMED","CANDIDATE",289.835420,49.825630,12.76220558,3.18,653.8,2.0688,721.0,63.86,5445.00,0.9370,0.9190,4.458,0.955,0,17.40,0.9740
"K01832.03","Kepler-325 d","CONFIRMED","CANDIDATE",289.835420,49.825630,38.7149617,2.62,694.8,3.441,498.0,14.55,5445.00,0.9370,0.9190,4.458,0.691,0,16.20,0.9990
"K01833.01","Kepler-968 b","CONFIRMED","CANDIDATE",285.602540,50.112041,3.69298623,1.74,763.3,1.7744,745.0,72.66,4402.00,0.5720,0.5750,4.682,0.775,0,33.90,1.0000
"K01835.01","Kepler-326 c","CONFIRMED","CANDIDATE",294.325530,46.002251,4.580346161,1.38,308.3,2.097,889.0,147.56,5103.00,0.7890,0.8200,4.558,0.384,0,49.80,1.0000
"K01835.02","Kepler-326 b","CONFIRMED","CANDIDATE",294.325530,46.002251,2.248288213,1.25,263.2,2.0361,1127.0,380.75,5103.00,0.7890,0.8200,4.558,0.004,0,59.70,1.0000
"K01835.03","Kepler-326 d","CONFIRMED","CANDIDATE",294.325530,46.002251,6.76690759,1.31,249.3,1.7062,781.0,87.79,5103.00,0.7890,0.8200,4.558,0.648,0,29.70,1.0000
"K01837.01","Kepler-969 b","CONFIRMED","CANDIDATE",288.372500,47.933559,34.1732156,2.37,635,4.7679,465.0,11.09,5201.00,0.8340,0.9480,4.573,0.815,0,38.90,1.0000
"K01838.01","Kepler-970 b","CONFIRMED","CANDIDATE",289.625240,40.708729,16.7364755,2.73,1147,2.151,464.0,10.99,4334.00,0.6530,0.6460,4.618,0.9,0,9.90,1.0000
"K01839.01","Kepler-971 b","CONFIRMED","CANDIDATE",284.094570,41.182819,9.59068586,3.93,544.6,3.452,1087.0,329.34,5476.00,1.6730,0.8190,3.904,0.359,0,40.00,1.0000
"K01840.01","Kepler-972 b","CONFIRMED","CANDIDATE",295.828700,43.425491,7.03932913,4.67,836.7,3.514,1060.0,298.33,5846.00,1.2400,1.0640,4.278,0.956,0,48.60,1.0000
"K01841.01","Kepler-973 b","CONFIRMED","CANDIDATE",290.165250,49.923859,49.6075771,2.12,626.7,2.9575,402.0,6.17,5187.00,0.7740,0.8580,4.592,0.764,0,44.90,0.9780
"K01842.01","Kepler-1770 b","CONFIRMED","CANDIDATE",299.250310,43.410439,16.84183355,3.08,822.1,2.6194,699.0,56.43,5602.00,1.0090,0.9410,4.404,0.688,0,23.60,1.0000
"K01843.01","Kepler-974 b","CONFIRMED","CANDIDATE",285.013090,40.220749,4.194496867,1.57,660.7,1.7807,577.0,26.20,3706.00,0.5220,0.5550,4.747,0.863,0,45.00,1.0000
"K01843.02",,"CANDIDATE","CANDIDATE",285.013090,40.220749,6.35585682,0.86,176.6,1.55,503.0,15.10,3706.00,0.5220,0.5550,4.747,0.912,0,9.20,0.9740
"K01845.01","Kepler-975 b","CONFIRMED","CANDIDATE",290.548550,38.495281,1.970340203,3.97,403.2,1.7901,1599.0,1540.07,4883.00,1.6670,0.9510,3.972,0.859,0,56.30,1.0000
"K01845.02","Kepler-975 c","CONFIRMED","CANDIDATE",290.548550,38.495281,5.05821338,10.69,748.3,1.132,1168.0,439.80,4883.00,1.6670,0.9510,3.972,1.004,0,43.20,1.0000
"K01847.01","Kepler-977 b","CONFIRMED","CANDIDATE",291.516200,42.248192,26.85323647,2.65,965.8,4.4557,544.0,20.77,5329.00,0.8690,0.7860,4.455,0.01,0,53.30,1.0000
"K01848.01","Kepler-978 b","CONFIRMED","CANDIDATE",286.710720,43.043449,49.6220669,3.33,505.5,7.222,546.0,20.99,5938.00,1.1840,1.0970,4.331,0.939,0,47.60,0.9990
"K01849.01","Kepler-979 b","CONFIRMED","CANDIDATE",300.371280,46.408279,8.08801663,2.94,952.9,1.8334,792.0,92.93,5269.00,0.8740,0.8700,4.494,0.744,0,46.10,1.0000
"K01850.01","Kepler-980 b","CONFIRMED","CANDIDATE",294.613010,45.060169,11.55103848,2.17,402.8,3.3601,845.0,120.76,5907.00,1.0580,1.0140,4.395,0.493,0,49.80,1.0000
"K01851.01","Kepler-981 b","CONFIRMED","CANDIDATE",289.248900,47.650101,4.469754641,2.26,553.9,1.813,1103.0,350.69,5988.00,0.9340,1.0210,4.507,0.494,0,37.10,1.0000
"K01852.01","Kepler-982 b","CONFIRMED","CANDIDATE",288.417690,46.590431,15.77382794,2.72,313.6,4.957,955.0,196.14,6283.00,1.5310,1.1500,4.129,0.035,0,30.40,1.0000
"K01853.01","Kepler-983 b","CONFIRMED","CANDIDATE",285.104060,45.008171,60.0853848,2.4,432.2,7.007,485.0,13.07,6028.00,1.0470,1.1490,4.459,0.79,0,51.70,0.9970
"K01854.01","Kepler-984 b","CONFIRMED","CANDIDATE",296.958860,46.394131,43.0343364,2.5,541.6,6.571,484.0,13.01,5550.00,0.9110,0.9060,4.476,0.882,0,50.00,0.9900
"K01856.01",,"CANDIDATE","CANDIDATE",297.078610,49.502079,46.2991052,4.33,854.9,5.2481,592.0,29.04,5396.00,1.5070,0.8980,4.035,0.025,0,55.00,0.9990
"K01857.01","Kepler-1771 b","CONFIRMED","CANDIDATE",292.013400,49.019119,88.6440015,2.51,625.5,7.82,391.0,5.51,5661.00,0.9340,0.9410,4.471,0.724,0,57.60,0.8620
"K01890.01","Kepler-1002 b","CONFIRMED","CANDIDATE",293.079500,43.073711,4.33643506,1.75,108.5,4.1445,1453.0,1054.56,6180.00,1.6030,1.2750,4.133,0.641,0,48.00,1.0000
"K01891.01","Kepler-330 c","CONFIRMED","CANDIDATE",288.447390,44.801682,15.95541913,2.18,762.6,3.9851,573.0,25.54,4891.00,0.8050,0.7760,4.516,0.314,0,39.00,1.0000
"K01891.02","Kepler-330 b","CONFIRMED","CANDIDATE",288.447390,44.801682,8.25980352,1.35,298.4,2.928,714.0,61.43,4891.00,0.8050,0.7760,4.516,0.161,0,18.30,0.9900
"K01892.01","Kepler-1674 b","CONFIRMED","CANDIDATE",294.816100,45.306122,62.5613879,3.54,1372.6,5.907,417.0,7.13,5662.00,0.8400,0.9370,4.560,0.842,0,35.00,1.0000
"K01893.01","Kepler-1003 b","CONFIRMED","CANDIDATE",292.020450,44.876221,3.554856338,1.29,232.9,2.1004,1157.0,425.04,6068.00,0.8310,0.9310,4.565,0.331,0,40.80,1.0000
"K01894.01","Kepler-1004 b","CONFIRMED","CANDIDATE",297.359280,49.797550,5.28790754,7.1,343.9,8.5274,1661.0,1802.31,4994.00,3.8180,1.4410,3.433,0.474,0,90.60,1.0000
"K01895.01","Kepler-331 b","CONFIRMED","CANDIDATE",291.834320,39.307362,8.45746636,1.87,1320.3,2.2906,540.0,20.08,4347.00,0.5240,0.5370,4.730,0.209,0,21.80,1.0000
"K01895.02","Kepler-331 c","CONFIRMED","CANDIDATE",291.834320,39.307362,17.28116957,2.04,1562.8,2.829,425.0,7.75,4347.00,0.5240,0.5370,4.730,0.206,0,20.30,1.0000
"K01895.03","Kepler-331 d","CONFIRMED","CANDIDATE",291.834320,39.307362,32.1340014,1.84,1262,2.691,346.0,3.39,4347.00,0.5240,0.5370,4.730,0.256,0,11.80,0.2430
"K01897.01","Kepler-1774 b","CONFIRMED","CANDIDATE",288.574430,40.988659,59.7711433,3.17,574.5,4.843,522.0,17.53,6214.00,1.1220,1.1010,4.382,0.899,0,38.50,0.9380
"K01898.01","Kepler-1005 b","CONFIRMED","CANDIDATE",286.286010,43.320461,6.4980147,1.87,190.9,2.4384,1026.0,262.18,5727.00,1.1040,0.9460,4.328,0.92,0,41.20,1.0000
"K01899.01","Kepler-1006 b","CONFIRMED","CANDIDATE",295.754120,42.537479,19.76169247,2.81,392.5,3.9097,791.0,92.38,6327.00,1.1750,1.0640,4.327,0.924,0,35.30,0.9750
"K01900.01","Kepler-1007 b","CONFIRMED","CANDIDATE",295.906560,45.809120,5.18498961,1.15,430.1,2.1397,652.0,42.62,4325.00,0.5600,0.5470,4.680,0.021,0,36.40,1.0000
"K01901.01","Kepler-1775 b","CONFIRMED","CANDIDATE",286.402310,38.738541,85.6542476,3.56,476,6.866,522.0,17.51,5818.00,1.6470,1.1490,4.065,0.012,0,36.60,0.9560
"K01902.01",,"FALSE POSITIVE","FALSE POSITIVE",296.876830,41.080582,137.8645881,15.9,2363,1.922,170.0,0.20,3645.00,0.4490,0.4600,4.797,1.265,0,28.20,0.0000
"K01904.01","Kepler-1008 b","CONFIRMED","CANDIDATE",296.547520,44.941929,12.43929428,1.3,254.3,3.176,627.0,36.57,4987.00,0.7730,0.7420,4.531,0.663,0,24.90,0.9840
"K01905.01","Kepler-332 b","CONFIRMED","CANDIDATE",286.662960,47.413700,7.62635494,1.21,296.1,2.4168,703.0,57.89,4955.00,0.7210,0.7740,4.610,0.237,0,32.50,1.0000
"K01906.01",,"CANDIDATE","CANDIDATE",296.623470,49.979172,8.710442022,3.61,1196.4,0.9425,760.0,78.75,5416.00,0.8090,0.9000,4.575,0.935,0,42.60,1.0000
"K01907.01","Kepler-1009 b","CONFIRMED","CANDIDATE",282.859920,42.665760,11.35010642,1.75,1221,2.2792,403.0,6.25,3597.00,0.5140,0.5220,4.734,0.035,0,38.30,1.0000
"K01908.01","Kepler-333 b","CONFIRMED","CANDIDATE",292.286070,40.913589,12.55111099,1.34,494.1,3.1293,480.0,12.56,4213.00,0.5980,0.6090,4.669,0.519,0,33.20,1.0000
"K01908.02","Kepler-333 c","CONFIRMED","CANDIDATE",292.286070,40.913589,24.0884178,1.16,387.2,3.952,386.0,5.26,4213.00,0.5980,0.6090,4.669,0.376,0,21.00,1.0000
"K01909.01","Kepler-334 c","CONFIRMED","CANDIDATE",287.140660,47.115189,12.75800092,1.49,187.9,4.1828,822.0,107.96,5782.00,1.0950,0.9570,4.340,0.011,0,41.70,0.9990
"K01909.02","Kepler-334 b","CONFIRMED","CANDIDATE",287.140660,47.115189,5.47033376,1.15,112,3.1441,1090.0,334.27,5782.00,1.0950,0.9570,4.340,0.074,0,32.70,1.0000
"K01909.03","Kepler-334 d","CONFIRMED","CANDIDATE",287.140660,47.115189,25.0985083,1.59,167.6,2.7727,656.0,43.84,5782.00,1.0950,0.9570,4.340,0.814,0,21.30,0.9870
"K01910.01","Kepler-1010 b","CONFIRMED","CANDIDATE",289.192630,44.149319,34.2685741,2.44,699.3,4.8251,477.0,12.20,5083.00,0.8720,0.8150,4.468,0.677,0,38.20,0.9950
"K01911.01","Kepler-1011 b","CONFIRMED","CANDIDATE",297.401550,46.824001,5.75321539,3.14,733.8,1.7948,920.0,169.44,5445.00,0.9290,1.0170,4.510,0.921,0,31.80,1.0000
"K01913.01","Kepler-1012 b","CONFIRMED","CANDIDATE",289.296260,46.457951,5.50860699,1.49,203.9,3.0788,934.0,179.62,5448.00,0.8830,0.8770,4.489,0.879,0,38.20,1.0000
"K01914.01","Kepler-1013 b","CONFIRMED","CANDIDATE",290.248050,44.435242,18.93055119,4.41,684,3.372,766.0,81.42,5015.00,1.6430,0.9550,3.987,0.583,0,26.20,1.0000
"K01915.01","Kepler-335 b","CONFIRMED","CANDIDATE",296.064330,45.428619,6.56226483,3.07,260.8,4.0144,1290.0,654.67,5878.00,1.8120,1.2120,4.005,0.643,0,41.20,1.0000
"K01916.01","Kepler-336 d","CONFIRMED","CANDIDATE",290.237640,41.331379,20.67876365,2.42,323.9,4.6395,749.0,74.36,5865.00,1.2720,1.0880,4.266,0.665,0,42.60,1.0000
"K01916.02","Kepler-336 c","CONFIRMED","CANDIDATE",290.237640,41.331379,9.59993246,2.08,271.2,4.3206,967.0,206.91,5865.00,1.2720,1.0880,4.266,0.063,0,52.00,1.0000
"K01916.03","Kepler-336 b","CONFIRMED","CANDIDATE",290.237640,41.331379,2.0248205,1.01,63.3,2.55,1625.0,1652.50,5865.00,1.2720,1.0880,4.266,0.248,0,20.20,0.9330
"K01917.01","Kepler-1776 b","CONFIRMED","CANDIDATE",291.534390,47.042500,35.01190875,2.97,436.7,2.868,603.0,31.35,5872.00,1.1530,1.0410,4.332,0.927,0,34.00,0.9990
"K01920.01","Kepler-1014 b","CONFIRMED","CANDIDATE",285.122040,44.110600,16.57099265,2.03,644.9,2.9052,614.0,33.53,5483.00,0.7790,0.8650,4.589,0.55,0,40.90,1.0000
"K01952.04","Kepler-341 e","CONFIRMED","CANDIDATE",289.861570,43.472771,42.4729078,2.03,334,7.253,539.0,19.93,5616.00,1.1110,0.9570,4.327,0.361,0,22.80,1.0000
"K01955.01","Kepler-342 b","CONFIRMED","CANDIDATE",292.678070,46.726711,15.17026921,2.47,224.8,4.3311,905.0,158.23,6297.00,1.3690,1.2470,4.260,0.917,0,45.40,0.9980
"K01955.02","Kepler-342 d","CONFIRMED","CANDIDATE",292.678070,46.726711,39.4576228,2.8,244.8,9.557,658.0,44.26,6297.00,1.3690,1.2470,4.260,0.967,0,41.60,0.6030
"K01958.01","Kepler-66 b","CONFIRMED","CANDIDATE",293.981570,46.687752,17.8159689,3.12,776.8,3.6765,699.0,56.48,5964.00,0.9330,0.9680,4.484,0.911,0,22.50,1.0000
"K01959.01","Kepler-1026 b","CONFIRMED","CANDIDATE",283.605260,39.997978,36.5157639,2.55,861.3,3.6577,425.0,7.71,4847.00,0.7810,0.7720,4.540,0.787,0,34.70,1.0000
"K01960.01","Kepler-343 b","CONFIRMED","CANDIDATE",291.960690,42.433010,8.96847034,2.17,234.3,4.4073,1024.0,259.95,5808.00,1.3740,1.0540,4.185,0.558,0,38.20,1.0000
"K01961.01","Kepler-1027 b","CONFIRMED","CANDIDATE",287.571170,42.813919,1.907810683,0.91,120.5,1.8707,1268.0,609.28,5435.00,0.8240,0.9370,4.578,0.41,0,40.90,1.0000
"K01962.01",,"CANDIDATE","CANDIDATE",284.233980,40.794540,32.85862571,2.31,162.8,3.1483,691.0,53.85,5899.00,1.4140,0.9950,4.135,0.955,0,36.40,1.0000
"K01964.01",,"CANDIDATE","CANDIDATE",290.703700,43.607208,2.229326354,0.6,49.1,1.9946,1273.0,621.53,5587.00,0.8650,0.9140,4.525,0.249,0,24.60,1.0000
"K01965.01","Kepler-1028 b","CONFIRMED","CANDIDATE",289.593080,49.781158,2.514628496,1.27,228.4,1.6239,1217.0,517.89,5662.00,0.8400,0.9370,4.560,0.247,0,33.30,1.0000
"K01967.01","Kepler-1029 b","CONFIRMED","CANDIDATE",292.132970,41.547539,4.417692516,1.57,279.2,2.323,790.0,92.16,4766.00,0.6640,0.7230,4.645,0.971,0,35.10,1.0000
"K01968.01","Kepler-1778 b","CONFIRMED","CANDIDATE",287.361270,43.738781,10.08744556,3.15,568.1,2.9884,942.0,186.14,6310.00,1.0950,1.1430,4.417,0.921,0,39.90,1.0000
"K01969.01","Kepler-1779 b","CONFIRMED","CANDIDATE",300.417510,45.605518,16.34355902,3.26,829.4,5.474,730.0,67.34,5730.00,1.0560,1.0080,4.394,0.716,0,34.00,1.0000
"K01970.01","Kepler-344 b","CONFIRMED","CANDIDATE",292.499630,46.324409,21.96401646,2.57,693.4,2.7509,643.0,40.41,5774.00,0.9580,0.9370,4.447,0.483,0,26.90,1.0000
"K01970.02","Kepler-344 c","CONFIRMED","CANDIDATE",292.499630,46.324409,125.602323,2.89,925.7,7.105,360.0,3.95,5774.00,0.9580,0.9370,4.447,0.065,0,23.30,0.8990
"K01971.01","Kepler-1030 b","CONFIRMED","CANDIDATE",293.681920,45.817558,19.32945602,2.26,935.5,3.794,529.0,18.57,5026.00,0.7630,0.8750,4.604,0.009,0,26.80,1.0000
"K01972.01",,"CANDIDATE","CANDIDATE",296.089750,48.955372,17.79108667,2.88,414.2,2.662,830.0,112.09,5855.00,1.3400,0.9200,4.148,0.654,0,39.80,0.9910
"K01973.01","Kepler-1032 b","CONFIRMED","CANDIDATE",289.930850,40.097752,3.290114076,1.49,645.3,1.5151,802.0,97.96,4484.00,0.5940,0.5800,4.654,0.203,0,30.30,1.0000
"K01974.01","Kepler-1780 b","CONFIRMED","CANDIDATE",294.083920,42.809589,109.4450597,3.04,1269.6,3.792,340.0,3.14,5403.00,0.8680,0.8680,4.500,0.149,0,30.10,1.0000
"K01975.01","Kepler-1033 b","CONFIRMED","CANDIDATE",283.845150,44.609089,7.56052209,2.4,659.8,3.8573,914.0,164.90,5895.00,0.9400,1.0260,4.503,0.022,0,34.60,0.9980
"K01976.01","Kepler-1034 b","CONFIRMED","CANDIDATE",286.115360,37.966999,12.12401737,2.37,788.4,3.3091,675.0,48.98,5094.00,0.8700,0.8130,4.469,0.029,0,40.10,1.0000
"K01977.01","Kepler-345 c","CONFIRMED","CANDIDATE",295.228790,45.971020,9.38740646,1.69,384.6,1.6165,575.0,25.83,4500.00,0.6460,0.7100,4.656,0.946,0,22.30,1.0000
"K01977.02","Kepler-345 b","CONFIRMED","CANDIDATE",295.228790,45.971020,7.41556471,0.79,150.4,1.973,622.0,35.37,4500.00,0.6460,0.7100,4.656,0.434,0,11.80,1.0000
"K01978.01","Kepler-346 b","CONFIRMED","CANDIDATE",288.011900,46.117611,6.51112385,3.09,695.1,1.6919,1008.0,243.67,6032.00,1.0010,1.0650,4.465,0.882,0,38.40,1.0000
"K01978.02","Kepler-346 c","CONFIRMED","CANDIDATE",288.011900,46.117611,23.85163321,3.37,833.7,2.4453,654.0,43.19,6032.00,1.0010,1.0650,4.465,0.88,0,28.60,1.0000
"K01979.01","Kepler-1035 b","CONFIRMED","CANDIDATE",289.042210,42.882488,2.714078374,1.38,143.5,1.3115,1301.0,675.86,5815.00,0.9920,1.0380,4.461,0.868,0,36.80,0.9980
"K01980.01","Kepler-1036 b","CONFIRMED","CANDIDATE",295.181640,49.945782,122.8799543,2.7,717.7,7.835,326.0,2.66,5413.00,0.8610,0.8750,4.510,0.872,0,41.90,1.0000
"K01982.01","Kepler-1781 b","CONFIRMED","CANDIDATE",291.711460,42.341499,4.88753111,2.45,679.6,2.034,1003.0,239.11,5568.00,0.9570,1.0530,4.499,0.147,0,17.40,1.0000
"K01984.01","Kepler-1677 b","CONFIRMED","CANDIDATE",298.493290,47.013039,22.06402,2.67,388.7,4.1,712.0,60.81,6232.00,1.0900,1.1740,4.432,0.941,0,31.50,0.9910
"K01985.01","Kepler-1782 b","CONFIRMED","CANDIDATE",280.926120,44.087929,5.756245244,2.24,623.6,1.071,773.0,84.16,4931.00,0.7340,0.7940,4.605,0.888,0,45.50,1.0000
"K01986.01","Kepler-1038 b","CONFIRMED","CANDIDATE",298.972170,44.132381,148.4601819,3.61,1532.1,5.499,285.0,1.56,5159.00,0.8210,0.8680,4.548,0.808,0,33.70,0.9930
"K01988.01","Kepler-1039 b","CONFIRMED","CANDIDATE",298.326600,45.315510,0.934885365,3.21,270.4,1.4083,2080.0,4435.29,4777.00,1.7950,0.9530,3.909,0.731,0,57.80,1.0000
"K01989.01","Kepler-1040 b","CONFIRMED","CANDIDATE",283.113770,48.131390,201.118319,2.28,584.8,10.328,300.0,1.92,5646.00,0.9540,0.9290,4.447,0.001,0,34.70,0.8610
"K01990.01","Kepler-1041 b","CONFIRMED","CANDIDATE",293.881770,49.683151,24.7577652,2.44,458.7,6.998,644.0,40.74,6106.00,0.9660,1.0430,4.487,0.896,0,37.60,1.0000
"K01992.01","Kepler-347 b","CONFIRMED","CANDIDATE",289.199580,49.305721,12.7983174,2.88,336.6,6.401,908.0,160.33,5592.00,1.4510,1.0000,4.115,0.738,0,38.20,1.0000
"K01996.01","Kepler-1042 b","CONFIRMED","CANDIDATE",288.668910,39.824009,10.13200555,1.67,911.6,3.1683,574.0,25.66,4777.00,0.5610,0.5610,4.689,0.03,0,37.60,1.0000
"K01997.01","Kepler-1043 b","CONFIRMED","CANDIDATE",281.662990,47.568581,38.505224,2.45,695.2,5.941,532.0,18.98,5974.00,0.8810,0.9040,4.504,0.654,0,35.50,1.0000
"K02032.01","Kepler-1063 b","CONFIRMED","CANDIDATE",290.526760,38.142979,14.07969236,2.08,169.5,1.375,931.0,177.81,5821.00,1.5470,1.0920,4.097,0.544,0,26.20,1.0000
"K02033.01","Kepler-1064 b","CONFIRMED","CANDIDATE",291.741640,37.688938,16.54081386,1.57,370,2.5996,570.0,24.87,5064.00,0.7690,0.8060,4.572,0.688,0,32.80,0.9980
"K02034.01","Kepler-1065 b","CONFIRMED","CANDIDATE",294.511260,38.790501,3.609313059,3.26,1375.1,1.7752,1092.0,336.16,5668.00,0.8680,0.9630,4.545,0.408,0,35.00,1.0000
"K02035.01","Kepler-1066 b","CONFIRMED","CANDIDATE",298.866580,46.502239,1.93155546,2.25,504.9,1.614,1290.0,655.43,5461.00,0.8580,0.9570,4.552,0.861,0,8.60,1.0000
"K02036.01","Kepler-353 c","CONFIRMED","CANDIDATE",296.856630,41.758179,8.41100305,1.8,755.6,2.4553,472.0,11.71,3757.00,0.5390,0.5520,4.718,0.905,0,27.60,0.9780
"K02036.02","Kepler-353 b","CONFIRMED","CANDIDATE",296.856630,41.758179,5.79529495,1.05,334.3,2.272,534.0,19.23,3757.00,0.5390,0.5520,4.718,0.714,0,14.80,1.0000
"K02037.01","Kepler-1995 b","CONFIRMED","CANDIDATE",284.342740,46.316551,73.7578875,4.28,1836.9,2.69,375.0,4.66,5029.00,0.9300,0.8470,4.429,0.714,0,20.20,0.9790
"K02037.03",,"CANDIDATE","CANDIDATE",284.342740,46.316551,8.56267266,2.26,608.1,1.53,768.0,82.22,5029.00,0.9300,0.8470,4.429,0.335,0,15.20,1.0000
"K02038.01","Kepler-85 b","CONFIRMED","CANDIDATE",290.973420,45.290321,8.30537702,1.69,365.6,3.751,809.0,101.43,5435.00,0.8730,0.8700,4.495,0.489,0,28.50,1.0000
"K02038.02","Kepler-85 c","CONFIRMED","CANDIDATE",290.973420,45.290321,12.51353325,1.88,430.8,4.301,706.0,58.69,5435.00,0.8730,0.8700,4.495,0.596,0,30.00,1.0000
"K02038.03","Kepler-85 d","CONFIRMED","CANDIDATE",290.973420,45.290321,17.9134215,1.39,197.8,4.364,626.0,36.38,5435.00,0.8730,0.8700,4.495,0.832,0,11.40,0.8890
"K02038.04","Kepler-85 e","CONFIRMED","CANDIDATE",290.973420,45.290321,25.2149143,1.19,174.1,5.76,559.0,23.05,5435.00,0.8730,0.8700,4.495,0.599,0,9.90,0.9980
"K02039.01","Kepler-1067 c","CONFIRMED","CANDIDATE",285.387420,45.049049,5.42586901,1.48,259,2.5342,973.0,211.66,5594.00,0.9340,0.9810,4.489,0.1,0,26.10,0.9510
"K02040.01","Kepler-1785 b","CONFIRMED","CANDIDATE",295.792180,47.600101,19.58561177,3.09,532.9,1.755,666.0,46.51,5618.00,0.9960,0.9110,4.401,0.964,0,27.10,1.0000
"K02042.01",,"CANDIDATE","CANDIDATE",298.750180,45.466400,63.0732241,17.8,671.3,5.397,1077.0,317.78,6234.00,6.3540,2.3820,3.209,0.746,0,30.00,0.9940
"K02043.01","Kepler-1786 b","CONFIRMED","CANDIDATE",292.587800,38.522030,78.5461106,3.55,658.7,8.689,501.0,14.85,5808.00,1.3970,1.0580,4.172,0.044,0,35.60,0.9830
"K02044.01","Kepler-1068 b","CONFIRMED","CANDIDATE",294.648160,46.392361,16.92342126,3.4,1125.3,4.1864,702.0,57.37,5786.00,0.9900,1.0440,4.465,0.515,0,40.80,1.0000
"K02045.01","Kepler-354 b","CONFIRMED","CANDIDATE",285.751460,41.335640,5.47665801,2.01,648,2.5482,741.0,71.00,4650.00,0.7060,0.7040,4.589,0.788,0,32.10,1.0000
"K02045.02","Kepler-354 d","CONFIRMED","CANDIDATE",285.751460,41.335640,24.2101973,1.5,458,4.046,451.0,9.80,4650.00,0.7060,0.7040,4.589,0.45,0,14.10,0.4000
"K02046.01","Kepler-1069 b","CONFIRMED","CANDIDATE",290.979340,47.988998,23.8990075,3.26,293.4,15.955,823.0,108.30,5511.00,1.9300,1.1150,3.914,0.153,0,61.50,1.0000
"K02047.01","Kepler-1070 b","CONFIRMED","CANDIDATE",293.195370,49.316502,6.22161107,1.59,165,3.4117,1101.0,348.15,6277.00,1.0970,1.1480,4.417,0.838,0,29.00,1.0000
"K02048.01","Kepler-1071 b","CONFIRMED","CANDIDATE",293.058010,45.248821,6.17998508,2.12,750.5,2.1094,814.0,104.06,5149.00,0.7910,0.8110,4.551,0.175,0,29.00,1.0000
"K02049.01","Kepler-1072 b","CONFIRMED","CANDIDATE",292.044370,46.329029,1.569066598,1.68,147.2,2.7803,1849.0,2763.39,5821.00,1.3950,1.0540,4.172,0.097,0,48.70,1.0000
"K02051.01","Kepler-355 c","CONFIRMED","CANDIDATE",285.799470,42.811779,25.7626846,2.66,619.5,6.908,633.0,37.99,5739.00,1.0690,1.0020,4.381,0.327,0,38.00,0.8620
"K02051.02","Kepler-355 b","CONFIRMED","CANDIDATE",285.799470,42.811779,11.0317836,1.45,182.3,4.753,840.0,117.67,5739.00,1.0690,1.0020,4.381,0.405,0,14.10,0.9950
"K02052.01",,"CANDIDATE","CANDIDATE",294.697720,38.364159,4.22464216,4.31,987,1.403,1279.0,631.55,6343.00,1.1400,1.2130,4.408,0.913,0,7.70,1.0000
"K02053.01","Kepler-356 c","CONFIRMED","CANDIDATE",292.421080,37.682819,13.12162167,1.99,196.9,3.6138,913.0,164.48,6140.00,1.2770,1.0940,4.265,0.807,0,32.70,0.9780
"K02053.02","Kepler-356 b","CONFIRMED","CANDIDATE",292.421080,37.682819,4.6126736,1.6,133.2,3.0643,1294.0,663.80,6140.00,1.2770,1.0940,4.265,0.755,0,34.30,0.9830
"K02055.01","Kepler-1073 b","CONFIRMED","CANDIDATE",294.152710,38.233040,8.67890312,2.56,540.6,3.5317,905.0,158.43,5509.00,1.1160,0.9240,4.308,0.203,0,37.40,0.9990
"K02056.01","Kepler-1787 b","CONFIRMED","CANDIDATE",289.064330,47.117420,39.3135699,2.07,500.1,5.0137,540.0,20.04,6060.00,0.9250,1.0080,4.509,0.006,0,33.80,1.0000
"K02057.01","Kepler-1074 b","CONFIRMED","CANDIDATE",284.476530,46.252579,5.94565516,1.12,401.2,2.1604,568.0,24.71,3974.00,0.5640,0.5810,4.700,0.229,0,28.50,1.0000
"K02058.01","Kepler-1075 b","CONFIRMED","CANDIDATE",287.501160,47.469269,1.52373073,1.26,364.7,1.4796,818.0,105.95,3746.00,0.5100,0.5160,4.736,0.942,0,34.10,1.0000
"K02059.01","Kepler-1076 b","CONFIRMED","CANDIDATE",287.590090,51.060570,6.14728341,0.79,119.7,2.7645,770.0,83.18,4997.00,0.7460,0.8060,4.598,0.188,0,26.80,0.9940
"K02060.01","Kepler-1788 b","CONFIRMED","CANDIDATE",291.224330,45.778091,2.800111267,2.13,706.7,1.0237,956.0,197.81,4786.00,0.7040,0.6860,4.579,0.806,0,33.50,1.0000
"K02062.01","Kepler-1077 b","CONFIRMED","CANDIDATE",291.033630,42.267860,34.3511339,2.75,599.4,4.4408,576.0,26.10,6091.00,0.9670,1.0450,4.487,0.88,0,28.80,1.0000
"K02063.01","Kepler-1078 b","CONFIRMED","CANDIDATE",293.200590,43.050041,3.00725068,1.56,285.8,4.4302,1122.0,373.99,5667.00,0.7810,0.8730,4.587,0.897,0,30.00,1.0000
