pl_name,hostname,ra,dec,discoverymethod,disc_facility,disc_year,pl_rade,pl_bmasse,pl_orbper,pl_orbsmax,pl_orbeccen,pl_dens,pl_eqt,pl_trandep,pl_trandur,pl_orbincl,st_teff,st_rad,st_mass,st_met,st_logg,st_lum,st_spectype
"16 Cyg B b","16 Cyg B",295.4656422,50.5168243,"Radial Velocity","Multiple Observatories",1996,13.50000000,565.73740000,798.50000000000,1.6600000000,0.680000,1.260000,228.76,,,,5750.00,1.130000,1.080000,0.0600,4.360000,0.09729,"G3 V"
"2MASS J01033563-5515561 AB b","2MASS J01033563-5515561 A",15.8992489,-55.2658291,"Imaging","Paranal Observatory",2013,12.30000000,4131.79000000,,84.0000000000,,12.200000,,,,,,,0.190000,,,,"M5.5/M6"
"2MASS J19383260+4603591 b","2MASS J19383260+4603591",294.6359173,46.0664076,"Eclipse Timing Variations","Kepler",2015,13.40000000,603.87700000,406.00000000000,0.9200000000,0.330000,1.380000,669.65,,,,29564.00,0.203000,0.480000,-0.0920,5.508000,1.45000,
"2MASS J22362452+4751425 b","2MASS J22362452+4751425",339.1025931,47.8616830,"Imaging","W. M. Keck Observatory",2016,12.30000000,3972.87500000,,230.0000000000,,11.700000,10.30,,,,4045.00,0.641152,0.600000,,4.623490,-1.02143,"K7 V"
"61 Vir b","61 Vir",199.5964550,-18.3157745,"Radial Velocity","Multiple Observatories",2009,2.11000000,5.10000000,4.21500000000,0.0502010000,0.120000,2.980000,1177.85,,,,5577.00,0.963000,0.942000,-0.0100,4.340000,-0.09500,"G5 V"
"81 Cet b","81 Cet",39.4243555,-3.3963607,"Radial Velocity","Okayama Astrophysical Observatory",2008,13.10000000,1051.05854195,1005.57000000000,2.1040000000,0.037000,2.570000,526.92,,,,4734.00,11.210000,1.230000,-0.1100,2.410000,1.76027,"G5 III"
"AB Aur b","AB Aur",73.9410446,30.5510888,"Imaging","Subaru Telescope",2022,12.50000000,2860.45566300,,93.9000000000,0.400000,8.050000,83.63,,,42.60000,9770.00,2.958870,2.400000,,3.774110,1.77085,
"AF Lep b","AF Lep",81.7699216,-11.9011752,"Imaging","Paranal Observatory",2023,13.00000000,1147.36054927,8905.00000000000,8.9960000000,0.015000,2.870000,1400.00,,,57.50000,6140.00,1.250000,1.218000,0.1900,4.400000,0.29000,"F8"
"BD+20 2457 c","BD+20 2457",154.1867820,19.8912626,"Radial Velocity","McDonald Observatory",2009,12.40000000,3963.17000000,621.99000000000,2.0100000000,0.180000,11.400000,984.96,,,,4137.00,49.000000,2.800000,-1.0000,1.510000,3.17000,"K2 II"
"BD+48 740 b","BD+48 740",40.7425426,48.9300579,"Radial Velocity","Multiple Observatories",2018,13.50000000,540.31100000,733.00000000000,1.7000000000,0.760000,1.210000,538.94,,,,4534.00,10.330000,1.090000,-0.1300,2.480000,1.64000,"K3 III"
"BD-06 1339 c","BD-06 1339",88.2511811,-5.9963378,"Radial Velocity","La Silla Observatory",2013,8.38000000,53.00000000,125.94000000000,0.4350000000,0.310000,0.495000,261.91,,,,4324.00,0.686355,0.700000,-0.1400,4.740000,-1.02200,"K7/M0 V"
"BD-08 2823 b","BD-08 2823",150.1971964,-9.5165689,"Radial Velocity","La Silla Observatory",2009,,2948.49413174,5.60000000000,0.0600000000,0.150000,,798.86,,,0.27460,4816.00,0.710000,0.500000,-0.0600,4.430000,-0.62597,"K3 V"
"BD-11 4672 c","BD-11 4672",278.3688659,-11.6370481,"Radial Velocity","Roque de los Muchachos Observatory",2020,4.04000000,15.37000000,74.20000000000,0.3000000000,0.400000,1.280000,320.21,,,,4550.00,0.639000,0.651000,-0.3500,4.642000,-0.80410,"K7V"
"Barnard b","Barnard's star",269.4486144,4.7379808,"Radial Velocity","Paranal Observatory",2024,0.72000000,0.29900000,3.15420000000,0.0229000000,0.030000,4.400000,438.00,,,,3195.00,0.185000,0.162000,-0.5600,4.900000,-2.44977,"M3.5-4 V"
"Barnard c","Barnard's star",269.4486144,4.7379808,"Radial Velocity","Gemini Observatory",2025,0.74300000,0.33500000,4.12440000000,0.0274000000,0.080000,4.490000,400.00,,,,3195.00,0.185000,0.162000,-0.5600,4.900000,-2.44977,"M3.5-4 V"
"Barnard e","Barnard's star",269.4486144,4.7379808,"Radial Velocity","Gemini Observatory",2025,0.63700000,0.19300000,6.73920000000,0.0381000000,0.040000,4.100000,340.00,,,,3195.00,0.185000,0.162000,-0.5600,4.900000,-2.44977,"M3.5-4 V"
"CD-35 2722 b","CD-35 2722",92.3300147,-35.8255375,"Imaging","Gemini Observatory",2011,17.37392009,9375.93800650,,67.0000000000,,9.820000,1800.00,,,,3689.00,0.558549,0.400000,-0.1600,4.240000,-1.26481,"M1 V"
"CHXR 73 b","CHXR 73",166.6193985,-77.6258725,"Imaging","Hubble Space Telescope",2006,12.30000000,3994.48600000,,210.0000000000,,11.800000,,,,,3099.00,,0.350000,,,,"M3.5"
"CoRoT-10 b","CoRoT-10",291.0636813,0.7460143,"Transit","CoRoT",2010,10.87000000,874.00000000,13.24060000000,0.1055000000,0.530000,3.700000,600.00,1.61036000,2.9800000,88.55000,5075.00,0.790000,0.890000,0.2600,4.650000,-0.72608,"K1 V"
"CoRoT-12 b","CoRoT-12",100.7656871,-1.2964437,"Transit","CoRoT",2010,16.14000000,291.43800000,2.82804200000,0.0401600000,0.070000,0.411000,1442.00,1.74400000,2.5742400,85.48000,5675.00,1.116000,1.078000,0.1600,4.375000,0.07000,
"CoRoT-13 b","CoRoT-13",102.7211432,-5.0864557,"Transit","CoRoT",2010,9.92000000,415.70400000,4.03519000000,0.0510000000,0.000000,2.340000,1700.00,1.18504723,3.1400000,88.02000,5945.00,1.010000,1.090000,0.0100,4.460000,0.07314,"G0 V"
"CoRoT-17 b","CoRoT-17",278.6992360,-6.6122880,"Transit","CoRoT",2011,11.43000000,772.29000000,3.76810000000,0.0461000000,0.000000,2.820000,1626.00,0.44000000,4.7200100,88.34000,5740.00,1.590000,1.040000,0.0000,4.400000,0.13421,"G2 V"
"CoRoT-22 b","CoRoT-22",280.6671392,6.2191669,"Transit","CoRoT",2014,4.88000000,12.20000000,9.75598000000,0.0920000000,0.077000,0.249000,885.00,,4.4920000,89.74900,5939.00,1.136000,1.099000,0.1700,4.361000,0.01352,"G3 V"
"CoRoT-25 b","CoRoT-25",280.6296561,6.5138223,"Transit","CoRoT",2013,12.11000000,85.81000000,4.86069000000,0.0578000000,0.000000,0.150000,1330.00,,1.9200000,84.50000,6040.00,1.190000,1.090000,-0.0100,4.310000,0.14101,"F9"
"CoRoT-28 b","CoRoT-28",278.6883216,5.5736911,"Transit","CoRoT",2015,10.70459500,153.82972000,5.20851000000,0.0603000000,0.047000,0.690000,1349.25,,5.7000000,88.10000,5150.00,1.780000,1.010000,0.1500,3.600000,0.38849,"G8/9 IV"
"CoRoT-35 b","CoRoT-35",289.3143526,-2.7747085,"Transit","CoRoT",2022,18.83108758,349.61124770,3.22748000000,0.0429000000,0.000000,0.290000,1747.00,1.25700000,4.1900000,84.10000,6390.00,1.650000,1.010000,-0.5000,4.010000,0.36247,"F6 V"
"CoRoT-36 b","CoRoT-36",277.7510149,7.1833465,"Transit","CoRoT",2022,15.80466279,216.12331676,5.61653100000,0.0660000000,0.000000,0.250000,1567.00,1.01000000,4.9800000,85.83000,6730.00,1.520000,1.320000,-0.1000,4.160000,0.81257,"F3 V"
"CoRoT-7 b","CoRoT-7",100.9561682,-1.0630076,"Transit","CoRoT",2009,1.68135000,4.07660518,0.85359163000,0.0170160000,0.000000,9.355000,1756.00,0.03500000,1.0590000,80.10000,5275.00,0.830000,0.820000,0.0500,4.500000,-0.28938,"G9 V"
"CoRoT-7 d","CoRoT-7",100.9561682,-1.0630076,"Radial Velocity","La Silla Observatory",2022,4.31000000,17.14200000,8.96600000000,,,1.180000,,,,,5250.00,0.838900,0.915000,0.1200,4.573000,-0.28938,"G9 V"
"DE CVn b","DE CVn",201.7207198,45.5455449,"Eclipse Timing Variations","Multiple Facilities",2018,12.40000000,3823.27330161,4098.10000000000,5.7500000000,0.000000,11.000000,46.91,,,86.00000,3579.00,0.424754,0.510000,,4.804130,-1.57398,
"DMPP-1 d","DMPP-1",86.7761233,-10.6303217,"Radial Velocity","La Silla Observatory",2019,2.02000000,4.72000000,3.14170000000,0.0446700000,0.360000,3.150000,1632.00,,,,6196.00,1.260000,1.210000,,4.410000,0.31955,"F8 V"
"DMPP-2 c","DMPP-2",27.4077310,-34.4590985,"Radial Velocity","Multiple Observatories",2026,8.26000000,51.79000000,3.16800000000,0.0478900000,0.280000,0.505000,1910.88,,,,6500.00,1.780000,1.410000,,4.100000,0.10380,"F5 V"
"DMPP-3 A b","DMPP-3 A",91.6243532,-72.5143057,"Radial Velocity","La Silla Observatory",2019,1.44000000,2.67000000,5.59000000000,0.0595800000,0.420000,4.910000,854.00,,,,5138.00,0.910000,0.900000,0.1800,4.460490,-0.29513,"K0 V"
"DMPP-9 b","DMPP-9",316.3060007,-66.9581622,"Radial Velocity","Multiple Observatories",2026,3.89000000,14.43000000,12.73300000000,0.1097000000,0.250000,1.350000,995.58,,,,6092.00,1.260000,1.100000,,4.261300,0.32741,
"EPIC 201170410.02","EPIC 201170410",170.1408561,-4.8070039,"Transit","K2",2020,1.04700000,1.15000000,6.79870000000,0.0349000000,0.000000,5.510000,500.03,,,89.00250,3648.00,0.282000,0.287000,-0.0480,4.999000,-1.90000,
"EPIC 201615463 c","K2-166",185.1880932,2.2823788,"Transit","K2",2019,1.22000000,1.98000000,3.80464000000,,,5.990000,,,,,5960.00,1.610000,1.073000,0.0900,4.090000,0.45848,
"EPIC 201757695.02","EPIC 201757695",173.9385102,4.6164303,"Transit","K2",2020,0.90819000,0.68800000,2.04780000000,0.0296000000,0.000000,5.050000,1025.29,,,89.27570,4520.00,0.655000,0.727000,-0.0030,4.659000,-0.36351,
"EPIC 206032309 b","EPIC 206032309",341.2404563,-13.9011223,"Transit","K2",2019,1.01000000,1.01000000,2.87814000000,,,5.390000,,,,,3489.00,0.373440,0.221000,,4.851400,-1.73006,
"EPIC 206042996 b","EPIC 206042996",337.5136198,-13.6101475,"Transit","K2",2019,1.70000000,3.53000000,5.29860000000,,,3.950000,,0.19700000,3.1440000,90.50000,4114.00,0.500000,0.565000,0.0060,4.800000,-0.97996,
"EPIC 212499991 b","EPIC 212499991",202.4887520,-12.7347749,"Transit","K2",2019,1.60000000,3.19000000,34.88500000000,,,4.280000,,,,,4982.79,0.757541,0.912000,,4.614920,-0.49660,
"EPIC 212587672 b","EPIC 212587672",205.4445125,-10.8625468,"Transit","K2",2019,1.26000000,2.13000000,15.28078000000,,,5.850000,756.00,0.01870000,3.4600000,,6004.00,0.980000,0.990000,-0.1800,4.450000,0.03848,
"EPIC 212737443 c","EPIC 212737443",204.2215065,-7.3180577,"Transit","K2",2019,2.69000000,7.70000000,65.55000000000,0.2800000000,0.200000,2.170000,316.00,0.11000000,4.6080000,89.63000,4684.00,0.673000,0.690000,-0.1370,4.622000,-0.75057,"K3"
"EPIC 220492298 b","EPIC 220492298",16.7615005,6.5887980,"Transit","K2",2021,0.99000000,0.93700000,0.76240600000,,,5.310000,,,,92.60000,5620.00,0.890000,0.950000,0.2800,4.500000,-0.00880,
"EPIC 249893012 d","EPIC 249893012",228.2482353,-16.7246474,"Transit","K2",2020,3.94000000,10.18000000,35.74700000000,0.2200000000,0.150000,0.910000,752.00,,9.5600000,89.47000,5430.00,1.710000,1.050000,0.2000,3.990000,0.35568,"G8 IV/V"
"G 261-6 b","G 261-6",291.0743200,75.5558405,"Radial Velocity","Calar Alto Observatory",2025,1.10000000,1.37000000,5.45360000000,0.0297100000,0.000000,5.660000,322.30,,,,2907.00,0.153162,0.118000,,5.165150,-2.82122,"M5.5 V"
"G 264-012 b","G 264-012",326.6719598,66.8038480,"Radial Velocity","Calar Alto Observatory",2021,1.39000000,2.50000000,2.30538000000,0.0227900000,,5.120000,587.00,,,,3326.00,0.305000,0.297000,0.1000,4.850000,-1.97224,"M4.0 V"
"GJ 1002 b","GJ 1002",1.6764641,-7.5462123,"Radial Velocity","Multiple Observatories",2022,1.03000000,1.08000000,10.34650000000,0.0457000000,,5.430000,230.90,,,,3024.00,0.137000,0.120000,-0.2500,5.100000,-2.85201,"M5.5 V"
"GJ 1061 d","GJ 1061",54.0032486,-44.5143104,"Radial Velocity","La Silla Observatory",2020,1.16000000,1.67000000,13.06600000000,0.0540000000,0.040000,5.880000,242.03,,,,2953.00,0.156000,0.120000,-0.0800,5.158560,-2.76955,"M5.5 V"
"GJ 1148 b","GJ 1148",175.4326081,42.7515862,"Radial Velocity","W. M. Keck Observatory",2010,11.90000000,96.70000000,41.38000000000,0.1660000000,0.380000,0.315000,232.94,,,,3287.00,0.358519,0.344045,0.1596,4.865660,-1.86908,"M5"
"GJ 143 b","GJ 143",51.7501882,-63.5001660,"Transit","Transiting Exoplanet Survey Satellite (TESS)",2019,2.61000000,22.70000000,35.61253000000,0.1915000000,0.188000,7.000000,422.00,0.13976487,3.2300000,89.33000,4640.00,0.695000,0.730000,0.0030,4.613000,-0.68620,"K4.5"
"GJ 180 d","GJ 180",73.4600970,-17.7761940,"Radial Velocity","Multiple Facilities",2020,2.66000000,7.56000000,106.30000000000,0.3090000000,0.140000,2.210000,187.94,,,,3371.00,0.413049,0.430000,,4.814730,-1.88606,"M3"
"GJ 2126 b","GJ 2126",257.3606793,-35.3917190,"Radial Velocity","La Silla Observatory",2025,13.60000000,413.17692910,272.70000000000,0.7100000000,0.850000,0.903000,203.08,,,,4159.00,0.728000,0.650000,0.6000,4.527000,-0.84527,"M0 V"
"GJ 229 A c","GJ 229",92.6435993,-21.8677233,"Radial Velocity","Multiple Facilities",2020,2.87000000,8.58136699,121.93268000000,0.3840000000,0.366000,1.990000,188.10,,,,3564.00,0.460000,0.509000,,4.694960,-1.55284,"M1.5V"
"GJ 251 c","GJ 251",103.7002499,33.2664632,"Radial Velocity","Multiple Observatories",2025,1.80000000,3.88000000,53.64700000000,0.1960000000,0.000000,3.660000,216.00,,,,3342.00,0.360000,0.350000,0.0700,4.870000,-1.80967,"M3.0 V"
"GJ 273 b","GJ 273",111.8520910,5.2258070,"Radial Velocity","La Silla Observatory",2017,1.51000000,2.89000000,18.64980000000,0.0911010000,0.100000,4.610000,292.47,,,,3382.00,0.293000,0.290000,0.0900,4.908680,-2.05552,"M3.5"
"GJ 3082 b","GJ 3082",18.6432425,-53.9407751,"Radial Velocity","Multiple Facilities",2020,2.79000000,8.20000000,11.94900000000,0.0790000000,0.220000,2.070000,457.53,,,,3910.00,0.465216,0.470000,,4.768010,-1.46273,"M4"
"GJ 3138 d","GJ 3138",32.2977385,-16.3392495,"Radial Velocity","La Silla Observatory",2017,3.23000000,10.50000000,257.80000000000,0.6980000000,0.320000,1.710000,151.70,,,,3717.00,0.500000,0.681000,-0.3000,4.628720,-1.34679,"M0"
"GJ 317 b","GJ 317",130.2445254,-23.4528090,"Radial Velocity","W. M. Keck Observatory",2007,13.30000000,794.50000000,695.69000000000,1.1380000000,0.082600,1.860000,100.32,,,45.00000,3496.00,0.403000,0.402000,-0.0200,4.822436,-1.68663,"M3.5 V"
"GJ 3222 b","GJ 3222",50.8972464,-40.0762325,"Radial Velocity","Multiple Observatories",2022,3.40000000,11.44182265,10.66669000000,0.0910000000,0.929000,1.600000,811.06,,,,5257.46,0.931389,0.890000,0.1600,4.430000,-0.25200,"K0V"
"GJ 328 b","GJ 328",133.7819507,1.5420011,"Radial Velocity","McDonald Observatory",2013,13.30000000,797.74930157,3771.00000000000,4.1100000000,0.227000,1.860000,73.57,,,,3897.00,0.630000,0.650000,-0.0600,4.640000,-1.08000,"M0.0"
"GJ 3323 b","GJ 3323",75.4868824,-6.9485133,"Radial Velocity","La Silla Observatory",2017,1.23000000,2.02000000,5.36360000000,0.0328200000,0.230000,5.960000,290.06,,,,3159.00,0.119000,0.164000,-0.2700,,-2.56864,"M4"
"GJ 393 b","GJ 393",157.2288672,0.8378485,"Radial Velocity","Multiple Observatories",2021,1.17000000,1.71000000,7.02679000000,0.0540200000,,5.870000,485.00,,,,3579.00,0.426000,0.426000,-0.0900,4.880000,-1.57073,"M2.0 V"
"GJ 3942 b","GJ 3942",242.2645452,52.9441443,"Radial Velocity","Roque de los Muchachos Observatory",2017,2.57000000,7.14000000,6.90500000000,0.0608000000,0.121000,2.310000,590.00,,,,3867.00,0.610000,0.630000,-0.0400,4.650000,-1.12000,"M0"
"GJ 3998 b","GJ 3998",259.0020507,11.0561751,"Radial Velocity","Roque de los Muchachos Observatory",2016,1.39000000,2.50000000,2.65033000000,0.0300000000,0.000000,5.120000,733.50,,,,3726.00,0.500000,0.520000,-0.1300,4.750000,-1.35800,"M1"
"GJ 480 b","GJ 480",189.7134226,11.6950708,"Radial Velocity","Multiple Observatories",2020,2.91000000,8.80000000,9.55360000000,0.0680000000,0.000000,1.960000,406.00,,,,3509.00,0.449000,0.450000,0.2600,4.880000,-1.56200,"M3.5 Ve"
"GJ 504 b","GJ 504",199.1923480,9.4249781,"Imaging","Subaru Telescope",2013,12.10569916,1271.30000000,,43.5000000000,,3.940000,510.00,,,,6234.00,1.260000,1.220000,0.2800,4.600000,0.33200,"G0 V"
"GJ 508.2 b","GJ 508.2",200.2443854,34.2776644,"Radial Velocity","Calar Alto Observatory",2025,,587.98255295,5300.00000000000,4.8500000000,0.270000,,59.30,,,,3720.00,0.530000,0.540000,-0.1500,4.712180,-1.22200,"M1.0 V"
"GJ 581 c","GJ 581",229.8564725,-7.7226935,"Radial Velocity","La Silla Observatory",2007,2.50000000,6.81000000,12.92110000000,0.0718000000,0.032000,2.390000,346.13,,,47.00000,3500.00,0.302000,0.295000,-0.0800,4.970000,-1.90781,"M3.0 V"
"GJ 625 b","GJ 625",246.3557854,54.3033625,"Radial Velocity","Multiple Observatories",2017,1.49000000,2.82000000,14.62800000000,0.0783610000,0.130000,4.680000,335.59,,,,3499.00,0.310000,0.300000,-0.3800,4.940000,-1.89400,"M2"
"GJ 667 C c","GJ 667 C",259.7510609,-34.9977651,"Radial Velocity","La Silla Observatory",2013,1.77000000,3.80000000,28.14000000000,0.1250000000,0.020000,3.770000,,,,,3350.00,,0.330000,-0.5500,4.690000,-1.86300,"M1.5 V"
"GJ 667 C e","GJ 667 C",259.7510609,-34.9977651,"Radial Velocity","La Silla Observatory",2013,1.45000000,2.70000000,62.24000000000,0.2130000000,0.020000,4.870000,,,,,3350.00,,0.330000,-0.5500,4.690000,-1.86300,"M1.5 V"
"GJ 676 A d","GJ 676 A",262.5448903,-51.6377777,"Radial Velocity","La Silla Observatory",2012,1.78000000,3.81394088,3.60076000000,0.0390000000,0.192000,3.720000,757.36,,,,3734.00,0.690000,0.626000,0.2300,4.620000,-1.04251,"M0"
"GJ 676 A e","GJ 676 A",262.5448903,-51.6377777,"Radial Velocity","La Silla Observatory",2012,2.47000000,6.67439655,35.47358000000,0.1810000000,0.152000,2.430000,351.55,,,,3734.00,0.690000,0.626000,0.2300,4.620000,-1.04251,"M0"
"GJ 680 b","GJ 680",263.8072214,-48.6788427,"Radial Velocity","Multiple Observatories",2022,12.00000000,7977.49301570,17281.66514000000,10.1380000000,0.381000,25.400000,36.57,,,21.98400,3563.00,0.459330,0.456000,,4.773230,-1.51379,"K5"
"GJ 682 b","GJ 682",264.2610245,-44.3232519,"Radial Velocity","Multiple Observatories",2014,1.93000000,4.40000000,17.47800000000,0.0800000000,0.080000,3.360000,281.93,,,,3028.00,0.298255,0.270000,,4.927640,-2.69897,"M3.5 V"
"GJ 687 b","GJ 687",264.1041731,68.3336741,"Radial Velocity","Lick Observatory",2014,4.32000000,17.20000000,38.14200000000,0.1630000000,0.170000,1.170000,263.65,,,,3413.00,0.418300,0.400000,0.0631,4.859360,-1.67200,"M3.0V"
"GJ 740 b","GJ 740",284.4997178,5.9028670,"Radial Velocity","Multiple Observatories",2021,1.53000000,2.96000000,2.37756000000,0.0290000000,0.240000,4.540000,829.00,,,,3913.00,0.560000,0.580000,0.0800,4.680000,-1.20600,"M1.0 V"
"GJ 832 b","GJ 832",323.3912616,-49.0125169,"Radial Velocity","Anglo-Australian Telescope",2008,13.80000000,314.65012293,3853.00000000000,3.7000000000,0.050000,0.658000,57.84,,,51.00000,3472.00,0.441557,0.450000,-0.3000,4.789050,-1.58500,"M2/3 V"
"GJ 849 b","GJ 849",332.4229938,-4.6408317,"Radial Velocity","W. M. Keck Observatory",2006,13.90000000,283.82076745,1925.31000000000,2.3200000000,0.029000,0.581000,73.63,,,,3467.00,0.450000,0.450000,0.0900,4.800000,-1.59000,"M3.5"
"GJ 86 b","GJ 86",32.6224785,-50.8209945,"Radial Velocity","La Silla Observatory",1999,12.90000000,1404.80860000,15.76491000000,0.1100000000,0.040000,3.600000,661.12,,,,5182.00,0.770000,0.930000,-0.2200,4.630000,-0.38952,"K1V"
"GJ 876 c","GJ 876",343.3239737,-14.2665958,"Radial Velocity","Multiple Observatories",2000,14.00000000,226.98460000,30.08810000000,0.1295900000,0.255910,0.455000,241.66,,,59.00000,3293.74,0.300000,0.320000,0.2129,4.871770,-1.90658,"M2.5V"
"GJ 876 e","GJ 876",343.3239737,-14.2665958,"Radial Velocity","W. M. Keck Observatory",2010,3.92000000,14.60000000,124.26000000000,0.3343000000,0.055000,1.330000,150.46,,,59.00000,3293.74,0.300000,0.320000,0.2129,4.871770,-1.90658,"M2.5V"
"GJ 887 b","GJ 887",346.5027573,-35.8473489,"Radial Velocity","La Silla Observatory",2020,1.80000000,3.90000000,9.26190000000,0.0683000000,0.140000,3.670000,426.00,,,,3688.00,0.468000,0.495000,-0.0600,4.156000,-1.43415,"M1 V"
"GJ 887 c","GJ 887",346.5027573,-35.8473489,"Radial Velocity","La Silla Observatory",2020,2.43000000,6.50000000,21.78400000000,0.1210000000,0.170000,2.490000,320.00,,,,3688.00,0.468000,0.495000,-0.0600,4.156000,-1.43415,"M1 V"
"GJ 887 e","GJ 887",346.5027573,-35.8473489,"Radial Velocity","Multiple Observatories",2026,1.12000000,1.46000000,4.42490000000,0.0417000000,,5.710000,544.00,,,,3688.00,0.468000,0.495000,-0.0600,4.156000,-1.43415,"M1 V"
"GSC 06214-00210 b","GSC 06214-00210",245.4776921,-20.7193398,"Imaging","Palomar Observatory",2010,20.17620000,5000.00000000,,320.0000000000,,3.350000,2300.00,,,,4200.00,0.904840,0.900000,-0.0600,4.366280,-0.42000,"K7"
"Gaia-2 b","Gaia-2",110.7353308,67.2526565,"Transit","European Space Agency (ESA) Gaia Satellite",2022,14.81827249,259.66580852,3.69152240000,0.0467000000,,0.439000,1213.23,1.63160232,2.7207580,85.21000,5720.00,1.064000,1.000000,,4.373550,0.05740,
"Gaia22dkvL b","Gaia22dkvL",151.7690000,-66.1808889,"Microlensing","European Space Agency (ESA) Gaia Satellite",2024,14.10000000,187.83658854,,1.4000000000,,0.368000,,,,,,,1.145000,,,,
"Gaia23braL b","Gaia23braL",155.6294583,-63.2639167,"Microlensing","European Space Agency (ESA) Gaia Satellite",2026,13.50000000,518.06030341,,4.8470000000,,1.160000,129.20,,,,5055.00,1.361810,0.774000,,4.094110,0.03781,
"Gl 378 b","Gl 378",150.5865513,48.0824515,"Radial Velocity","Haute-Provence Observatory",2019,3.66000000,13.02000000,3.82200000000,0.0394350000,0.109000,1.460000,830.00,,,,3879.00,0.560000,0.560000,0.0600,4.685130,-1.22185,"M1"
"Gl 410 b","Gl 410",165.6604212,21.9669164,"Radial Velocity","Mauna Kea Observatory",2025,2.83000000,8.40000000,6.02000000000,0.0531000000,,2.040000,592.44,,,,3842.00,0.543000,0.550000,0.0500,4.870000,-1.23900,"K"
"HAT-P-2 b","HAT-P-2",245.1514324,41.0479601,"Transit","HATNet",2007,10.65975900,2866.81223114,5.63351580000,0.0681400000,0.517200,7.290000,1540.00,0.56510000,4.2888000,86.16000,6380.00,1.390000,1.330000,0.1800,4.160000,0.53000,"F8"
"HAT-P-21 b","HAT-P-21",171.2749348,41.0280207,"Transit","HATNet",2010,12.44199000,1547.83210000,4.12448000000,0.0503700000,0.230000,3.633781,1367.00,0.90000000,3.6720000,87.20000,5588.00,1.210000,1.240000,0.0100,4.330000,0.18184,"G3"
"HAT-P-23 b","HAT-P-23",306.1239076,16.7621462,"Transit","HATNet",2010,15.33400000,664.23700000,1.21288400000,0.0232000000,0.106000,1.010000,2056.00,1.05360000,2.1792000,85.10000,5905.00,1.203000,1.130000,0.1500,4.330000,0.19900,"G0"
"HAT-P-27 b","HAT-P-27",222.7673221,5.9473626,"Transit","HATNet",2011,11.43000000,197.05000000,3.03957700000,0.0400000000,0.000000,0.760000,1091.99,1.43000000,1.6800000,85.00000,5316.00,0.864673,0.916000,0.3000,4.526260,-0.26926,"G8"
"HAT-P-29 b","HAT-P-29",33.1310921,51.7787754,"Transit","HATNet",2011,13.11453000,279.69040000,5.72319000000,0.0667000000,0.090000,0.710842,1281.00,0.86000000,3.8928000,87.10000,6087.00,1.300000,1.450000,0.2100,4.340000,0.31175,"F8"
"HAT-P-39 b","HAT-P-39",113.7582526,17.8300283,"Transit","HATNet",2012,17.60900000,190.37200000,3.54387000000,0.0509000000,0.000000,0.190000,1752.00,0.99900000,4.1880000,87.00000,6430.00,1.625000,1.404000,0.1900,4.160000,0.60700,
"HAT-P-40 b","HAT-P-40",335.5129199,45.4573423,"Transit","HATNet",2012,17.03768000,152.55840000,4.45724000000,0.0608000000,0.000000,0.150000,1770.00,0.65000000,6.1368000,88.30000,6080.00,1.940000,1.030000,0.2200,3.930000,0.77800,
"HAT-P-46 b","HAT-P-46",270.4441831,-2.9709800,"Transit","HATNet",2014,14.39200000,156.68400000,4.46312900000,0.0577000000,0.123000,0.280000,1458.00,0.79838271,3.0984000,85.50000,6120.00,1.396000,1.284000,0.3000,4.250000,0.39100,
"HAT-P-49 b","HAT-P-49",305.4413294,26.6926759,"Transit","HATNet",2014,17.82231000,699.22600000,2.69155000000,0.0437800000,0.000000,0.750000,2131.00,0.63000000,4.1088000,86.20000,6820.00,2.060000,2.220000,0.0700,4.100000,0.81400,"F3"
"HAT-P-51 b","HAT-P-51",21.0651251,32.8107000,"Transit","HATNet",2015,13.50682174,97.57332095,4.21802091000,0.0504200000,0.070000,0.218000,1168.20,1.85276525,3.3672000,89.28000,5453.00,0.995000,0.961000,0.3020,4.425600,-0.10237,"G7"
"HAT-P-52 b","HAT-P-52",42.7217412,29.0222492,"Transit","HATNet",2015,11.30988100,259.98494000,2.75359530000,0.0369400000,0.047000,0.980000,1218.00,1.44600000,2.4072000,87.02000,5131.00,0.893000,0.887000,0.2800,4.483000,-0.30452,"K1"
"HAT-P-63 b","HAT-P-63",269.5720695,5.7613709,"Transit","HATNet",2021,12.54284940,195.14664190,3.37772800000,0.0429400000,0.069000,0.540000,1237.00,1.72904350,2.9330000,88.45000,5400.00,0.966100,0.925000,0.2510,4.435000,-0.14630,
"HAT-P-66 b","HAT-P-66",150.5726262,53.9508237,"Transit","HATNet",2016,17.82231000,248.86089000,2.97208600000,0.0436300000,0.090000,0.242000,1896.00,0.64400000,4.6992000,86.20000,6002.00,1.881000,1.255000,0.0350,3.993000,0.61490,"G0"
"HATS-11 b","HATS-11",289.4007603,-22.3900092,"Transit","HATSouth",2016,18.03000000,263.79890000,3.61918800000,0.0507000000,0.340000,0.315000,1596.00,1.37340000,4.3684800,89.03000,6563.00,1.540000,1.330000,0.0300,4.190000,0.40312,"G0"
"HATS-12 b","HATS-12",289.2024020,-19.3559227,"Transit","HATSouth",2016,7.76000000,759.61370000,3.14270200000,0.0441000000,0.085000,1.120000,1446.00,0.42910000,4.5237600,82.27000,6357.00,1.170000,1.160000,-0.1000,4.360000,0.86332,"F"
"HATS-16 b","HATS-16",358.5588439,-30.0130385,"Transit","HATSouth",2016,14.57170000,1039.30410000,2.68650200000,0.0374400000,0.000000,1.860000,1592.00,1.21353375,2.6208000,83.53000,5738.00,1.238000,0.970000,-0.1000,4.239000,0.17319,"G3 V"
"HATS-18 b","HATS-18",173.9574203,-29.1560639,"Transit","Multiple Observatories",2016,14.89676100,629.14448500,0.83784000000,0.0174000000,0.166000,1.116900,2069.48,2.13557851,1.9440000,85.29000,5600.00,1.020000,1.037000,0.2800,4.436000,-0.03152,"G V"
"HATS-29 b","HATS-29",285.0965172,-54.8933408,"Transit","HATSouth",2016,14.02245900,207.54299000,4.60587490000,0.0547500000,0.158000,0.411000,1212.00,1.37930349,3.2112000,87.37000,5670.00,1.073000,1.032000,0.1600,4.389000,0.02938,"G"
"HATS-3 b","HATS-3",312.4574879,-24.4286938,"Transit","HATSouth",2013,15.48000000,340.38200000,3.54785100000,0.0485000000,0.000000,0.510000,1648.00,1.00000000,3.5856000,86.20000,6351.00,1.404000,1.209000,-0.1570,4.220000,0.45600,"F"
"HATS-30 b","HATS-30",5.6185250,-59.9425892,"Transit","HATSouth",2016,13.17057500,224.38798000,3.17435160000,0.0435400000,0.096000,0.543000,1414.00,1.54573248,2.7504000,86.84000,5943.00,1.061000,1.093000,0.0600,4.425000,0.09691,"G"
"HATS-34 b","HATS-34",0.7744866,-62.4693167,"Transit","HATSouth",2016,16.02887000,299.07803000,2.10616070000,0.0316600000,0.108000,0.400000,1445.00,1.21422239,1.5552000,82.28000,5380.00,0.980000,0.955000,0.2500,4.435000,-0.14026,
"HATS-35 b","HATS-35",296.6884420,-63.5656488,"Transit","HATSouth",2016,16.40997600,388.38826000,1.82099930000,0.0319900000,0.306000,0.484000,2037.00,1.23400000,3.1176000,86.90000,6300.00,1.433000,1.317000,0.2100,4.244000,0.46538,
"HATS-4 b","HATS-4",94.1120914,-22.5468824,"Transit","HATSouth",2014,11.43300000,420.47100000,2.51672900000,0.0362000000,0.013000,1.550000,1315.00,1.64065457,2.5272000,88.50000,5403.00,0.925000,1.001000,0.4300,4.510000,-0.18700,"G"
"HATS-40 b","HATS-40",100.5712467,-29.7767800,"Transit","HATSouth",2018,17.71022000,505.34970000,3.26427360000,0.0499700000,0.312000,0.490000,2101.00,0.50115725,5.3304000,85.80000,6460.00,2.260000,1.561000,0.0100,3.921000,0.90309,
"HATS-41 b","HATS-41",103.5173558,-27.0504156,"Transit","HATSouth",2018,14.90797000,3082.95100000,4.19364900000,0.0583000000,0.380000,5.100000,1710.00,0.48041573,2.1960000,80.40000,6424.00,1.710000,1.496000,0.4700,4.140000,0.65321,
"HATS-43 b","HATS-43",80.5382418,-30.9708179,"Transit","HATSouth",2018,13.22662000,82.95363000,4.38884970000,0.0494400000,0.173000,0.191000,1003.00,2.49645478,2.9884800,89.24000,5099.00,0.812000,0.837000,0.0500,4.539000,-0.39794,
"HATS-59 b","HATS-59",170.3243250,-22.3881770,"Transit","HATSouth",2018,12.62133400,256.17098000,5.41608100000,0.0611200000,0.129000,0.700000,1128.00,1.43100000,3.5928000,88.10000,5670.00,1.036000,1.038000,0.1800,4.422000,-0.00436,
"HATS-62 b","HATS-62",312.4493079,-24.3035060,"Transit","HATSouth",2018,11.82549500,56.89157000,3.27688370000,0.0416300000,0.298000,0.076000,1237.00,1.55661441,2.7652800,87.92000,5416.00,0.933000,0.896000,0.1330,4.451000,-0.17328,
"HATS-64 b","HATS-64",144.2876092,-29.8004440,"Transit","HATSouth",2018,18.81991100,305.11680000,4.90889700000,0.0656200000,0.151000,0.245000,1793.00,0.55488280,5.8056000,87.24000,6554.00,2.113000,1.564000,0.2200,3.982000,0.86747,
"HATS-65 b","HATS-65",292.9397825,-26.7402021,"Transit","HATSouth",2018,16.82470900,260.93843000,3.10516100000,0.0449700000,0.062000,0.300000,1634.00,1.30361538,2.8848000,84.82000,6277.00,1.310000,1.257000,0.1990,4.303000,0.37658,
"HATS-66 b","HATS-66",101.3948048,-33.8816918,"Transit","HATSouth",2018,15.81589900,1694.03390000,3.14143910000,0.0471400000,0.064000,2.340000,1998.00,0.54330349,4.5432000,87.06000,6626.00,1.841000,1.411000,-0.0170,4.057000,0.76716,
"HATS-67 b","HATS-67",180.2087883,-46.1364201,"Transit","HATSouth",2018,18.88716500,460.85350000,1.60917880000,0.0303200000,0.057000,0.374000,2193.00,1.34500000,1.9464000,79.03000,6594.00,1.441000,1.435000,0.3320,4.278000,0.54654,
"HATS-69 b","HATS-69",289.2974275,-60.8917599,"Transit","HATSouth",2018,10.59250500,183.38791000,2.22525770000,0.0321100000,0.519000,0.460000,1295.70,1.31445901,2.3577600,88.49000,5137.00,0.878500,0.892000,0.3770,4.501000,-0.31758,
"HATS-77 b","HATS-77",149.8236672,-27.3928174,"Transit","HATSouth",2021,13.05846252,436.69623122,3.08762620000,0.0360700000,0.045000,1.077000,828.30,4.04118142,2.2276800,88.44000,4071.00,0.642800,0.655000,0.2530,4.638000,-0.99183,
"HATS-8 b","HATS-8",294.9416887,-25.7483655,"Transit","HATSouth",2015,9.78545700,43.86054000,3.58389300000,0.0466700000,0.376000,0.259000,1324.00,0.77275058,3.0312000,87.80000,5679.00,1.086000,1.056000,0.2100,4.386000,-0.02520,
"HD 100546 b","HD 100546",173.3555116,-70.1947897,"Imaging","Paranal Observatory",2014,77.34210000,2701.54145950,,53.0000000000,,0.032100,94.67,,,,10500.00,1.852880,2.400000,,4.327260,1.50000,"B9 Vne"
"HD 100777 b","HD 100777",173.9646303,-4.7555425,"Radial Velocity","La Silla Observatory",2007,13.70000000,390.92894061,383.00000000000,1.0600000000,0.380000,0.835000,264.28,,,90.00000,5533.00,1.040000,1.080000,-0.2700,4.320000,0.02119,"G8 V"
"HD 101581 c","HIP 56998",175.2563039,-44.4041485,"Transit","Transiting Exoplanet Survey Satellite (TESS)",2025,0.99000000,0.93700000,6.20401000000,0.0573000000,,5.310000,747.00,0.02108404,1.7600000,87.93000,4675.00,0.630000,0.653000,-0.3430,4.654000,-0.78186,"K4/5V"
"HD 10180 f","HD 10180",24.4731133,-60.5114881,"Radial Velocity","La Silla Observatory",2010,5.24000000,23.90000000,122.74400000000,0.4929000000,0.119000,0.913000,427.54,,,90.00000,5911.00,1.109000,1.060000,0.0800,4.390000,0.17319,"G1 V"
"HD 101930 b","HD 101930",175.8756080,-58.0053798,"Radial Velocity","La Silla Observatory",2005,10.60000000,79.45750000,70.46000000000,0.3000000000,0.110000,0.367000,417.04,,,,5108.00,0.860000,0.570000,0.1500,4.330000,-0.30980,"K1 V"
"HD 102117 b","HD 102117",176.2097267,-58.7040134,"Radial Velocity","La Silla Observatory",2005,8.47000000,54.03110000,20.81330000000,0.1500000000,0.120000,0.489000,780.86,,,,5655.00,1.230000,1.060000,0.2800,4.290000,0.15737,"G6 V"
"HD 102843 b","HD 102843",177.5854673,-1.2522989,"Radial Velocity","Las Campanas Observatory",2019,13.10000000,113.90000000,3090.94200000000,4.0740000000,0.110000,0.278000,127.34,,,,5436.00,0.961488,0.950000,0.1600,4.459350,-0.13814,"K0 V"
"HD 102888 b","HD 102888",177.6545263,-27.2779074,"Radial Velocity","La Silla Observatory",2025,12.80000000,1808.44363583,252.06000000000,1.0500000000,0.110000,4.740000,688.63,,,,4990.00,8.600000,2.420000,0.0700,2.870000,1.61584,"G8 III"
"HD 102956 b","HD 102956",177.8436988,57.6406584,"Radial Velocity","W. M. Keck Observatory",2010,13.80000000,305.11680000,6.49470000000,0.0807000000,0.037000,0.638000,1804.96,,,,4985.00,4.550000,1.660000,0.1900,3.380000,1.06446,"G5"
"HD 103891 b","HD 103891",179.4382907,-8.5486195,"Radial Velocity","La Silla Observatory",2022,13.20000000,918.52409623,1919.00000000000,3.2700000000,0.310000,2.190000,241.25,,,27.40000,6072.00,2.220000,1.280000,-0.1900,3.790000,0.78604,"F9"
"HD 104985 b","HD 104985",181.3157854,76.9053359,"Radial Velocity","Okayama Astrophysical Observatory",2003,12.80000000,1766.80811451,199.68000000000,0.7150000000,0.047000,4.630000,901.01,,,,4738.00,11.120000,1.220000,-0.3200,2.420000,1.76989,"G9 III"
"HD 105618 c","HD 105618",182.4021288,11.2115695,"Radial Velocity","Multiple Observatories",2022,11.90000000,8419.59232984,77114.07158000000,35.7310000000,0.126000,27.500000,51.64,,,31.96800,5671.00,1.273990,1.010000,,4.232060,0.17967,
"HD 106252 b","HD 106252",183.3730583,10.0404302,"Radial Velocity","Lick Observatory",2002,12.50000000,3178.28407000,1535.00000000000,2.6550000000,0.480000,8.940000,178.13,,,46.00000,5874.00,1.050000,1.050000,-0.0600,4.360000,0.12320,"G0"
"HD 106270 b","HD 106270",183.4049258,-9.5135645,"Radial Velocity","W. M. Keck Observatory",2011,12.40000000,3623.24383980,1888.00000000000,3.3400000000,0.185000,10.400000,237.07,,,63.00000,5509.00,2.660000,1.390000,0.0600,3.720000,0.75587,"G5 IV"
"HD 106906 b","HD 106906",184.4713308,-55.9755805,"Imaging","Las Campanas Observatory",2013,12.40000000,3496.00000000,,650.0000000000,,10.100000,1800.00,,,,6516.00,2.123510,1.500000,0.0400,3.904530,0.75000,"F5 V"
"HD 108236 e","HD 108236",186.5740627,-51.3630519,"Transit","Transiting Exoplanet Survey Satellite (TESS)",2020,3.08300000,9.71000000,19.59002500000,0.1367000000,0.058000,1.820000,636.00,0.10380000,4.2000000,89.24500,5660.00,0.877000,0.869000,-0.2800,4.490000,-0.14997,"G3 V"
"HD 108236 f","HD 108236",186.5740627,-51.3630519,"Transit","CHaracterising ExOPlanets Satellite (CHEOPS)",2021,2.01700000,4.72000000,29.54115000000,0.1758000000,0.051000,3.160000,609.59,0.04450000,3.2700000,88.96300,5660.00,0.877000,0.869000,-0.2800,4.490000,-0.14997,"G3 V"
"HD 109271 b","HD 109271",188.3973970,-11.6215204,"Radial Velocity","La Silla Observatory",2013,4.31000000,17.16200000,7.85430000000,0.0790000000,0.250000,1.180000,1128.86,,,,5783.00,1.294595,1.047000,0.1000,4.280000,0.30100,"G5 V"
"HD 109271 c","HD 109271",188.3973970,-11.6215204,"Radial Velocity","La Silla Observatory",2013,5.27000000,24.15400000,30.93000000000,0.1960000000,0.150000,0.907000,716.68,,,,5783.00,1.294595,1.047000,0.1000,4.280000,0.30100,"G5 V"
"HD 109988 b","HD 109988",189.8154662,-32.7263607,"Radial Velocity","Multiple Observatories",2022,12.10000000,6935.33366915,17132.15854000000,12.5180000000,0.056000,21.500000,65.91,,,33.99200,5185.97,0.869694,0.880000,0.1400,4.503820,-0.30725,
"HD 110113 c","HD 110113",190.0365636,-44.3120777,"Radial Velocity","La Silla Observatory",2021,2.11384817,10.50000000,6.74400000000,0.0680000000,0.045000,6.110000,990.00,0.04505421,1.3710857,,5732.00,0.968000,0.997000,0.1400,4.460000,-0.03235,"G"
"HD 11112 b","HD 11112",27.0881399,-41.4944106,"Radial Velocity","Multiple Observatories",2022,12.60000000,2598.56505563,17244.90764000000,13.3800000000,0.285000,7.140000,94.51,,,144.87600,5905.64,1.473680,1.070000,0.1869,4.130640,0.37657,
"HD 111998 b","HD 111998",193.2953521,-3.5531133,"Radial Velocity","La Silla Observatory",2016,12.90000000,1525.57635360,810.00000000000,1.9100000000,0.130000,3.910000,275.49,,,90.00000,6557.00,1.450000,1.400000,0.0700,4.190000,0.51231,"F6 V"
"HD 113337 c","HD 113337",195.4438496,63.6103280,"Radial Velocity","Haute-Provence Observatory",2020,12.10000000,6299.67685515,5429.93477000000,6.8050000000,0.164000,19.500000,153.36,,,57.47800,6774.00,1.500000,1.410000,0.0700,4.210000,0.63246,"F6 V"
"HD 113996 b","HD 113996",196.7948740,27.6244384,"Radial Velocity","Bohyunsan Optical Astronomical Observatory",2017,12.70000000,2002.32900000,610.20000000000,1.6000000000,0.280000,5.370000,798.69,,,,4181.00,25.110000,1.490000,0.1300,1.860000,2.46389,"K5 III"
"HD 114729 b","HD 114729",198.1833997,-31.8746756,"Radial Velocity","W. M. Keck Observatory",2002,13.90000000,262.20975000,1121.79000000000,2.0670000000,0.079000,0.537000,237.89,,,,5844.00,1.473000,0.936000,-0.3300,4.046000,0.42095,"G0 V"
"HD 114783 b","HD 114783",198.1818436,-2.2649921,"Radial Velocity","W. M. Keck Observatory",2001,13.70000000,349.60000000,493.70000000000,1.1600000000,0.144000,0.747000,210.79,,,110.00000,5135.00,0.840622,0.853000,0.2100,4.525599,-0.37250,"K0"
"HD 115404 A c","HD 115404 A",199.2155793,17.0160384,"Radial Velocity","Multiple Observatories",2022,12.50000000,3279.67133183,15319.22517000000,11.3640000000,0.211000,9.230000,61.22,,,25.79100,5019.17,0.727007,0.830000,-0.1568,4.634070,-0.51970,"K2V"
"HD 115954 b","HD 115954",199.9853694,38.3691383,"Radial Velocity","Haute-Provence Observatory",2021,12.60000000,2685.65003915,3700.00000000000,5.0000000000,0.487000,7.380000,144.90,,,79.00000,5957.00,1.213000,1.180000,0.3400,4.150000,0.48090,"G0 V"
"HD 11755 b","HD 11755",29.7078360,73.1521372,"Radial Velocity","Bohyunsan Optical Astronomical Observatory",2015,12.80000000,1789.38290000,433.70001000000,1.0900000000,0.190000,4.690000,903.49,,,,4312.00,20.580000,0.720000,-0.7400,1.670000,2.16933,"G5"
"HD 117618 b","HD 117618",203.1066418,-47.2719049,"Radial Velocity","Anglo-Australian Telescope",2004,8.59000000,55.30242000,25.80000000000,0.1800000000,0.150000,0.479000,745.79,,,,5990.00,1.200000,1.077000,0.0283,4.410000,0.21304,"G2 V"
"HD 118203 b","HD 118203",203.5099560,53.7281876,"Radial Velocity","Haute-Provence Observatory",2005,12.77823800,680.15279098,6.13497790000,0.0713000000,0.313600,1.790000,1361.00,0.38600000,5.6430000,88.48000,5742.00,2.040000,1.270000,0.2870,3.920000,0.64580,"K0 IV"
"HD 120084 b","HD 120084",205.6619890,78.0646376,"Radial Velocity","Okayama Astrophysical Observatory",2013,12.70000000,2034.10180480,2142.00000000000,4.2100000000,0.483000,5.460000,369.24,,,38.00000,4879.00,10.370000,2.160000,0.1000,2.740000,1.73783,"G7 III"
"HD 12235 b","HD 12235",30.0391601,3.0959098,"Radial Velocity","Multiple Observatories",2022,3.23000000,10.48833743,4.36305000000,0.0540000000,0.376000,1.710000,1667.37,,,,5986.00,1.801850,1.100000,0.3100,3.968020,0.57468,
"HD 125390 b","HD 125390",214.5387463,38.9669132,"Radial Velocity","W. M. Keck Observatory",2019,11.90000000,8646.20398403,1757.39151000000,3.4960000000,0.597000,28.200000,320.26,,,84.68500,4882.00,6.470000,1.820000,-0.1100,3.040000,1.12354,"G7 III"
"HD 125612 b","HD 125612",215.2227183,-17.4818147,"Radial Velocity","W. M. Keck Observatory",2007,13.20000000,945.22168242,557.69994000000,1.3490000000,0.446000,2.260000,253.38,,,,5900.00,1.070000,1.050000,0.2300,4.450000,0.06000,"G3 V"
"HD 125612 d","HD 125612",215.2227183,-17.4818147,"Radial Velocity","La Silla Observatory",2009,12.70000000,2281.37230545,2822.72698000000,3.9820000000,0.115000,6.120000,147.48,,,88.19500,5900.00,1.070000,1.050000,0.2300,4.450000,0.06000,"G3 V"
"HD 126525 b","HD 126525",216.8852514,-51.9329118,"Radial Velocity","La Silla Observatory",2018,10.30000000,75.32571000,960.41000000000,1.8370000000,0.035000,0.379000,198.47,,,,5638.00,0.979000,0.897000,-0.1000,4.382000,-0.04030,"G4 V"
"HD 126614 b","HD 126614",216.7005171,-5.1784093,"Radial Velocity","W. M. Keck Observatory",2009,12.70000000,107.74382997,1257.25303000000,2.2490000000,0.548000,0.289000,209.54,,,97.47700,5568.00,1.369794,0.960000,0.5600,4.174243,0.08279,"G8 IV"
"HD 127195 b","HD 127195",217.8714193,-47.7292571,"Radial Velocity","La Silla Observatory",2026,14.00000000,212.94503269,534.50000000000,,0.040000,0.426000,,,,,4981.00,4.160000,1.340000,-0.0400,3.290000,0.98272,
"HD 127195 c","HD 127195",217.8714193,-47.7292571,"Radial Velocity","La Silla Observatory",2026,14.10000000,206.58846455,836.99000000000,,0.050000,0.405000,,,,,4981.00,4.160000,1.340000,-0.0400,3.290000,0.98272,
"HD 128717 b","HD 128717",219.0881687,57.5609512,"Astrometry","European Space Agency (ESA) Gaia Satellite",2025,12.10000000,6293.00245860,3420.00000000000,4.8500000000,0.850000,19.500000,151.90,,,130.30000,6210.00,1.248000,1.212000,0.1600,4.329000,0.32200,
"HD 131496 b","HD 131496",223.3461495,18.2352618,"Radial Velocity","W. M. Keck Observatory",2011,13.40000000,572.09400000,896.00000000000,2.0100000000,0.181000,1.310000,347.30,,,,4846.00,4.440000,1.340000,0.2500,3.180000,0.99123,"K0"
"HD 132406 b","HD 132406",224.2276121,53.3809615,"Radial Velocity","Haute-Provence Observatory",2007,12.80000000,1887.90073758,908.00000000000,1.9800000000,0.250000,4.950000,228.73,,,122.00000,5766.00,1.340000,0.973000,0.1293,4.190000,0.25996,"G0 V"
"HD 134060 b","HD 134060",227.6847587,-61.4223747,"Radial Velocity","La Silla Observatory",2019,3.16000000,10.10000000,3.26960000000,0.0444000000,0.450000,1.760000,1473.18,,,,5966.00,1.164285,1.095000,0.1400,4.430000,0.15836,"G3 IV"
"HD 135344 A b","HD 135344 A",228.9538416,-37.1489176,"Imaging","Paranal Observatory",2025,16.25302201,3178.28407000,,16.5000000000,0.500000,4.070000,1585.00,,,73.60000,9540.00,1.500000,2.320000,0.0500,4.415450,1.22000,"A0 V"
"HD 135694 b","HD 135694",227.8678636,71.8412965,"Transit","Transiting Exoplanet Survey Satellite (TESS)",2023,2.85700000,6.10000000,15.92347556800,0.1246950000,0.000000,2.050000,750.83,0.04930000,4.4904000,,5712.00,1.080000,1.020000,-0.1210,4.335000,0.03941,
"HD 136352 c","HD 136352",230.4401147,-48.3188174,"Radial Velocity","La Silla Observatory",2019,2.91600000,11.24000000,27.59221000000,0.1721000000,0.000000,2.497668,677.00,0.06380000,3.2510000,88.57100,5664.00,1.058000,0.870000,-0.2400,4.390000,0.01620,"G4 V"
"HD 13908 b","HD 13908",34.5609102,65.5941901,"Radial Velocity","Haute-Provence Observatory",2013,13.90000000,274.91000000,19.38200000000,0.1540000000,0.020000,0.562000,993.25,,,,6255.00,1.670000,1.290000,0.0100,4.110000,0.60200,"F8 V"
"HD 13908 c","HD 13908",34.5609102,65.5941901,"Radial Velocity","Haute-Provence Observatory",2013,12.80000000,1630.40000000,931.00000000000,2.0300000000,0.120000,4.270000,273.57,,,,6255.00,1.670000,1.290000,0.0100,4.110000,0.60200,"F8 V"
"HD 142 b","HD 142",1.5836771,-49.0753625,"Radial Velocity","Anglo-Australian Telescope",2001,12.70000000,2256.58168970,351.43394000000,1.0390000000,0.158000,6.050000,358.19,,,59.00000,6245.00,1.470000,1.210000,0.0900,4.620000,0.47418,"F7V"
"HD 142 c","HD 142",1.5836771,-49.0753625,"Radial Velocity","Anglo-Australian Telescope",2012,12.40000000,3464.64746471,10159.64279000000,9.8110000000,0.277000,9.990000,116.56,,,90.37400,6245.00,1.470000,1.210000,0.0900,4.620000,0.47418,"F7V"
"HD 142415 b","HD 142415",239.4189890,-60.2006948,"Radial Velocity","La Silla Observatory",2003,13.50000000,530.77610000,386.29999000000,1.0600000000,0.500000,1.190000,283.72,,,,5940.00,1.040000,1.070000,0.1300,4.440000,0.06000,"G1 V"
"HD 143105 b","HD 143105",238.4023547,68.7199779,"Radial Velocity","Haute-Provence Observatory",2016,13.70000000,384.57430000,2.19740000000,0.0379000000,0.070000,0.822000,2028.25,,,,6380.00,1.647304,1.510000,0.1500,4.370000,0.55557,"F5"
"HD 144899 b","HD 144899",242.5721002,-47.9146826,"Radial Velocity","Multiple Observatories",2022,4.77000000,20.34101805,40.43914000000,0.2420000000,0.821000,1.030000,770.87,,,,6126.00,1.648020,1.160000,,4.068600,0.53733,
"HD 1461 c","HD 1461",4.6762645,-8.0536206,"Radial Velocity","La Silla Observatory",2015,2.23000000,5.59000000,13.50520000000,0.1117000000,0.305000,2.770000,892.87,,,,5765.00,1.152288,1.020000,0.1900,4.380000,0.09540,"G0 V"
"HD 147379 b","HD 147379",244.1725686,67.2392041,"Radial Velocity","Calar Alto Observatory",2017,4.94000000,21.60000000,86.58000000000,0.3193000000,0.063000,0.985000,276.66,,,,4090.00,0.628304,0.580000,0.1600,4.609000,-1.09691,"M0.0 V"
"HD 150706 b","HD 150706",247.8255687,79.7894032,"Radial Velocity","Haute-Provence Observatory",2012,13.30000000,772.32302901,5894.00000000000,6.7000000000,0.380000,1.800000,108.81,,,70.00000,5961.00,0.960000,1.170000,-0.0100,4.500000,0.03175,"G0 V"
"HD 152843 c","HD 152843",253.7848853,20.4915240,"Transit","Transiting Exoplanet Survey Satellite (TESS)",2021,5.94000000,9.67000000,19.50210400000,0.1482000000,0.074000,0.253000,253.08,0.08555836,6.5000000,89.21000,6310.00,1.430000,1.150000,-0.1600,4.190000,0.44992,"G0"
"HD 153950 b","HD 153950",256.1292826,-43.3103753,"Radial Velocity","La Silla Observatory",2008,13.20000000,937.59850000,499.39999000000,1.2800000000,0.340000,2.240000,295.30,,,,6124.00,1.280000,1.250000,-0.0100,4.320000,0.34635,"F8 V"
"HD 154391 b","HD 154391",255.3201345,60.6489226,"Radial Velocity","Multiple Observatories",2023,12.50000000,2892.23850370,5163.00000000000,7.4600000000,0.200000,8.140000,253.57,,,47.00000,4909.00,8.560000,2.070000,0.1000,2.890000,1.58115,"K1 III"
"HD 155918 c","HD 155918",260.5364025,-75.3492390,"Radial Velocity","Multiple Observatories",2022,12.80000000,1878.04805696,17202.19446000000,13.1830000000,0.071000,4.920000,77.38,,,31.77100,5771.84,1.019060,1.030000,-0.6616,4.434510,0.01635,"G2V"
"HD 156279 c","HD 156279",258.0966686,63.3527828,"Radial Velocity","W. M. Keck Observatory",2016,12.50000000,3098.82696825,4818.25358000000,5.4860000000,0.261000,8.720000,109.42,,,74.69900,5453.00,0.950000,0.940000,0.1400,4.460000,-0.14596,"G6"
"HD 156411 b","HD 156411",259.9639522,-48.5502313,"Radial Velocity","La Silla Observatory",2009,14.00000000,235.18000000,842.20000000000,1.8800000000,0.220000,0.471000,304.95,,,,5900.00,2.160000,1.250000,-0.1200,4.070000,0.73100,"F8 IV/V"
"HD 158038 b","HD 158038",261.4395312,27.3030721,"Radial Velocity","W. M. Keck Observatory",2011,13.50000000,486.27990000,521.00000000000,1.5000000000,0.290000,1.090000,405.91,,,,4860.00,4.500000,1.300000,0.1900,3.240000,1.07555,"K0"
"HD 158996 b","HD 158996",259.9051092,80.1364033,"Radial Velocity","Bohyunsan Optical Astronomical Observatory",2018,12.30000000,4449.62000000,820.20000000000,2.1000000000,0.130000,13.100000,960.27,,,,4069.00,50.300000,1.800000,-0.2000,1.400000,3.01481,"K5 III"
"HD 15906 b","HD 15906",38.2712534,-10.3521780,"Transit","Transiting Exoplanet Survey Satellite (TESS)",2023,2.24000000,5.65000000,10.92470900000,0.0900000000,0.110000,2.760000,668.00,0.07290000,1.8000000,87.98000,4757.00,0.762000,0.790000,0.0200,4.490000,-0.56864,"K V"
"HD 15906 c","HD 15906",38.2712534,-10.3521780,"Transit","Transiting Exoplanet Survey Satellite (TESS)",2023,2.93000000,8.91000000,21.58329800000,0.1410000000,0.040000,1.950000,532.00,0.12430000,2.1900000,88.75000,4757.00,0.762000,0.790000,0.0200,4.490000,-0.56864,"K V"
"HD 159243 c","HD 159243",263.3395365,5.7008254,"Radial Velocity","Haute-Provence Observatory",2013,13.40000000,603.90000000,248.40000000000,0.8000000000,0.075000,1.380000,349.35,,,,6123.00,1.120000,1.125000,0.0500,4.550000,0.11400,"G0 V"
"HD 159868 c","HD 159868",264.7466665,-43.1462347,"Radial Velocity","Anglo-Australian Telescope",2012,14.00000000,244.09344000,351.00000000000,1.0320000000,0.184000,0.489000,383.37,,,,5534.00,2.130000,1.190000,-0.0800,3.920000,0.55574,"G5 V"
"HD 1605 b","HD 1605",5.1317548,30.9750611,"Radial Velocity","Multiple Observatories",2015,13.80000000,296.85322000,577.20000000000,1.4920000000,0.095000,0.621000,362.48,,,,4915.00,3.490000,1.330000,0.2200,3.400000,0.81000,"K1 IV"
"HD 16175 b","HD 16175",39.2577379,42.0624526,"Radial Velocity","Lick Observatory",2009,12.80000000,1875.18760130,990.00000000000,2.1200000000,0.600000,4.910000,259.78,,,59.00000,5981.00,1.720000,1.630000,0.3000,4.180000,0.50786,"G2"
"HD 163607 b","HD 163607",268.4181383,56.3924701,"Radial Velocity","W. M. Keck Observatory",2012,13.90000000,249.05158800,75.22030000000,0.3620000000,0.744100,0.510000,587.13,,,,5522.00,1.760000,1.120000,0.2100,3.970000,0.42000,"G5"
"HD 164922 c","HD 164922",270.6304652,26.3104077,"Radial Velocity","Multiple Observatories",2016,3.66000000,13.00000000,75.74000000000,0.3410000000,0.120000,1.460000,400.50,,,,5390.00,0.946000,0.926000,0.1800,4.460000,-0.14874,"G9 V"
"HD 164922 d","HD 164922",270.6304652,26.3104077,"Radial Velocity","Roque de los Muchachos Observatory",2020,1.83000000,4.00000000,12.45800000000,0.1030000000,0.120000,3.590000,787.68,,,,5390.00,0.946000,0.926000,0.1800,4.460000,-0.14874,"G9 V"
"HD 164922 e","HD 164922",270.6304652,26.3104077,"Radial Velocity","Multiple Observatories",2021,3.23000000,10.52012027,41.76300000000,0.2292000000,0.086000,1.720000,543.73,,,,5393.43,1.001813,0.921146,0.1967,4.398073,-0.15304,"G9 V"
"HD 165155 b","HD 165155",271.4893395,-29.9172536,"Radial Velocity","Multiple Observatories",2016,13.20000000,918.52870000,434.50000000000,1.1300000000,0.200000,2.190000,239.90,,,,5426.00,0.950000,1.020000,0.0900,4.490000,-0.15490,"G8 V"
"HD 166724 b","HD 166724",273.4988604,-42.5757218,"Radial Velocity","La Silla Observatory",2012,13.00000000,1207.74794660,5144.00000000000,5.4200000000,0.734000,3.020000,94.83,,,68.00000,5127.00,0.797485,0.810000,-0.0900,4.430000,-0.50900,"K0 IV-V"
"HD 168443 c","HD 168443",275.0159879,-9.5966905,"Radial Velocity","W. M. Keck Observatory",2000,12.20000000,5500.33841154,1753.10960000000,2.8420000000,0.210000,16.600000,205.47,,,91.21800,5491.00,1.711479,0.980000,0.0400,3.987745,0.38246,"G5"
"HD 169830 c","HD 169830",276.9561859,-29.8167919,"Radial Velocity","La Silla Observatory",2003,12.60000000,2437.42605328,1818.82339000000,3.0750000000,0.246000,6.700000,241.03,,,24.46900,6300.00,1.935709,1.170000,0.2100,4.008828,0.66200,"F7 V"
"HD 17156 b","HD 17156",42.4366123,71.7530882,"Radial Velocity","Subaru Telescope",2007,12.26262489,1036.12060682,21.21642940000,0.1632000000,0.677200,3.080000,888.00,0.54930000,3.1505000,86.51000,6046.00,1.517000,1.285000,0.2080,4.184000,0.44091,"G5"
"HD 173416 b","HD 173416",280.9005676,36.5568570,"Radial Velocity","Xinglong Station",2008,13.40000000,585.12209729,322.03000000000,1.1580000000,0.208000,1.340000,771.03,,,,4683.00,13.500000,2.000000,-0.2200,2.480000,1.89200,"G8"
"HD 174205 b","HD 174205",280.7932014,70.7928237,"Radial Velocity","Bohyunsan Optical Astronomical Observatory",2022,13.00000000,1334.87930940,582.00000000000,1.7000000000,0.400000,3.340000,821.72,,,,4308.00,26.600000,1.800000,-0.2800,1.800000,2.37840,"K2"
"HD 177830 b","HD 177830",286.3363574,25.9204327,"Radial Velocity","W. M. Keck Observatory",1999,13.50000000,537.13270000,410.10001000000,1.1400000000,0.100000,1.200000,399.64,,,,4901.00,3.260000,1.700000,0.4200,3.640000,0.68502,"K0"
"HD 177830 c","HD 177830",286.3363574,25.9204327,"Radial Velocity","W. M. Keck Observatory",2010,7.87000000,47.67250000,110.90000000000,0.5137000000,0.300000,0.537000,538.95,,,,4949.00,2.620000,1.470000,0.5450,3.650000,0.68502,"K0"
"HD 180053 b","HD 180053",288.4008374,34.9146658,"Radial Velocity","W. M. Keck Observatory",2018,13.30000000,697.31902000,213.72000000000,0.8430000000,0.081000,1.630000,542.98,,,,5131.00,4.060000,1.750000,0.2500,3.540000,1.09897,"K0"
"HD 180902 b","HD 180902",289.8239604,-23.5582432,"Radial Velocity","W. M. Keck Observatory",2009,13.50000000,535.54355000,510.90000000000,1.4000000000,0.107000,1.200000,412.37,,,,4961.00,4.160000,1.410000,0.0400,3.360000,0.97313,"K0 III/IV"
"HD 181433 c","HD 181433",291.2873731,-66.4677838,"Radial Velocity","La Silla Observatory",2008,,2207.00045821,1018.50000000000,1.8850000000,0.240200,,153.53,,,111.00000,4918.00,0.790000,0.860000,0.4012,4.450000,-0.45618,"K3 IV"
"HD 181433 d","HD 181433",291.2873731,-66.4677838,"Radial Velocity","La Silla Observatory",2008,13.20000000,858.13669890,6896.10000000000,6.7400000000,0.444000,2.050000,81.19,,,164.50000,4918.00,0.790000,0.860000,0.4012,4.450000,-0.45618,"K3 IV"
"HD 187123 c","HD 187123",296.7428786,34.4189900,"Radial Velocity","W. M. Keck Observatory",2008,13.20000000,912.16752809,3810.00000000000,4.8900000000,0.252000,2.180000,135.42,,,137.20000,5790.00,1.150430,1.040000,0.0900,4.333380,0.12713,"G3 V"
"HD 188641 b","HD 188641",299.4048303,-37.7448845,"Radial Velocity","Multiple Observatories",2022,11.90000000,9333.03117155,14583.81038000000,12.0270000000,0.034000,30.400000,114.36,,,49.24500,5897.32,1.944920,1.070000,-0.0800,3.889650,0.61512,
"HD 190360 c","HD 190360",300.9092476,29.8945410,"Radial Velocity","W. M. Keck Observatory",2005,5.53000000,26.20000000,17.11625000000,0.1298000000,0.163000,0.851000,794.55,,,95.00000,5560.00,1.140000,0.996000,0.2600,4.100000,0.06647,"G7 IV-V"
"HD 190360 d","HD 190360",300.9092476,29.8945410,"Radial Velocity","Multiple Facilities",2026,3.48000000,11.90000000,88.69000000000,0.3886000000,0.058000,1.550000,459.21,,,88.00000,5560.00,1.140000,0.996000,0.2600,4.100000,0.06647,"G7 IV-V"
"HD 191939 c","HD 191939",302.0256247,66.8503014,"Transit","Transiting Exoplanet Survey Satellite (TESS)",2020,3.19500000,8.00000000,28.57974300000,0.1752000000,0.034000,1.350000,600.00,0.10813969,4.1620000,89.10000,5348.00,0.940000,0.810000,-0.1500,4.300000,-0.18709,"G9 V"
"HD 192263 b","HD 192263",303.4990864,-0.8657574,"Radial Velocity","La Silla Observatory",1999,14.20000000,177.98480000,24.35560000000,0.1500000000,0.050000,0.342000,486.00,,,,4976.00,0.740000,0.660000,0.0300,4.510000,-0.47000,"K2 V"
"HD 192699 b","HD 192699",304.0248392,4.5805708,"Radial Velocity","Lick Observatory",2007,13.40000000,666.17168000,340.94000000000,1.0630000000,0.082000,1.520000,495.11,,,,5041.00,4.410000,1.380000,-0.1500,3.250000,1.00900,"G8 IV"
"HD 196050 b","HD 196050",309.4637796,-60.6347649,"Radial Velocity","Anglo-Australian Telescope",2002,12.90000000,1493.79351290,1392.00000000000,2.6500000000,0.200000,3.820000,207.52,,,42.00000,5879.00,1.420000,1.270000,0.2290,4.250000,0.26000,"G3 V"
"HD 196885 A b","HD 196885 A",309.9664609,11.2500236,"Radial Velocity","Haute-Provence Observatory",2007,13.20000000,819.97000000,1333.00000000000,2.3700000000,0.480000,1.960000,224.21,,,,6254.00,1.310000,1.280000,0.2200,4.310000,0.38000,"F8 V"
"HD 200964 b","HD 200964",316.6664183,3.8033357,"Radial Velocity","Lick Observatory",2010,13.50000000,508.21017000,606.30000000000,1.5650000000,0.087000,1.140000,425.95,,,,4982.00,4.920000,1.390000,-0.1500,3.220000,1.06400,"G8 IV"
"HD 202696 b","HD 202696",319.2250346,27.2582799,"Radial Velocity","W. M. Keck Observatory",2019,,634.38868000,517.80000000000,1.5660000000,0.011000,,492.46,,,90.00000,5040.00,6.430000,1.910000,0.0200,3.110000,1.36922,"K0 III-IV"
"HD 206893 c","HD 206893",326.3416874,-12.7833522,"Imaging","European Southern Observatory",2022,16.36511182,3527.89531770,2290.00000000000,3.7400000000,0.283000,4.420000,1181.90,,,142.50000,6500.00,1.311160,1.310000,,4.450000,0.45610,"F5 V"
"HD 20781 e","HD 20781",50.0139757,-28.7841175,"Radial Velocity","La Silla Observatory",2019,3.83000000,14.03000000,85.50730000000,0.3374000000,0.060000,1.370000,398.38,,,,5256.00,0.833609,0.700000,-0.1100,4.370000,-0.30980,"K0 V"
"HD 207832 c","HD 207832",328.1517893,-26.0271749,"Radial Velocity","W. M. Keck Observatory",2012,14.00000000,232.01590000,1155.70000000000,2.1120000000,0.270000,0.465000,179.84,,,,5710.00,0.901000,0.940000,0.0600,4.502000,-0.11200,"G5 V"
"HD 210193 b","HD 210193",332.3951324,-41.2252050,"Radial Velocity","Las Campanas Observatory",2019,14.30000000,153.10000000,649.91800000000,1.4870000000,0.240000,0.288000,235.69,,,,5790.00,1.059710,1.040000,0.1300,4.434810,0.05578,"G3 V"
"HD 212301 b","HD 212301",336.8803957,-77.7183219,"Radial Velocity","La Silla Observatory",2005,14.20000000,162.09330000,2.24571000000,0.0300000000,0.000000,0.311000,1870.75,,,,6239.00,1.160000,1.550000,0.1800,4.500000,0.24304,"F8 V"
"HD 213472 b","HD 213472",337.7069969,40.7222277,"Radial Velocity","Multiple Observatories",2021,13.10000000,1112.39942450,17000.00000000000,13.0000000000,0.530000,2.720000,91.76,,,,5729.54,1.433902,1.048132,0.1249,4.144921,0.28533,
"HD 213885 b","HD 213885",338.9837166,-59.8648290,"Transit","Transiting Exoplanet Survey Satellite (TESS)",2019,1.74500000,8.83000000,1.00803500000,0.0201200000,0.000000,9.150000,2128.00,0.02000000,1.4100000,80.09000,5978.00,1.101100,1.068000,-0.0400,4.382700,0.13862,"G"
"HD 213885 c","HD 213885",338.9837166,-59.8648290,"Radial Velocity","Multiple Observatories",2019,4.71000000,19.95000000,4.78503000000,0.0567980000,0.000000,1.050000,1265.40,,,,5978.00,1.101100,1.068000,-0.0400,4.382700,0.13862,"G"
"HD 21411 b","HD 21411",51.5474155,-30.6168403,"Radial Velocity","Las Campanas Observatory",2019,9.52000000,65.90000000,84.28800000000,0.3620000000,0.400000,0.420000,408.17,,,,5605.00,0.825605,0.890000,-0.2650,4.510000,-0.26595,"G8 V"
"HD 216536 b","HD 216536",343.2665641,44.4777303,"Radial Velocity","McDonald Observatory",2015,13.80000000,333.72150000,148.60001000000,0.6100000000,0.380000,0.698000,897.99,,,,4639.00,9.830000,0.810000,-0.1700,2.360000,1.80000,"K0"
"HD 216770 b","HD 216770",343.9748751,-26.6595286,"Radial Velocity","La Silla Observatory",2003,14.10000000,181.16310000,118.45000000000,0.4600000000,0.370000,0.355000,370.18,,,,5399.00,0.930000,0.740000,0.2700,4.370000,-0.10000,"G9 V CN+1"
"HD 217107 c","HD 217107",344.5647243,-2.3954489,"Radial Velocity","Lick Observatory",2005,12.90000000,1388.91013859,5138.70000000000,5.9220000000,0.391800,3.560000,123.27,,,88.00000,5622.00,1.224500,1.045000,0.3700,4.340000,0.09754,"G"
"HD 217786 b","HD 217786",345.7838088,-0.4303594,"Radial Velocity","La Silla Observatory",2011,12.30000000,4402.55909376,1301.36009000000,2.4460000000,0.311000,13.000000,207.30,,,69.76700,5966.00,1.270000,1.140000,-0.1350,4.350000,0.27646,"F8 V"
"HD 217786 c","HD 217786",345.7838088,-0.4303594,"Radial Velocity","Multiple Observatories",2022,2.61000000,7.31005336,2.52221000000,0.0380000000,0.399000,2.260000,1663.13,,,,5966.00,1.270000,1.140000,-0.1350,4.350000,0.27646,"F8 V"
"HD 219077 b","HD 219077",348.5319387,-62.7018297,"Radial Velocity","La Silla Observatory",2012,12.50000000,3057.50927534,5478.68861000000,5.9350000000,0.768000,8.600000,146.68,,,90.17800,5362.00,1.910000,0.920000,-0.1300,4.000000,0.42500,"G8 V+"
"HD 219134 c","HD 219134",348.3372026,57.1696255,"Radial Velocity","Roque de los Muchachos Observatory",2015,1.51100000,4.36000000,6.76458000000,0.0653000000,0.062000,6.950000,782.00,0.03180000,1.6600000,87.28000,4699.00,0.778000,0.810000,0.1100,4.567000,-0.57741,"K3 V"
"HD 219828 b","HD 219828",349.6947029,18.6457524,"Radial Velocity","La Silla Observatory",2007,4.59000000,19.06970442,3.83483000000,0.0490000000,0.091000,1.080000,1602.83,,,,5891.00,1.560000,1.040000,0.1900,4.170000,0.42000,"G0 IV"
"HD 220689 b","HD 220689",351.4707282,-20.6167923,"Radial Velocity","La Silla Observatory",2012,13.70000000,381.39408840,2266.40000000000,3.3960000000,0.054000,0.815000,160.11,,,71.00000,5921.00,1.068000,1.016000,-0.0700,4.360000,0.09300,"G3 V"
"HD 222076 b","HD 222076",354.5319820,-70.9032461,"Radial Velocity","Multiple Observatories",2016,13.50000000,495.81480000,871.00000000000,1.8300000000,0.080000,1.110000,346.88,,,,4806.00,4.100000,1.070000,0.0500,3.310000,0.92942,"K0 III"
"HD 222155 b","HD 222155",354.5025617,48.9960191,"Radial Velocity","Haute-Provence Observatory",2011,13.40000000,581.62598481,3999.00000000000,5.1400000000,0.160000,1.330000,164.93,,,68.00000,5701.00,1.850000,1.210000,-0.1800,3.990000,0.50892,"G2 V"
"HD 224018 b","HD 224018",358.6390056,-4.7233362,"Radial Velocity","Roque de los Muchachos Observatory",2025,0.91000000,4.10000000,10.64130000000,0.0952000000,0.060000,17.100000,968.00,,,86.70000,5784.00,1.147000,1.013000,0.0500,4.320000,0.12385,"G V"
"HD 224018 d","HD 224018",358.6390056,-4.7233362,"Transit","K2",2025,2.40000000,4.20000000,138.07310000000,0.5300000000,0.040000,1.700000,411.00,,,89.90000,5784.00,1.147000,1.013000,0.0500,4.320000,0.12385,"G V"
"HD 22946 d","HD 22946",54.8195380,-42.7630276,"Transit","Transiting Exoplanet Survey Satellite (TESS)",2023,2.60700000,26.57000000,47.42489000000,0.2958000000,,10.800000,546.00,,6.4820000,,6169.00,1.117000,1.098000,-0.0800,4.470000,0.20919,"F7/F8V"
"HD 23079 c","HD 23079",54.9281897,-52.9162344,"Radial Velocity","La Silla Observatory",2025,2.80000000,8.26000000,5.74891300000,,0.097000,2.070000,,,,,5994.00,1.080000,1.160000,-0.1290,4.370000,0.13033,"F9.5 V"
"HD 23127 b","HD 23127",54.8491271,-60.0772290,"Radial Velocity","Anglo-Australian Telescope",2006,13.50000000,485.32641000,1211.17000000000,2.3700000000,0.406000,1.080000,223.40,,,,5843.00,1.490000,1.208000,0.2900,4.146000,0.45175,"G2 V"
"HD 233832 b","HD 233832",171.5196515,50.3763099,"Radial Velocity","Roque de los Muchachos Observatory",2018,13.50000000,565.73740000,2058.00000000000,2.8270000000,0.359000,1.260000,117.80,,,,4981.00,0.680000,0.710000,-0.6600,4.490000,-0.52273,"G0"
"HD 24040 b","HD 24040",57.5962104,17.4752873,"Radial Velocity","W. M. Keck Observatory",2006,12.90000000,1589.14203500,3668.00000000000,4.9200000000,0.040000,4.070000,143.81,,,89.00000,5802.00,1.300000,1.110000,0.1900,4.260000,0.27569,"G0 V"
"HD 25912 b","HD 25912",60.9074988,-51.9315058,"Radial Velocity","Multiple Observatories",2022,6.90000000,38.13940884,41.83156000000,0.2420000000,0.050000,0.638000,579.16,,,,5920.58,0.995896,1.080000,0.1200,4.475060,0.04058,
"HD 27442 b","HD 27442",64.1205476,-59.3028771,"Radial Velocity","Anglo-Australian Telescope",2000,13.50000000,495.80000000,428.10000000000,1.2710000000,0.060000,1.110000,369.62,,,,4846.00,3.180000,1.230000,0.4200,3.783000,0.85090,"K1/2III"
"HD 27894 b","HD 27894",65.1975693,-59.4096776,"Radial Velocity","La Silla Observatory",2005,14.10000000,196.73578393,18.01939000000,0.1250000000,0.047000,0.386000,627.88,,,89.00000,4875.00,0.891767,0.810000,0.3000,4.220000,-0.44900,"K2 V"
"HD 27969 b","HD 27969",66.7068364,42.9087200,"Radial Velocity","Haute-Provence Observatory",2021,12.90000000,1525.57635360,654.50000000000,1.5520000000,0.182000,3.910000,261.00,,,,5966.00,1.270000,1.160000,0.1800,4.120000,0.52820,"G0 V"
"HD 28109 b","HD 28109",65.2383065,-68.1026875,"Transit","Transiting Exoplanet Survey Satellite (TESS)",2022,2.69000000,6.20000000,22.89105400000,0.1357000000,0.007100,1.800000,867.00,0.03010000,2.6900000,87.94000,6189.00,1.425000,1.227000,0.1000,4.250000,0.43297,"F8"
"HD 28185 b","HD 28185",66.6100461,-10.5510754,"Radial Velocity","La Silla Observatory",2001,12.80000000,1859.29618095,385.92000000000,1.0340000000,0.063000,4.870000,271.95,,,,5602.00,1.048000,0.974000,0.1900,4.386000,-0.01323,"G5"
"HD 28254 b","HD 28254",66.2108141,-50.6228081,"Radial Velocity","La Silla Observatory",2010,13.00000000,1207.74794660,1333.00000000000,2.4500000000,0.950000,3.020000,212.28,,,162.00000,5664.00,1.480000,1.100000,0.0600,4.120000,0.34000,"G5 V"
"HD 284149 AB b","HD 284149 A",61.6616887,20.3030344,"Imaging","Paranal Observatory",2017,12.00000000,8352.53053596,,431.1600000000,,26.600000,2395.00,,,,6035.00,1.360000,1.130000,,4.306470,0.34242,
"HD 28471 b","HD 28471",66.2875166,-64.0786861,"Radial Velocity","La Silla Observatory",2025,1.75000000,3.72000000,3.16490000000,0.0420000000,0.195000,3.810000,1377.00,,,,5766.00,1.080000,0.980000,-0.0400,4.380000,0.06167,"G5 V"
"HD 29021 b","HD 29021",69.4681379,60.6762985,"Radial Velocity","Haute-Provence Observatory",2017,12.90000000,1420.69297929,1365.00000000000,2.2940000000,0.453000,3.640000,163.20,,,33.70000,5560.00,0.850000,0.860000,-0.3000,4.440000,-0.18111,"G5"
"HD 29985 b","HD 29985",70.5216589,-33.9210696,"Radial Velocity","Multiple Observatories",2022,12.80000000,1739.47487151,20608.14049000000,13.3900000000,0.261000,4.560000,46.73,,,52.65800,4678.00,0.574666,0.750000,-0.2200,4.794300,-0.84623,
"HD 30669 b","HD 30669",72.1198522,-28.4190757,"Radial Velocity","La Silla Observatory",2014,14.30000000,149.37000000,1684.00000000000,2.6900000000,0.180000,0.281000,151.45,,,,5400.00,0.910000,0.920000,0.1300,4.370000,-0.14602,"G9 V"
"HD 31527 c","HD 31527",73.9096193,-23.2413163,"Radial Velocity","La Silla Observatory",2019,3.85000000,14.16000000,51.20530000000,0.2663000000,0.040000,1.360000,571.07,,,,5898.00,1.073694,0.960000,-0.1700,4.450000,0.07918,"G2 V"
"HD 330075 b","HD 330075",237.4054997,-49.9639199,"Radial Velocity","La Silla Observatory",2004,14.30000000,152.55840000,3.38773000000,0.0400000000,0.000000,0.287000,990.00,,,,5000.00,0.840000,0.470000,0.0500,4.260000,-0.33000,"K1"
"HD 33283 b","HD 33283",77.0044889,-26.7976689,"Radial Velocity","W. M. Keck Observatory",2006,12.50000000,104.56607000,18.19910000000,0.1508000000,0.399000,0.294000,1034.40,,,,5935.00,1.970000,1.380000,0.3500,4.120000,0.64000,"G3/G5 V"
"HD 34445 e","HD 34445",79.4207483,7.3527156,"Radial Velocity","Multiple Observatories",2017,4.26000000,16.80000000,49.17500000000,0.2687000000,0.090000,1.190000,637.76,,,,5836.00,1.380000,1.070000,0.1400,4.210000,0.30320,"G0 V"
"HD 34445 f","HD 34445",79.4207483,7.3527156,"Radial Velocity","Multiple Observatories",2017,6.88000000,37.90000000,676.80000000000,1.5430000000,0.031000,0.640000,266.14,,,,5836.00,1.380000,1.070000,0.1400,4.210000,0.30320,"G0 V"
"HD 35759 b","HD 35759",82.8886636,64.3183753,"Radial Velocity","Haute-Provence Observatory",2016,13.00000000,1195.04080000,82.46700000000,0.3890000000,0.389000,2.990000,621.56,,,,6060.00,1.759974,1.150000,0.0400,4.240000,0.53724,"G0"
"HD 3651 b","HD 3651",9.8387218,21.2488844,"Radial Velocity","Multiple Observatories",2003,10.10000000,72.46524000,62.25000000000,0.2950000000,0.645000,0.386000,432.84,,,,5221.00,0.871954,0.799000,0.1453,4.450000,-0.27415,"K0 V"
"HD 39855 b","HD 39855",88.6260731,-19.7044472,"Radial Velocity","Las Campanas Observatory",2019,2.85000000,8.50000000,3.24980000000,0.0410000000,0.140000,2.020000,1145.89,,,,5576.00,0.744665,0.870000,,4.664640,-0.31625,"G8 V"
"HD 40979 b","HD 40979",91.1253346,44.2597855,"Radial Velocity","Multiple Observatories",2002,12.90000000,1484.26610000,264.14999000000,0.8500000000,0.250000,3.800000,354.69,,,,6165.00,1.210000,1.450000,0.2000,4.430000,0.29056,"F8 V"
"HD 42012 b","HD 42012",92.4854730,34.1341722,"Radial Velocity","Haute-Provence Observatory",2017,13.50000000,508.52800000,857.50000000000,1.6700000000,0.200000,1.140000,182.63,,,,5405.00,0.820000,0.830000,-0.0900,4.450000,-0.26975,"K0"
"HD 4308 b","HD 4308",11.1652594,-65.6527159,"Radial Velocity","La Silla Observatory",2005,4.12000000,15.89150000,15.56000000000,0.1200000000,0.000000,1.250000,799.37,,,,5686.00,1.020000,0.930000,-0.3500,4.390000,-0.00400,"G5V"
"HD 43197 b","HD 43197",93.3993231,-29.8971929,"Radial Velocity","La Silla Observatory",2010,14.20000000,175.75910907,308.92072000000,0.8820000000,0.742000,0.337000,282.81,,,,5508.00,1.000000,0.960000,0.4000,4.310000,-0.13700,"G8 V"
"HD 43691 b","HD 43691",94.8946124,41.0920773,"Radial Velocity","Haute-Provence Observatory",2007,13.20000000,810.46650000,36.99870000000,0.2380000000,0.079600,1.940000,761.79,,,,6093.00,1.600000,1.320000,0.3300,4.280000,0.50000,"G0"
"HD 45184 b","HD 45184",96.1820205,-28.7806402,"Radial Velocity","La Silla Observatory",2019,3.52000000,12.19000000,5.88540000000,0.0644000000,0.070000,1.540000,1156.34,,,,5869.00,1.075139,1.030000,0.0400,4.470000,0.05308,"G1.5 V"
"HD 45350 b","HD 45350",97.1902262,38.9627315,"Radial Velocity","W. M. Keck Observatory",2004,13.50000000,568.89000000,963.60000000000,1.9200000000,0.778000,1.270000,217.81,,,,5566.00,1.264420,0.980000,0.2300,4.225510,0.14065,"G5 V"
"HD 45364 b","HD 45364",96.4105736,-31.4810037,"Radial Velocity","La Silla Observatory",2008,9.03000000,60.16491745,225.79000000000,0.6793000000,0.067000,0.449000,301.69,,,,5466.00,0.890000,0.820000,-0.1700,4.380000,-0.19586,"K0 V"
"HD 47186 c","HD 47186",99.0367212,-27.6234285,"Radial Velocity","La Silla Observatory",2008,13.00000000,111.42000000,1353.60000000000,2.3950000000,0.249000,0.279000,183.18,,,,5657.00,1.080000,0.960000,0.2400,4.360000,0.04298,"G6 V"
"HD 4732 c","HD 4732",12.3085089,-24.1369079,"Radial Velocity","Multiple Observatories",2012,13.10000000,1069.49258955,3184.20000000000,4.7250000000,0.187000,2.610000,243.69,,,,4898.00,5.030000,1.390000,-0.0100,3.170000,1.11826,"K0 IV"
"HD 48948 d","HD 48948",102.4898110,60.3373133,"Radial Velocity","Roque de los Muchachos Observatory",2024,3.24000000,10.59000000,151.92000000000,0.4894000000,0.055000,1.710000,349.00,,,,4593.00,0.679000,0.686000,-0.2100,4.610000,-0.78885,"K3 V"
"HD 49674 b","HD 49674",102.8773483,40.8672284,"Radial Velocity","W. M. Keck Observatory",2002,6.20000000,31.78300000,4.94737000000,0.0600000000,0.090000,0.733000,1113.78,,,,5602.00,1.020000,1.030000,0.3200,4.440000,-0.02162,"G5 V"
"HD 50499 c","HD 50499",103.0080750,-33.9152670,"Radial Velocity","La Silla Observatory",2019,13.20000000,931.24190000,8619.90000000000,9.0200000000,0.000000,2.220000,116.69,,,,6099.00,1.420000,1.310000,0.3800,4.420000,0.37632,"G1 V"
"HD 51608 b","HD 51608",103.7137102,-55.2600189,"Radial Velocity","La Silla Observatory",2019,3.62000000,12.77000000,14.07260000000,0.1059000000,0.090000,1.480000,759.92,,,,5358.00,0.916136,0.800000,-0.0700,4.360000,-0.24413,"G7 V"
"HD 51608 c","HD 51608",103.7137102,-55.2600189,"Radial Velocity","La Silla Observatory",2019,3.87000000,14.31000000,95.94460000000,0.3809000000,0.140000,1.360000,400.69,,,,5358.00,0.916136,0.800000,-0.0700,4.360000,-0.24413,"G7 V"
"HD 5319 c","HD 5319",13.7558096,0.7893425,"Radial Velocity","W. M. Keck Observatory",2014,13.80000000,334.67499000,872.20000000000,1.9300000000,0.183000,0.700000,340.67,,,,4871.00,4.060000,1.270000,0.1500,3.260000,0.90800,"G5"
"HD 5583 b","HD 5583",14.4869460,34.9853306,"Radial Velocity","Roque de los Muchachos Observatory",2016,12.80000000,1837.05740000,139.35000000000,0.5300000000,0.076000,4.810000,964.55,,,,4830.00,9.090000,1.010000,-0.5000,2.530000,1.61000,
"HD 60532 b","HD 60532",113.5130656,-22.2958661,"Radial Velocity","La Silla Observatory",2008,13.80000000,336.89980000,201.90000000000,0.7700000000,0.260000,0.704000,550.16,,,,6245.00,2.570000,1.500000,-0.2600,3.800000,1.00089,"F6 IV"
"HD 63433 c","HD 63433",117.4793699,27.3631342,"Transit","Transiting Exoplanet Survey Satellite (TESS)",2020,2.69200000,15.53900000,20.54382810000,0.1460000000,0.210000,4.630000,678.92,0.07993817,4.0680000,89.07000,5553.00,0.934000,0.956000,-0.0700,4.560000,-0.12610,"G5 V"
"HD 63433 d","HD 63433",117.4793699,27.3631342,"Transit","Transiting Exoplanet Survey Satellite (TESS)",2023,1.07300000,1.25000000,4.20907500000,0.0503000000,0.160000,5.560000,1040.00,,2.5850000,88.73000,5688.00,0.912000,0.990000,0.0300,4.520000,-0.12494,"G5 V"
"HD 64114 b","HD 64114",117.9825560,-11.0337221,"Radial Velocity","Las Campanas Observatory",2019,4.41000000,17.80000000,45.79100000000,0.2460000000,0.120000,1.140000,518.51,,,,5676.00,0.882858,0.950000,,4.517860,-0.13735,"G7 V"
"HD 6434 b","HD 6434",16.1663441,-39.4904909,"Radial Velocity","La Silla Observatory",2003,14.20000000,155.73670000,21.99800000000,0.1400000000,0.170000,0.299000,786.83,,,,5769.00,1.120000,1.100000,-0.5500,4.380000,0.05000,"G2/3 V"
"HD 66141 b","HD 66141",120.5662825,2.3350265,"Radial Velocity","Bohyunsan Optical Astronomical Observatory",2012,12.80000000,1906.90000000,480.50000000000,1.2000000000,0.070000,5.000000,880.31,,,,4323.00,21.400000,1.100000,-0.3230,1.780000,2.24000,"K2 III"
"HD 72659 c","HD 72659",128.5128072,-1.5686323,"Radial Velocity","Multiple Observatories",2022,12.10000000,6165.87109580,35500.00000000000,21.5000000000,0.114000,19.100000,71.91,,,40.00000,5929.00,1.360000,1.033000,-0.0200,4.230000,0.37397,"G2 V"
"HD 73267 c","HD 73267",129.0735123,-34.4594469,"Radial Velocity","Multiple Observatories",2022,12.80000000,1630.77755632,17071.78045000000,12.6880000000,0.089000,4.270000,69.53,,,91.84900,5387.00,0.909000,0.930000,0.0300,4.447000,-0.10600,"K0 V"
"HD 73344 b","HD 73344",129.6894456,23.6852651,"Transit","K2",2024,2.88400000,10.48000000,15.61100000000,0.1310000000,0.030000,2.451000,911.00,0.05204898,3.3040000,88.08200,6252.60,1.220000,1.200000,0.1430,4.372000,0.26184,"F6 V"
"HD 73344 d","HD 73344",129.6894456,23.6852651,"Radial Velocity","Multiple Observatories",2025,13.20000000,810.46243785,5823.00000000000,6.7000000000,0.180000,1.940000,126.51,,,59.00000,6148.00,1.220000,1.190000,0.1600,4.360000,0.26184,"F6 V"
"HD 74156 b","HD 74156",130.6047813,4.5772338,"Radial Velocity","Haute-Provence Observatory",2003,13.50000000,532.36258173,51.63564000000,0.2800000000,0.636000,1.190000,679.63,,,,6068.00,1.510576,1.100000,0.1310,4.139148,0.40075,"G0"
"HD 75784 b","HD 75784",133.0992289,13.2330548,"Radial Velocity","W. M. Keck Observatory",2014,13.80000000,317.83000000,341.20000000000,1.0320000000,0.097000,0.665000,425.98,,,,4867.00,3.400000,1.260000,0.2500,3.460000,0.75600,"G5"
"HD 75784 c","HD 75784",133.0992289,13.2330548,"Radial Velocity","W. M. Keck Observatory",2018,12.80000000,1792.56120000,7900.00000000000,8.4000000000,0.489000,4.700000,149.31,,,,4867.00,3.400000,1.260000,0.2500,3.460000,0.75600,"G5"
"HD 75898 c","HD 75898",133.4611999,33.0566885,"Radial Velocity","Multiple Observatories",2024,12.60000000,2698.36317543,6717.00000000000,7.3900000000,0.080000,7.410000,135.20,,,153.00000,6122.00,1.550000,1.295000,0.2900,4.340000,0.46000,"F8 V"
"HD 80653 b","HD 80653",140.3390845,14.3678691,"Transit","K2",2020,1.62100000,5.61000000,0.71957926000,0.0165700000,0.000000,7.240000,2438.00,0.01596404,1.7250000,81.70000,5959.00,1.199000,1.150000,0.2550,4.342000,0.21165,"G0 V"
"HD 80869 b","HD 80869",140.7912931,33.9048294,"Radial Velocity","Haute-Provence Observatory",2021,12.80000000,1609.80088146,1752.92067000000,2.9050000000,0.924000,4.220000,203.20,,,98.55900,5837.00,1.062000,1.060000,0.1700,4.180000,0.39977,"G5"
"HD 80883 b","HD 80883",139.9331831,-59.4780815,"Radial Velocity","Multiple Observatories",2022,12.80000000,1748.05623850,6383.78352000000,6.4620000000,0.203000,4.580000,88.66,,,141.31200,5177.91,0.814842,0.880000,-0.2638,4.560400,-0.36654,
"HD 80913 b","HD 80913",138.1021548,-81.7684510,"Radial Velocity","Multiple Observatories",2022,12.00000000,7505.20000290,10839.83341000000,9.9500000000,0.313000,23.900000,118.23,,,22.33100,6013.24,1.654200,1.110000,-0.6800,4.046210,0.50831,
"HD 81688 b","HD 81688",142.1665753,45.6009241,"Radial Velocity","Okayama Astrophysical Observatory",2007,13.50000000,525.68818518,183.93000000000,0.6480000000,0.040000,1.170000,958.66,,,,4797.00,11.130000,1.070000,-0.3200,2.370000,1.78032,"K0 III-IV"
"HD 86264 b","HD 86264",149.2409308,-15.8953993,"Radial Velocity","Lick Observatory",2009,12.50000000,3117.26101586,1488.79123000000,2.7630000000,0.821000,8.770000,247.01,,,93.59100,6210.00,1.880000,1.260000,0.2020,4.020000,0.66000,"F7 V"
"HD 86728 b","HD 86728",150.2500540,31.9218216,"Radial Velocity","Multiple Observatories",2025,3.03000000,9.43000000,31.15150000000,0.1916000000,0.067000,1.860000,687.36,,,,5610.00,1.237000,0.967000,0.2000,4.250000,0.13513,"G1V"
"HD 87646 b","HD 87646",151.6695435,17.8949795,"Radial Velocity","Apache Point Observatory",2016,12.40000000,3941.09200000,13.48100000000,0.1170000000,0.050000,11.400000,1012.70,,,,5770.00,1.550000,1.120000,-0.1700,4.100000,0.95972,"G"
"HD 88072 b","HD 88072",152.3467466,2.3710540,"Radial Velocity","Multiple Observatories",2022,12.60000000,2511.79790052,18538.79293000000,13.8950000000,0.156000,6.900000,76.03,,,169.62600,5785.33,1.032000,1.040000,0.0426,4.427740,0.03137,
"HD 88133 b","HD 88133",152.5319349,18.1857284,"Radial Velocity","W. M. Keck Observatory",2004,13.80000000,324.18660000,3.41488400000,0.0479000000,0.031000,0.678000,1762.08,,,15.00000,5392.00,2.200000,1.260000,0.3400,3.880000,0.49678,"G5"
"HD 89839 b","HD 89839",155.1688790,-53.6640291,"Radial Velocity","Multiple Facilities",2023,12.80000000,1748.05623850,3391.20000000000,4.7130000000,0.185000,4.580000,159.03,,,49.50000,6314.00,1.285880,1.210000,0.0400,4.490000,0.37479,"F7 V"
"HD 90156 b","HD 90156",155.9801144,-29.6451030,"Radial Velocity","La Silla Observatory",2011,4.43000000,17.98000000,49.77000000000,0.2500000000,0.310000,1.140000,518.01,,,,5599.00,0.920286,0.840000,-0.2400,4.480000,-0.14267,"G5V"
"HD 92788 c","HD 92788",160.7021351,-2.1847173,"Radial Velocity","La Silla Observatory",2019,13.00000000,1166.43610000,11611.29750000000,10.5000000000,0.460000,2.920000,91.27,,,,5744.00,1.140000,1.150000,0.2700,4.390000,0.02000,"G6 V"
"HD 93385 c","HD 93385",161.5627065,-41.4646040,"Radial Velocity","La Silla Observatory",2021,2.56000000,7.10000000,13.18000000000,0.1120000000,0.200000,2.330000,937.43,,,,5977.00,1.184840,1.040000,0.0200,4.420000,0.20683,"G2/G3 V"
"HD 95089 b","HD 95089",164.6987480,1.7290087,"Radial Velocity","W. M. Keck Observatory",2009,13.70000000,400.46580000,464.40000000000,1.3600000000,0.119000,0.856000,458.34,,,,4918.00,5.080000,1.540000,0.0500,3.240000,1.13033,"G8/K0 IV"
"HD 95544 b","HD 95544",166.3231784,81.0389868,"Radial Velocity","Haute-Provence Observatory",2021,12.80000000,1913.64483855,2041.54152000000,3.1660000000,0.049000,5.010000,156.50,,,86.49700,5722.00,1.088000,1.010000,0.1100,4.070000,0.47797,"G0"
"HD 95735 c","GJ 411",165.8344710,35.9723170,"Radial Velocity","Multiple Observatories",2021,3.76000000,13.60000000,2946.00000000000,2.9400000000,0.132000,1.410000,63.49,,,,3719.00,0.368500,0.389900,-0.3621,4.895000,-1.70997,"M1.5 V"
"HD 96063 b","HD 96063",166.1853484,-2.5132966,"Radial Velocity","W. M. Keck Observatory",2011,13.70000000,403.64410000,362.50000000000,1.1100000000,0.170000,0.863000,500.75,,,,5020.00,4.750000,1.370000,-0.3000,3.330000,1.10380,"G6 V"
"HD 96127 b","HD 96127",166.4415020,44.3015500,"Radial Velocity","McDonald Observatory",2011,13.00000000,1207.74794660,638.90000000000,1.4100000000,0.300000,3.020000,947.29,,,89.90000,3943.00,35.000000,0.910000,-0.2400,2.060000,2.86000,"K2 III"
"HD 98219 b","HD 98219",169.4475218,-23.9754880,"Radial Velocity","W. M. Keck Observatory",2011,13.40000000,624.21812000,433.80000000000,1.2600000000,0.079000,1.430000,453.77,,,,4925.00,4.600000,1.410000,-0.0200,3.360000,1.04922,"K0 III/IV"
"HD 98736 b","HD 98736",170.4549045,18.1896082,"Radial Velocity","W. M. Keck Observatory",2018,13.30000000,740.54390000,968.80000000000,1.8640000000,0.226000,1.730000,179.53,,,,5271.00,0.930000,0.920000,0.3600,4.472930,-0.22000,"G5"
"HD 99706 b","HD 99706",172.1261621,43.9662025,"Radial Velocity","W. M. Keck Observatory",2011,13.70000000,390.93090000,841.00000000000,1.9800000000,0.250000,0.835000,391.46,,,,4862.00,5.520000,1.460000,0.1400,3.090000,1.18752,"K0"
"HIP 10090 c","HIP 10090",32.4351198,-30.7470844,"Radial Velocity","Multiple Facilities",2026,13.90000000,270.15414595,321.82000000000,0.9000000000,0.188000,0.553000,338.35,,,153.80000,5661.00,1.382680,0.940000,0.4700,4.143400,0.20641,"K0"
"HIP 111909 b","HIP 111909",340.0304354,-49.5985391,"Radial Velocity","Multiple Observatories",2025,13.70000000,384.57237247,487.08000000000,1.3200000000,,0.822000,436.91,,,,4891.00,4.530000,1.280000,-0.0100,3.090000,1.02000,"K1 III"
"HIP 35965 b","HIP 35965",111.2025182,-51.3257507,"Radial Velocity","Multiple Observatories",2022,12.60000000,2589.98368864,26125.56497000000,15.8980000000,0.138000,7.110000,48.85,,,43.69800,4836.00,0.697551,0.780000,,4.643010,-0.62021,
"HIP 39330 b","HIP 39330",120.6116831,-46.3353155,"Radial Velocity","Multiple Facilities",2026,13.50000000,530.77343969,4650.00000000000,5.0500000000,0.078000,1.190000,125.05,,,55.00000,5748.00,1.027860,0.960000,0.1600,4.439510,0.05041,"G5 V"
"HIP 54373 c","HIP 54373",166.8643532,-19.2916857,"Radial Velocity","Las Campanas Observatory",2019,3.57000000,12.44000000,15.14400000000,0.0990000000,0.200000,1.500000,463.20,,,,4021.00,0.564998,0.570000,,4.681030,-1.22239,"K5 V"
"HIP 55507 b","HIP 55507",170.5227246,46.9078030,"Radial Velocity","Multiple Observatories",2022,12.60000000,2585.53409095,5138.43727000000,5.0620000000,0.362000,7.100000,76.05,,,135.02200,4171.00,0.723643,0.650000,,4.531930,-0.84530,"M0"
"HIP 57274 d","HIP 57274",176.1705487,30.9576484,"Radial Velocity","W. M. Keck Observatory",2011,14.20000000,167.40000000,431.70000000000,1.0100000000,0.270000,0.321000,183.59,,,,4640.00,0.680000,0.730000,0.0900,4.710000,0.19000,"K4 V"
"HIP 65407 c","HIP 65407",201.0876630,48.8847322,"Radial Velocity","Haute-Provence Observatory",2016,13.90000000,249.17872000,67.30000000000,0.3160000000,0.120000,0.510000,457.04,,,,5460.00,0.952252,0.930000,0.2500,4.470000,-0.18603,"K0"
"HIP 67851 c","HIP 67851",208.4653640,-35.3146536,"Radial Velocity","Multiple Observatories",2015,12.70000000,2204.77565936,3128.41000000000,4.5500000000,0.300000,5.910000,255.43,,,89.86300,4840.00,5.450000,1.280000,0.0100,3.110000,1.16673,"K0 III"
"HIP 70849 b","HIP 70849",217.3270762,-46.4646840,"Radial Velocity","La Silla Observatory",2011,12.90000000,1430.22783150,3649.00000000000,3.9900000000,0.650000,3.660000,78.85,,,96.00000,4105.00,0.633112,0.650000,,4.623490,-1.04817,"K7 V"
"HIP 8152 c","HIP 8152",26.2092533,-18.4013844,"Transit","Transiting Exoplanet Survey Satellite (TESS)",2023,2.52442508,10.70000000,19.60562000000,0.1390000000,0.200000,3.630000,650.68,0.05907657,4.3834080,,5618.00,0.960300,0.937300,0.0070,4.443000,-0.08040,
"HIP 8541 b","HIP 8541",27.5271962,-54.4651633,"Radial Velocity","Multiple Observatories",2016,12.60000000,2451.72833160,1852.14387000000,3.7290000000,0.360000,6.730000,305.12,,,90.90400,4672.00,6.840000,2.009000,-0.1900,2.950000,1.31000,"K2 III/IV"
"HIP 94235 b","HIP 94235",287.7411441,-60.2726358,"Transit","Transiting Exoplanet Survey Satellite (TESS)",2022,3.00000000,379.00000000,7.71305700000,0.0787000000,0.320000,,1060.00,0.07284849,2.4700000,87.14000,5991.00,1.080000,1.094000,0.0000,4.460000,0.13759,"G V"
"HIP 99770 b","HIP 99770",303.6338344,36.8066046,"Imaging","Multiple Observatories",2023,12.20000000,5403.08291900,18600.00000000000,15.8000000000,0.310000,16.400000,135.17,,,152.00000,8000.00,1.939860,1.900000,,4.141280,1.14176,"A5-A6"
"HR 2562 b","HR 2562",102.5042716,-60.2486775,"Imaging","Gemini Observatory",2016,12.44199000,6992.22495400,,22.2000000000,0.340000,,1255.00,,,86.70000,6597.00,1.334000,1.300000,0.0200,4.300000,0.53147,"F5 V"
"HR 5183 b","HR 5183",206.7357992,6.3498994,"Radial Velocity","Multiple Observatories",2019,13.10000000,1052.01202717,27000.00000000000,18.0000000000,0.840000,2.570000,171.00,,,80.30000,5794.00,1.530000,1.070000,0.1000,4.020000,0.39748,"G0 V"
"HR 858 c","HR 858",42.9849779,-30.8140609,"Transit","Transiting Exoplanet Survey Satellite (TESS)",2019,1.97900000,3.80000000,5.97386500000,0.0687000000,0.000000,2.900000,1309.00,0.02087000,2.8430000,86.59000,6354.00,1.258000,1.204000,0.0250,4.300000,0.36361,"F6 V"
"HR 8799 b","HR 8799",346.8701486,21.1340376,"Imaging","Gemini Observatory",2008,13.00000000,2000.00000000,170000.00000000000,68.0000000000,,5.000000,1200.00,,,30.27000,7204.58,1.493380,1.500000,-0.4700,4.296560,0.69197,"A5 V"
"HR 8799 c","HR 8799",346.8701486,21.1340376,"Imaging","Gemini Observatory",2008,13.00000000,3000.00000000,69000.00000000000,38.0000000000,0.500000,7.500000,1200.00,,,29.43000,7204.58,1.493380,1.500000,-0.4700,4.296560,0.69197,"A5 V"
"HR 8799 e","HR 8799",346.8701486,21.1340376,"Imaging","W. M. Keck Observatory",2010,13.11453000,3178.30000000,20815.60000000000,16.4000000000,0.150000,7.740000,1150.00,,,25.00000,7400.00,1.493380,1.510000,-0.5000,4.000000,0.73347,"A5"
"ITG 15 b","ITG 15 A",69.9370379,26.0312128,"Imaging","European Space Agency (ESA) Gaia Satellite",2024,12.10000000,6674.39654700,,435.0000000000,,20.700000,2601.00,,,,,,,,,,
"K2-10 b","K2-10",172.1216476,1.6906217,"Transit","K2",2015,3.77300000,25.20000000,19.30553000000,0.1370000000,0.310000,2.360000,649.00,0.16910000,3.8064000,89.50414,5533.00,0.956000,0.880000,-0.0700,4.470000,-0.10088,"F9"
"K2-104 b","K2-104",129.6366594,19.7737202,"Transit","K2",2016,1.79000000,3.86000000,1.97419540000,0.0242000000,0.090000,3.700000,798.00,0.17490000,1.5840000,88.75000,3712.00,0.480000,0.510000,0.1800,4.780000,-1.43415,"M2.5e"
"K2-107 b","K2-107",284.9853550,-22.2934206,"Transit","K2",2017,15.98000000,266.97720000,3.31395900000,0.0475000000,0.000000,0.350000,1649.00,0.66580000,3.2232000,82.36105,6061.00,1.810000,1.300000,0.1400,4.040000,0.46446,"F9 IV"
"K2-117 c","K2-117",133.8557342,10.4692176,"Transit","K2",2017,2.06000000,4.90000000,5.44401700000,0.0492000000,0.150000,3.080000,537.00,0.16860000,2.1096000,89.49000,3778.00,0.510000,0.540000,-0.0500,4.750000,-1.35655,"M1.0 V"
"K2-119 b","K2-119",132.0098683,16.9017663,"Transit","K2",2017,2.53000000,6.94000000,7.72728300000,0.0698000000,0.070000,2.350000,666.00,0.12330000,2.9040000,89.40000,4740.00,0.710000,0.760000,-0.0500,4.620000,-0.68533,
"K2-121 b","K2-121",126.9366624,17.5793267,"Transit","K2",2017,7.16000000,51.00000000,5.18573800000,0.0525000000,0.220000,0.700000,716.00,1.31120000,2.0304000,89.02659,4526.00,0.675000,0.710000,0.0400,4.630000,-0.74531,
"K2-123 b","K2-123",134.4441404,21.4532748,"Transit","K2",2017,2.76000000,8.05000000,30.95152400000,0.1649000000,0.060000,2.100000,338.00,0.21170000,3.7608000,89.79000,4035.00,0.590000,0.620000,0.0300,4.690000,-1.14267,
"K2-125 b","K2-125",204.1418754,-14.9478195,"Transit","K2",2017,2.18000000,5.39000000,21.75026400000,0.1210000000,0.080000,2.860000,321.22,,,89.72000,3654.47,0.402049,0.494727,,4.830160,-1.64124,
"K2-126 b","K2-126",203.5467021,-13.5769705,"Transit","K2",2017,1.97000000,4.54000000,7.38565500000,0.0656000000,0.060000,3.260000,601.00,0.08820000,2.5872000,89.40000,4339.00,0.650000,0.690000,0.0200,4.660000,-0.87762,
"K2-128 b","K2-128",204.4376666,-8.5970858,"Transit","K2",2017,1.42000000,2.60000000,5.67581900000,0.0560000000,0.230000,4.990000,803.10,0.03320000,1.8048000,87.40000,4469.51,0.777569,0.711248,-0.2600,4.700000,-0.82159,
"K2-129 b","K2-129",289.1485491,-25.6463233,"Transit","K2",2017,1.04000000,1.12000000,8.23949300000,0.0570000000,0.130000,5.470000,419.19,0.08580000,1.5120000,89.21000,3459.09,0.360010,0.360031,,4.868150,-1.82842,
"K2-130 b","K2-130",290.2705419,-19.6908744,"Transit","K2",2017,1.25000000,2.10000000,2.49412000000,0.0320000000,0.170000,5.910000,1013.11,0.03040000,1.7040000,86.53000,4356.47,0.744261,0.695630,-0.2400,4.620000,-0.79892,
"K2-132 b","K2-132",182.1662666,-8.7472172,"Transit","K2",2017,14.57170000,155.73670000,9.17510000000,0.0916000000,0.290000,0.277000,1586.00,0.05800000,7.1690000,77.46000,4840.00,3.850000,1.080000,-0.0100,3.297000,0.94349,
"K2-136 c","K2-136",67.4128615,22.8825674,"Transit","K2",2017,3.00000000,18.10000000,17.30723000000,0.1185000000,0.047000,3.690000,470.00,0.19090000,3.4490000,89.70000,4500.00,0.677000,0.742000,-0.0200,4.680000,-0.77650,"K5.5"
"K2-136 d","K2-136",67.4128615,22.8825674,"Transit","K2",2017,1.56500000,3.00000000,25.57500000000,0.1538000000,0.071000,4.300000,420.00,,3.0400000,89.40000,4500.00,0.677000,0.742000,-0.0200,4.680000,-0.77650,"K5.5"
"K2-148 b","K2-148",14.5176494,-0.1932580,"Transit","K2",2018,1.33000000,2.33000000,4.38395000000,0.0454000000,,5.440000,733.87,0.03240000,1.7760000,,4079.00,0.632000,0.650000,-0.1100,4.653000,-0.99568,
"K2-15 b","K2-15",178.1105741,4.2546649,"Transit","K2",2015,2.48000000,6.71000000,11.81040000000,0.0910000000,,2.420000,676.00,0.12100000,2.4024000,,5131.00,0.680000,0.720000,-0.4600,4.571000,-0.45314,"G8"
"K2-155 d","K2-155",65.4696140,21.3532633,"Transit","K2",2018,1.90000000,4.27000000,40.71800000000,0.1937000000,,3.420000,381.00,0.07400000,4.4640000,89.61000,4258.00,0.580000,0.650000,-0.3000,4.600000,-1.22915,"K7"
"K2-157 d","K2-157",183.7514959,-5.7820178,"Radial Velocity","Paranal Observatory",2025,5.16000000,23.30000000,66.50000000000,0.3090000000,0.500000,0.932000,429.10,,,,5334.00,0.860000,0.890000,0.0200,4.450000,-0.21020,"G9 V"
"K2-168 b","K2-168",333.1100738,-16.3418863,"Transit","K2",2018,1.86000000,4.12000000,15.85230000000,,,3.520000,766.35,0.05320000,3.7920000,89.40000,5502.70,0.830000,0.877000,-0.1300,4.460000,-0.17649,
"K2-183 b","K2-183",125.0071770,14.0194586,"Transit","K2",2018,1.10000000,1.37000000,0.46928500000,,,5.660000,,0.02152000,1.5408000,90.10000,5482.00,0.870000,0.942219,0.0900,4.600000,-0.13179,
"K2-186 b","K2-186",135.3350487,18.8252879,"Transit","K2",2018,3.17207779,10.20000000,41.47421900000,,,1.760000,,0.09800000,6.1200000,89.52426,5784.00,0.980830,1.018617,0.0600,4.450000,0.05040,
"K2-187 b","K2-187",132.5235618,23.1924709,"Transit","K2",2018,1.20000000,1.87000000,0.77401000000,0.0164000000,,5.950000,1815.00,0.02370000,1.5792000,89.70000,5438.00,0.830000,0.966999,0.0000,4.600000,-0.19607,
"K2-19 d","K2-19",174.9602543,0.6035960,"Transit","K2",2016,1.04400000,6.20000000,2.50827000000,0.0347800000,0.440000,31.000000,1258.00,0.01900000,1.9300000,89.70000,5350.00,0.824000,0.892000,0.0300,4.556000,-0.29196,"G9"
"K2-193 b","K2-193",205.2371043,-11.0093342,"Transit","K2",2018,3.95000000,14.80000000,14.78688900000,0.1184000000,,1.320000,739.00,0.16920000,4.3200000,89.19255,5817.00,0.980000,1.010000,0.0000,4.460000,-0.07572,
"K2-195 c","K2-195",199.8315191,-8.5095364,"Transit","K2",2018,2.57581891,7.16000000,28.48278600000,,,2.300000,,0.07470000,5.9760000,88.53687,5712.00,0.906367,0.963364,-0.0900,4.550000,-0.01196,
"K2-198 b","K2-198",198.8436817,-6.4649888,"Transit","K2",2018,4.18900000,16.30000000,17.04286830000,,,1.220000,715.80,0.27370000,2.9592000,88.90400,5212.90,0.757000,0.799000,0.0940,4.596200,-0.40084,
"K2-201 b","K2-201",293.5607117,-23.1312775,"Transit","K2",2018,1.40006712,2.54000000,1.05979000000,,,5.090000,,0.02514000,1.7496000,84.41366,5507.00,0.878161,0.956055,0.1300,4.680000,-0.27594,
"K2-201 c","K2-201",293.5607117,-23.1312775,"Transit","K2",2018,3.28568401,10.80000000,22.77987800000,,,1.670000,,0.12520000,3.6480000,89.27205,5507.00,0.878161,0.956055,0.1300,4.680000,-0.27594,
"K2-202 b","K2-202",283.2643203,-22.4070553,"Transit","K2",2018,2.30165603,5.91000000,3.40516400000,,,2.660000,,0.05790000,2.0328000,87.67245,5491.00,0.910685,0.971461,0.2700,4.550000,-0.33519,
"K2-203 b","K2-203",12.7736909,-1.1958844,"Transit","K2",2018,1.26549392,2.14000000,9.69520000000,0.0824000000,0.230000,5.800000,738.40,0.02300000,3.1032000,89.12000,5026.00,0.765000,0.793000,-0.0210,4.570000,-0.47237,
"K2-206 b","K2-206",11.2564264,0.5931866,"Transit","K2",2018,2.79522879,8.22000000,18.29454900000,,,2.070000,,,,89.11217,5043.00,0.758046,0.789481,-0.1400,4.460000,-0.43502,
"K2-213 b","K2-213",13.1403998,3.5077702,"Transit","K2",2018,1.51398464,2.90000000,8.13087000000,,,4.590000,,,,87.86162,5794.00,1.204240,1.069596,0.2500,4.250000,0.24679,
"K2-224 c","K2-224",189.7041426,-10.0605942,"Transit","K2",2018,2.41000000,6.39000000,10.09489000000,0.0886000000,,2.510000,764.00,0.05928000,3.6000000,88.67575,5620.00,0.840000,0.910000,-0.1900,4.550000,-0.24102,
"K2-239 d","K2-239",160.5941265,4.4413751,"Transit","K2",2018,1.10000000,1.37000000,10.11500000000,0.0685000000,,5.660000,399.00,0.06500000,1.8384000,89.43000,3420.00,0.360000,0.400000,-0.1000,4.900000,-1.79588,"M3.0 V"
"K2-244 b","K2-244",183.4686492,-3.8318097,"Transit","K2",2018,1.75000000,3.71000000,21.06884000000,0.1418000000,,3.800000,638.00,0.03000000,3.9000000,89.21390,5677.00,0.920000,0.860000,-0.2900,4.440000,-0.11800,
"K2-247 b","K2-247",188.8935189,-10.0692793,"Transit","K2",2018,2.12000000,5.14000000,2.25021000000,0.0304000000,,2.960000,979.00,0.10000000,1.2000000,,4667.00,0.690000,0.740000,-0.0800,4.630000,-0.88154,
"K2-252 b","K2-252",182.3663818,-8.3096141,"Transit","K2",2018,1.74000000,3.68000000,13.81513000000,0.1041000000,,3.840000,639.00,0.03600000,3.6000000,,5152.00,0.820000,0.790000,-0.0900,4.500000,-0.40842,
"K2-255 b","K2-255",189.9128532,-3.3705631,"Transit","K2",2018,2.90000000,8.75000000,1.96417000000,0.0274000000,,1.970000,1034.00,0.18300000,1.1000000,,4676.00,0.690000,0.710000,-0.1400,4.620000,-0.79022,
"K2-261 b","K2-261",163.0323119,0.4931670,"Transit","K2",2018,9.26982704,68.96876432,11.63346810000,0.1086000000,0.274000,0.473000,1036.00,0.27810000,5.1288000,88.58000,5490.00,1.663000,1.107000,0.3720,4.040000,0.35392,"G7 IV/V"
"K2-266 d","K2-266",157.9356855,0.9372782,"Transit","K2",2018,2.93000000,8.90000000,14.69700000000,0.1035000000,0.047000,2.030000,538.30,0.14650000,3.4080000,89.46000,4285.00,0.703000,0.686000,-0.1200,4.581000,-0.82333,
"K2-266 e","K2-266",157.9356855,0.9372782,"Transit","K2",2018,2.73000000,14.30000000,19.48200000000,0.1249000000,0.043000,2.210000,490.10,0.12700000,3.6648000,89.45000,4285.00,0.703000,0.686000,-0.1200,4.581000,-0.82333,
"K2-269 b","K2-269",130.1551381,13.0146799,"Transit","K2",2018,1.57000000,3.09000000,4.14496500000,0.0531000000,,4.390000,1429.00,0.00780000,2.7096000,86.72002,6209.00,1.450000,1.160000,-0.0800,4.180000,0.46786,
"K2-272 b","K2-272",132.6211743,17.5423852,"Transit","K2",2018,3.13000000,9.96000000,14.45367560000,0.1007000000,,1.780000,747.00,0.12250000,3.2200000,,5397.00,0.830000,0.860000,-0.0900,4.530000,-0.30214,
"K2-273 b","K2-273",129.7768928,19.0100046,"Transit","K2",2018,3.05000000,9.53000000,11.71956630000,0.0729000000,,1.850000,849.00,0.14340000,4.8720000,90.00000,5161.00,0.850000,0.890000,0.2000,4.530000,-0.35279,
"K2-275 b","K2-275",132.1698795,20.4550162,"Transit","K2",2018,2.34000000,6.08000000,3.28096260000,0.0277000000,,2.610000,1166.00,0.09680000,1.9296000,88.01910,4841.00,0.690000,0.770000,-0.0600,4.650000,-0.59332,
"K2-278 b","K2-278",203.3018653,-14.5041057,"Transit","K2",2018,2.98000000,9.17000000,3.33496600000,0.0488000000,,1.900000,1711.00,0.03740000,3.9360000,,6747.00,1.610000,1.400000,0.0000,4.170000,0.39867,
"K2-281 b","K2-281",16.2274724,7.2692169,"Transit","K2",2018,8.18000000,50.90000000,8.68772100000,0.0773000000,,0.511000,665.00,1.23880000,2.7504000,,4812.00,0.760000,0.820000,0.2200,4.590000,-0.64686,
"K2-288 B b","K2-288 B",55.4442857,18.2684913,"Transit","K2",2018,1.90000000,4.27000000,31.39346300000,0.1640000000,,3.420000,226.36,0.15310000,2.1120000,89.81000,3341.00,0.320000,0.330000,-0.2100,4.960000,-1.93000,"M3 V"
"K2-289 b","K2-289",246.6429443,-15.7925384,"Transit","K2",2019,9.10000000,61.00000000,13.15696900000,0.1070000000,,0.445000,753.00,0.76190000,4.0320000,88.48000,5529.00,1.025000,0.953000,0.1620,4.393000,-0.50479,
"K2-290 c","K2-290",234.8578846,-20.1988975,"Transit","K2",2019,11.27625400,246.00042000,48.36685000000,0.3050000000,0.000000,1.010000,676.00,,8.1400000,89.37000,6302.00,1.511000,1.194000,-0.0600,4.230000,0.42035,
"K2-3 c","K2-3",172.3353708,-1.4551364,"Transit","K2",2015,1.58200000,2.68000000,24.64672900000,0.1357000000,0.048000,3.700000,371.80,0.08220000,3.4280000,89.84000,3844.00,0.546000,0.549000,-0.1570,4.704000,-1.23136,"M V"
"K2-30 b","K2-30",52.3420548,22.2993491,"Transit","K2",2016,11.64615100,184.02357000,4.09850300000,0.0483900000,0.000000,0.640000,1092.00,1.60300000,2.3208000,86.92000,5425.00,0.844000,0.900000,-0.1500,4.540000,-0.25649,"G6 V"
"K2-308 b","K2-308",78.3391194,16.4141986,"Transit","K2",2019,9.91600000,70.60000000,3.38628000000,,,0.398000,1213.76,0.62598518,3.0900000,88.44000,6100.00,1.240000,1.090000,-0.1000,3.940000,0.28300,
"K2-312 c","HD 80653",140.3390845,14.3678691,"Radial Velocity","Roque de los Muchachos Observatory",2023,12.80000000,1681.31227303,871.32000000000,1.8820000000,0.843500,4.410000,229.00,,,,5959.00,1.199000,1.150000,0.2550,4.342000,0.21165,"G0 V"
"K2-316 c","K2-316",233.6247336,-23.2594663,"Transit","K2",2020,1.83000000,4.01000000,5.26000000000,0.0582000000,,3.600000,423.00,0.24800000,,89.31000,3436.00,0.379000,0.408000,,4.891000,-1.82964,
"K2-319 b","K2-319",166.8010058,3.0399357,"Transit","K2",2020,2.79000000,8.20000000,26.68000000000,0.1516000000,,2.070000,641.00,0.08300000,,89.45000,5440.00,0.898000,0.954000,,4.512000,-0.23747,
"K2-323 b","K2-323",159.4209874,6.2858689,"Transit","K2",2020,2.10000000,5.06000000,24.93000000000,0.1275000000,,3.000000,318.00,0.26300000,,89.88000,3710.00,0.549000,0.478000,,4.630000,-1.33930,
"K2-325 b","K2-325",353.9169507,-7.6867213,"Transit","K2",2020,2.20000000,5.48000000,6.93000000000,0.0419000000,,2.830000,423.00,0.67200000,,89.37000,3287.00,0.298000,0.274000,,4.840000,-2.04801,
"K2-326 b","K2-326",351.6122620,1.3375909,"Transit","K2",2020,2.28000000,5.82000000,1.25600000000,0.0198000000,,2.700000,1114.00,0.09210000,,85.63000,3924.00,0.688000,0.507000,,4.462000,-0.97833,
"K2-338 b","K2-338",124.3609294,17.0241557,"Transit","K2",2021,1.03000000,1.08000000,3.85061400000,,,5.430000,783.00,0.03910000,1.7800000,,4558.00,0.630000,0.660000,-0.2300,4.650000,-0.83644,
"K2-340 b","K2-340",127.9373409,19.0745863,"Transit","K2",2021,3.36000000,11.20000000,29.74045100000,,,1.620000,606.00,0.08880000,5.2900000,,5532.00,1.130000,0.930000,0.0800,4.300000,-0.00232,
"K2-343 c","K2-343",134.2021746,21.5026882,"Transit","K2",2021,2.02000000,4.74000000,7.67697200000,,,3.160000,465.00,0.20740000,2.2000000,,3804.00,0.460000,0.490000,-0.1000,4.800000,-1.43852,
"K2-344 b","K2-344",136.3614923,21.6685886,"Transit","K2",2021,1.59000000,3.15000000,3.35585000000,,,4.310000,722.00,0.11010000,1.7600000,,4374.00,0.490000,0.510000,-0.9500,4.760000,-1.22508,
"K2-348 c","K2-348",130.8783479,24.4229559,"Transit","K2",2021,2.67000000,7.61000000,12.55017100000,,,2.200000,655.00,0.08580000,3.6800000,,5077.00,0.850000,0.830000,0.1300,4.500000,-0.38844,
"K2-35 c","K2-35",170.1031027,1.2858679,"Transit","K2",2016,1.93000000,4.38000000,5.60835200000,0.0550000000,0.120000,3.350000,766.00,0.09380000,1.7976000,88.58000,4402.71,0.619575,0.701968,0.0400,4.697000,-0.71881,"K4 V"
"K2-351 b","K2-351",206.6522408,-11.8049588,"Transit","K2",2021,2.54000000,6.99000000,7.80616400000,,,2.340000,934.00,0.06810000,2.7800000,,5769.00,1.050000,1.020000,0.0800,4.400000,0.02389,
"K2-356 b","K2-356",128.3219134,13.6613758,"Transit","K2",2021,2.29000000,5.86000000,21.02673660000,0.1599000000,,2.680000,624.00,,,,5568.00,0.860000,0.900000,-0.1100,4.520000,-0.24375,
"K2-365 b","K2-365",238.8197061,-21.0269691,"Transit","K2",2022,2.90600000,8.78000000,23.44817200000,,,1.970000,,0.07830000,5.7120000,89.00390,5561.00,1.051000,0.823000,-0.0210,4.313000,-0.01377,
"K2-368 d","K2-368",332.6357627,-11.1661157,"Transit","K2",2022,1.94800000,4.45000000,20.20108500000,,,3.310000,,0.09820000,3.5760000,,4663.00,0.663000,0.746000,-0.2500,4.667000,-0.69293,
"K2-37 c","K2-37",243.4509662,-24.7870527,"Transit","K2",2016,2.41000000,6.39000000,6.42966000000,0.0653400000,,2.510000,839.00,0.10270000,2.9016000,88.16330,5352.00,0.809000,0.840000,-0.0800,4.530000,-0.40798,"G3 V"
"K2-371 b","K2-371",128.0670932,11.6307099,"Transit","K2",2022,13.02400000,,3.11490500000,,,,956.83,2.84600000,2.3592000,,4925.00,0.736000,0.958000,-0.1070,4.683000,-0.51657,
"K2-376 b","K2-376",132.7193327,25.0380824,"Transit","K2",2022,1.73600000,3.66000000,5.77647500000,,,3.840000,,,2.1000000,,5937.00,1.149000,0.908000,-0.1760,4.275000,0.18908,"G1"
"K2-378 b","K2-378",205.1596569,-11.1172332,"Transit","K2",2022,2.88000000,8.65000000,2.06043800000,,,1.990000,,0.16970000,1.4904000,,4823.00,0.732000,0.923000,-0.2060,4.674000,-0.56665,
"K2-38 b","K2-38",240.0333095,-23.1894196,"Transit","K2",2016,1.54000000,7.30000000,4.01593000000,0.0499400000,0.197000,11.000000,1266.00,0.02607000,2.7400000,88.36000,5731.00,1.060000,1.030000,0.2600,4.380000,0.03743,"G2 V"
"K2-38 c","K2-38",240.0333095,-23.1894196,"Transit","K2",2016,2.29000000,8.30000000,10.56103000000,0.0951400000,0.161000,3.800000,916.00,0.04840000,2.3800000,87.68000,5731.00,1.060000,1.030000,0.2600,4.380000,0.03743,"G2 V"
"K2-384 b","K2-384",20.4998403,0.7509701,"Transit","K2",2022,1.07600000,1.26000000,2.23152700000,,,5.560000,,,,,3623.00,0.348000,0.330000,0.0680,4.874000,-1.86986,"M4 V"
"K2-386 b","K2-386",18.2999964,7.0130302,"Transit","K2",2022,2.32000000,5.99000000,7.47322300000,,,2.640000,,0.06610000,3.5568000,,5749.00,0.970000,0.911000,0.0740,4.424000,-0.01919,
"K2-39 b","K2-39",338.3682095,-9.0229405,"Transit","K2",2016,6.27704000,28.60470000,4.60543000000,0.0570800000,0.000000,0.930000,1670.00,0.03700000,8.1840000,80.39000,4881.00,2.970000,0.660000,0.3200,3.440000,0.67409,
"K2-392 b","K2-392",354.6499065,-7.4788816,"Transit","K2",2022,1.85000000,4.08000000,15.39872300000,,,3.540000,,,3.5000000,,5726.00,1.058000,0.841000,-0.2380,4.314000,0.04791,"G3"
"K2-395 c","K2-395",70.4438684,16.6743415,"Transit","K2",2022,3.39500000,11.40000000,8.49128200000,,,1.600000,,,2.3000000,,5007.00,0.783000,0.952000,-0.0330,4.628000,-0.41264,"K0"
"K2-396 c","K2-396",74.6928607,17.2690562,"Transit","K2",2022,3.12400000,9.93000000,25.76051000000,,,1.790000,,,,,5236.00,0.920000,0.954000,0.2370,4.488000,-0.23007,"G9"
"K2-401 b","K2-401",154.9876040,3.9548275,"Transit","K2",2022,2.26200000,5.74000000,6.29309900000,,,2.730000,,,1.9000000,,4213.00,0.675000,0.870000,-0.0980,4.719000,-0.83530,"K7"
"K2-407 b","K2-407",232.5552584,-23.0067371,"Transit","K2",2022,1.28300000,2.19000000,4.94190700000,,,5.700000,,,2.9000000,,5563.00,0.927000,0.881000,0.0140,4.450000,-0.12724,"G4"
"K2-408 b","K2-408",227.9168555,-17.6842698,"Transit","K2",2022,1.67700000,3.45000000,20.97895900000,,,4.020000,,,4.4000000,,5335.00,0.784000,0.813000,-0.1710,4.559000,-0.33037,"G7"
"K2-412 b","K2-412",76.2621295,21.5801620,"Transit","K2",2022,2.11600000,5.13000000,5.93820000000,0.0586000000,,2.980000,1100.64,,,89.99800,5590.00,0.977000,0.893000,0.0140,4.412000,-0.07054,
"K2-414 c","K2-414",351.6361913,-4.6066569,"Transit","K2",2022,1.92870000,4.38000000,6.66900000000,0.0552000000,,3.350000,762.62,,,89.99730,4343.00,0.732000,0.814000,-0.1020,4.621000,-0.70538,
"K2-44 b","K2-44",174.0116610,-2.5209338,"Transit","K2",2016,2.43300000,6.50000000,5.65700000000,0.0600000000,,2.480000,1211.00,0.03342000,4.2960000,87.99330,5912.00,1.580000,1.150000,0.0000,4.101000,0.42968,
"K2-50 b","K2-50",169.4836540,5.9882890,"Transit","K2",2016,1.59000000,3.15000000,8.75290000000,0.0705000000,,4.310000,580.53,0.13370000,2.6800000,,4326.00,0.546000,0.611000,-0.1132,4.742000,-0.87356,
"K2-58 d","K2-58",333.8218395,-14.0498570,"Transit","K2",2016,1.71000000,3.57000000,22.88270000000,0.1517000000,,3.920000,621.48,0.04250000,3.2000000,89.43128,5413.00,0.860000,0.890000,0.1100,4.522000,-0.39764,
"K2-59 b","K2-59",338.9425500,-14.0277270,"Transit","K2",2016,2.41000000,6.39000000,20.69210000000,0.1354000000,,2.510000,566.37,0.09860000,2.7600000,,5055.00,0.731000,0.774000,,4.592000,-0.66037,
"K2-60 b","K2-60",338.6062312,-13.7318044,"Transit","K2",2016,7.65574700,135.39558000,3.00265000000,0.0450000000,0.000000,1.700000,1400.00,0.47740000,3.0800000,88.49000,5500.00,1.120000,0.970000,0.0100,4.070000,0.28233,"G4 V"
"K2-61 b","K2-61",339.6748444,-13.5600447,"Transit","K2",2016,1.92000000,4.35000000,2.57336000000,0.0392000000,,3.380000,1325.00,0.03640000,2.3300000,85.99632,5748.00,0.995000,0.970000,0.0300,4.380000,-0.01524,
"K2-70 b","K2-70",338.4759328,-10.0849917,"Transit","K2",2016,2.89000000,8.70000000,13.97896000000,0.1112000000,,1.980000,783.99,0.10760000,3.5200000,89.14508,5622.00,0.930000,0.940000,0.0600,4.478000,-0.42935,
"K2-80 c","K2-80",59.0374860,13.5590288,"Transit","K2",2016,1.47000000,2.76000000,5.60500000000,0.0596000000,,4.770000,1002.42,0.03010000,2.6800000,87.91636,5441.00,0.870000,0.900000,0.0700,4.519000,-0.43238,
"K2-83 b","K2-83",59.9013782,15.5587994,"Transit","K2",2016,1.24400000,2.08000000,2.74697000000,0.0301400000,0.070000,5.940000,707.17,0.09200000,1.6640000,88.72000,3910.00,0.424000,0.484000,,4.863000,-1.20362,
"K2-86 b","K2-86",51.5531053,18.6355718,"Transit","K2",2016,1.96000000,4.50000000,8.77683000000,0.0770000000,,3.280000,830.49,0.08650000,2.7500000,88.56037,5482.00,0.760000,0.790000,-0.3500,4.579000,-0.38611,
"K2-87 b","K2-87",66.2363638,18.8273617,"Transit","K2",2016,7.60000000,44.90000000,9.72661800000,0.0940000000,,0.562000,979.00,0.26920000,4.5600000,87.74000,5747.00,1.401000,1.164000,0.3280,4.208000,-0.09769,
"K2-88 b","K2-88",54.7514566,19.1199667,"Transit","K2",2016,1.23000000,2.04000000,4.61220000000,0.0345000000,0.260000,6.020000,464.60,0.21940000,1.0390000,87.75000,3537.00,0.256000,0.258000,,5.022000,-1.54478,
"K2-89 b","K2-89",57.0671234,20.4594885,"Transit","K2",2016,0.61500000,0.17000000,1.09602600000,0.0146200000,0.150000,4.020000,830.07,0.03460000,0.8950000,85.77000,3691.00,0.318000,0.347000,,4.965000,-1.32653,
"K2-95 b","K2-95",129.3625717,18.9766197,"Transit","K2",2016,3.31000000,11.00000000,10.13464540000,0.0525000000,0.160000,1.670000,474.00,0.52760000,2.8560000,90.00000,3566.00,0.400000,0.410000,0.1000,4.850000,-1.63451,"M3.0"
"K2-97 b","K2-97",127.7628370,10.8475571,"Transit","K2",2016,13.45077684,174.48779544,8.40711500000,0.0854000000,0.207000,0.392000,1566.00,0.08910000,6.2712000,75.50000,4673.00,4.140000,1.170000,0.3280,3.276000,0.86688,
"KELT-15 b","KELT-15",117.4149764,-52.1204471,"Transit","KELT-South",2016,19.50366000,416.35730000,3.32944000000,0.0461300000,0.000000,0.360000,1642.00,1.00000000,4.0123108,88.30000,6003.00,1.780000,2.060000,0.0500,4.170000,0.41162,
"KELT-16 b","KELT-16",314.2685227,31.6610186,"Transit","KELT",2017,15.86073500,874.03250000,0.96899510000,0.0204400000,0.000000,1.200000,2453.00,1.14600000,2.4888000,84.40000,6236.00,1.360000,1.211000,-0.0020,4.253000,0.40140,"F7 V"
"KELT-24 b","KELT-24",161.9090273,71.6557270,"Transit","KELT-North",2019,12.71098411,1458.83238813,5.55149296000,0.0665000000,0.031900,3.900000,1391.00,0.75730000,4.3032000,89.67000,6426.00,1.338000,1.268000,0.1380,4.287000,0.43933,"F7"
"KIC 10001893 b","KIC 10001893",287.3892308,46.9844491,"Orbital Brightness Modulation","Kepler",2014,,,0.21970000000,,,,,,,,27500.00,0.180000,0.470000,-0.0930,5.350000,1.43069,
"KIC 10068024 b","KIC 10068024",288.8470423,47.0228607,"Orbital Brightness Modulation","Kepler",2021,13.40000000,635.65681400,2.07354900000,,,1.450000,,,,,6118.40,1.574000,1.220000,0.0100,4.092000,0.49600,
"KIC 10525077 b","KIC 10525077",287.3781164,47.7711541,"Transit","Kepler",2015,5.50000000,25.90000000,854.08300000000,,,0.855000,,0.25000000,,89.86100,6091.00,1.010000,1.010000,-0.0400,4.420000,0.12899,
"KIC 5437945 b","KIC 5437945",288.4749028,40.6512848,"Transit","Kepler",2015,6.40000000,33.60000000,440.78130000000,1.1967100000,0.000000,0.704000,308.00,0.22090000,21.2680000,89.90400,6340.00,1.240000,1.070000,-0.3800,4.160000,0.64137,
"KIC 8540376 c","KOI-7892",282.3775397,44.6945690,"Transit","Kepler",2015,2.40000000,6.35000000,75.20000000000,,,2.520000,,0.03240000,,89.70100,6474.00,1.260000,1.040000,-0.1600,4.310000,0.29870,
"KMT-2016-BLG-0212L b","KMT-2016-BLG-0212L",268.4392500,-29.0868889,"Microlensing","KMTNet",2018,12.20000000,5700.00000000,,2.2000000000,,17.200000,,,,,,,0.480000,,,,
"KMT-2016-BLG-1337L b","KMT-2016-BLG-1337L",269.1300417,-33.0341889,"Microlensing","KMTNet",2026,11.40000000,88.99195396,,3.9700000000,,0.330000,,,,,,,0.540000,,,,"M"
"KMT-2016-BLG-2142L b","KMT-2016-BLG-2142L",268.1120000,-29.3845615,"Microlensing","KMTNet",2018,12.20000000,4923.00000000,,0.8300000000,,14.900000,,,,,,,0.073000,,,,
"KMT-2017-BLG-0165L b","KMT-2017-BLG-0165L",269.6496667,-28.1336694,"Microlensing","KMTNet",2018,6.45000000,34.00000000,,3.4500000000,,0.696000,,,,,,,0.760000,,,,
"KMT-2017-BLG-2197L b","KMT-2017-BLG-2197L",262.6113333,-30.1593111,"Microlensing","KMTNet",2025,12.50000000,2809.60311788,,15.9100000000,,7.900000,,,,,,,0.360000,,,,
"KMT-2018-BLG-1988L b","KMT-2018-BLG-1988L",265.2825417,-35.5947000,"Microlensing","KMTNet",2022,2.22000000,5.56000000,,3.0900000000,,2.790000,,,,,,,0.470000,,,,
"KMT-2019-BLG-0371L b","KMT-2019-BLG-0371L",268.3839167,-31.5550222,"Microlensing","KMTNet",2021,12.60000000,2447.27873390,,0.7900000000,,6.720000,,,,,,,0.090000,,,,
"KMT-2019-BLG-0842L b","KMT-2019-BLG-0842L",268.4584580,-29.8774389,"Microlensing","KMTNet",2020,3.19000000,10.28000000,,3.3100000000,,1.740000,,,,,,,0.760000,,,,
"KMT-2019-BLG-1367L b","KMT-2019-BLG-1367L",272.4713333,-29.7622111,"Microlensing","KMTNet",2023,1.85000000,4.08000000,,1.7000000000,,3.540000,,,,,,,0.250000,,,,
"KMT-2020-BLG-0202L b","KMT-2020-BLG-0202L",267.0404583,-24.4744500,"Microlensing","KMTNet",2026,12.40000000,3902.93283796,,4.1700000000,,11.200000,,,,,,,0.810000,,,,
"KMT-2021-BLG-0119L b","KMT-2021-BLG-0119L",274.0005417,-29.7438889,"Microlensing","KMTNet",2022,12.80000000,1754.41280664,,2.9200000000,,4.600000,,,,,,,0.560000,,,,
"KMT-2021-BLG-0322L b","KMT-2021-BLG-0322L",270.9116667,-29.6043889,"Microlensing","KMTNet",2021,12.70000000,2034.10180480,,,,5.460000,,,,,,,0.620000,,,,
"KMT-2021-BLG-0748L b","KMT-2021-BLG-0748L",272.4213333,-25.7465806,"Microlensing","KMTNet",2022,14.30000000,143.02278315,,2.4300000000,,0.269000,,,,,,,0.360000,,,,
"KMT-2021-BLG-0852L b","KMT-2021-BLG-0852L",265.8311667,-33.8918389,"Microlensing","KMTNet",2026,14.20000000,155.73591943,,7.7800000000,,0.299000,,,,,,,0.750000,,,,
"KMT-2021-BLG-0912L b","KMT-2021-BLG-0912L",269.8211667,-31.9976389,"Microlensing","KMTNet",2022,1.49000000,2.81000000,,3.1400000000,,4.670000,,,,,,,0.800000,,,,"K"
"KMT-2021-BLG-1077L b","KMT-2021-BLG-1077L",266.4891250,-33.8428111,"Microlensing","KMTNet",2022,9.86000000,69.92224954,,1.2600000000,,0.401000,,,,,,,0.140000,,,,"M V"
"KMT-2021-BLG-1547L b","KMT-2021-BLG-1547L",272.3995833,-29.0839389,"Microlensing","KMTNet",2023,13.60000000,467.20775829,,4.5000000000,,1.020000,,,,,,,0.720000,,,,
"KMT-2022-BLG-0303L b","KMT-2022-BLG-0303L",268.0331250,-22.6890806,"Microlensing","KMTNet",2024,14.20000000,163.04597279,,4.8100000000,,0.313000,,,,,,,0.368000,,,,
"KMT-2022-BLG-1818L b","KMT-2022-BLG-1818L",270.7986250,-27.4811111,"Microlensing","KMTNet",2026,13.00000000,1271.31362800,,2.6000000000,,3.180000,,,,,,,0.790000,,,,
"KMT-2023-BLG-0416L b","KMT-2023-BLG-0416L",266.3240417,-25.0794889,"Microlensing","KMTNet",2024,3.67000000,13.03096469,,2.9600000000,,1.450000,,,,,,,0.630000,,,,
"KMT-2023-BLG-0735L b","KMT-2023-BLG-0735L",267.5759583,-29.2029194,"Microlensing","KMTNet",2024,6.97000000,38.77506565,,2.9600000000,,0.629000,,,,,,,0.610000,,,,
"KMT-2023-BLG-2209L b","KMT-2023-BLG-2209L",268.9942083,-29.3056694,"Microlensing","KMTNet",2025,13.90000000,254.26272560,,3.5100000000,,0.520000,,,,,,,0.730000,,,,
"KMT-2024-BLG-0404L c","KMT-2024-BLG-0404L",271.1470833,-27.9535000,"Microlensing","KMTNet",2025,4.33000000,17.30000000,,,,1.170000,,,,,,,0.090000,,,,"M"
"KOI-12 b","KOI-12",297.4537402,41.0110188,"Transit","Kepler",2015,13.78707000,349.61300000,17.85518200000,0.1540000000,0.340000,0.733000,911.00,0.90652000,7.4293900,88.95000,6635.00,1.400000,1.500000,0.0815,4.308000,0.62645,
"KOI-13 b","KOI-13",286.9713876,46.8682463,"Transit","Kepler",2011,16.94800800,2949.46240000,1.76358800000,0.0364100000,0.000640,3.600000,2550.00,0.45906000,3.1687700,86.77000,7650.00,1.740000,1.720000,0.2000,4.200000,0.97100,
"KOI-134 b","KOI-134",295.5865980,45.3649371,"Transit","Kepler",2025,12.03844527,346.43296363,67.12770000000,0.3630000000,0.160000,1.090000,659.00,0.52759000,11.3000000,89.58000,6160.00,1.667000,1.407000,0.4270,4.110000,0.62325,"F9V"
"KOI-142 b","KOI-142",291.1481028,40.6694130,"Transit","Kepler",2013,3.43800000,9.50000000,10.91647000000,0.0958600000,0.055610,1.290000,758.00,0.14790000,3.6496000,90.97000,5466.00,0.897000,0.990000,0.2700,4.528000,-0.16507,"G6 V"
"KOI-1783.01","KOI-1783",289.3414629,46.9881550,"Transit","Kepler",2020,8.86000000,71.00000000,134.46280000000,0.5266100000,0.000000,0.560000,412.00,0.50440000,5.8740000,89.44130,5922.00,1.143000,1.076000,0.1100,4.300000,0.21302,
"KOI-1831 d","Kepler-324",286.4714473,49.6490933,"Transit","Kepler",2018,1.13000000,2.23000000,34.16900000000,0.1992400000,0.000000,9.950000,475.00,0.02038000,4.4870000,89.62000,5233.00,0.835000,0.901000,0.1800,4.540000,-0.30825,
"KOI-351 b","KOI-351",284.4334642,49.3051239,"Transit","Kepler",2013,1.31000000,2.27000000,7.00815100000,0.0740000000,0.000000,5.550000,1062.00,0.01164000,3.9900000,89.40000,6080.00,1.200000,1.200000,-0.1200,4.400000,0.26853,
"KOI-351 c","KOI-351",284.4334642,49.3051239,"Transit","Kepler",2013,1.19000000,1.81000000,8.71937500000,0.0890000000,0.000000,5.900000,987.00,0.01604000,4.4100000,89.68000,6080.00,1.200000,1.200000,-0.1200,4.400000,0.26853,
"KOI-4777.01","KOI-4777",287.2621474,42.0322257,"Transit","Kepler",2022,0.51000000,99.20000000,0.41200000000,0.0080000000,0.000000,,1180.00,0.01831000,0.7300000,87.00000,3515.00,0.400000,0.410000,0.1000,4.770000,-1.64043,
"KOINTREAU-1 b","XEST 17-036",68.3592880,22.7580560,"Imaging","W. M. Keck Observatory",2026,12.40000000,3368.98111420,,690.0000000000,,9.710000,,,,,3551.00,,0.260000,-0.1500,3.440000,,"M4"
"Kepler-100 e","Kepler-100",291.3861294,41.9901394,"Radial Velocity","W. M. Keck Observatory",2023,5.27000000,24.14271827,60.88858800000,0.3123915860,0.026437,0.906000,621.73,,,,5884.00,1.500000,1.097000,0.1000,4.120000,0.39445,
"Kepler-1001 b","Kepler-1001",286.2739151,48.6186972,"Transit","Kepler",2016,3.15000000,10.10000000,14.30511983000,0.1114700000,0.000000,1.780000,693.00,0.08634000,4.4490000,85.25000,5491.00,0.880000,0.900000,-0.0300,4.520000,-0.27856,
"Kepler-101 c","Kepler-101",283.2555070,48.3552474,"Transit","Kepler",2014,1.25000000,3.78000000,6.02976000000,0.0684000000,0.000000,10.500000,1413.00,0.00546000,3.8700000,84.60000,5667.00,1.560000,1.170000,0.3300,4.120000,0.42034,"G3 IV"
"Kepler-1016 b","Kepler-1016",294.6136890,45.9846265,"Transit","Kepler",2016,2.18000000,5.39000000,1.95452434200,0.0304400000,0.000000,2.860000,1540.00,0.03928000,2.0960000,82.98000,5821.00,1.000000,0.990000,-0.0300,4.440000,0.12363,
"Kepler-1021 b","Kepler-1021",295.2048999,42.5596699,"Transit","Kepler",2016,2.33000000,6.04000000,13.47469571000,0.1034000000,0.000000,2.620000,634.00,0.07817000,2.6174000,89.96000,5431.00,0.860000,0.890000,-0.0500,4.530000,-0.28836,
"Kepler-1022 b","Kepler-1022",289.3520595,46.9736345,"Transit","Kepler",2016,2.36000000,6.17000000,10.99469878000,0.0805000000,0.000000,2.580000,512.00,0.08847000,1.6434000,89.71000,4445.00,0.680000,0.710000,0.0600,4.640000,-0.85831,
"Kepler-1023 b","Kepler-1023",289.0297232,49.7697034,"Transit","Kepler",2016,2.63000000,7.41000000,62.13877140000,0.3028400000,0.000000,2.240000,524.00,0.08863000,4.1578000,89.52000,5494.00,0.890000,0.930000,0.0500,4.510000,-0.19260,
"Kepler-1025 b","Kepler-1025",284.5102140,43.9615628,"Transit","Kepler",2016,1.98000000,4.58000000,37.32294930000,0.2160700000,0.000000,3.240000,1654.00,0.03069000,7.0207000,88.92000,6089.00,1.130000,1.090000,-0.0300,4.370000,0.28708,
"Kepler-1030 b","Kepler-1030",293.6819098,45.8175241,"Transit","Kepler",2016,2.48000000,6.71000000,19.32952416000,0.1338000000,0.000000,2.420000,529.00,0.10401000,3.7701000,89.99000,4983.00,0.760000,0.800000,-0.0100,4.590000,-0.55288,
"Kepler-1031 b","Kepler-1031",296.0898796,48.9554121,"Transit","Kepler",2016,0.87000000,0.59000000,1.22621732000,0.0218000000,0.000000,4.920000,2024.00,0.00561000,2.1486000,89.93000,6011.00,1.120000,1.090000,0.0300,4.380000,0.17000,
"Kepler-1036 b","Kepler-1036",295.1817093,49.9458172,"Transit","Kepler",2016,3.01000000,9.32000000,122.88080580000,0.4772600000,0.000000,1.880000,326.00,0.07177000,8.2810000,89.24000,5533.00,0.890000,0.950000,0.0400,4.520000,-0.20151,
"Kepler-1037 b","Kepler-1037",296.3410342,47.1709335,"Transit","Kepler",2016,1.28000000,2.18000000,1.06378867300,0.0198000000,0.000000,5.710000,1650.00,0.02658000,1.0764000,86.11000,5105.00,0.780000,0.820000,-0.0300,4.570000,-0.44752,
"Kepler-1038 c","Kepler-1038",298.9721472,44.1323499,"Transit","Kepler",2021,1.41623380,2.59000000,7.12765979800,0.0692000000,0.000000,5.010000,784.00,0.02292000,2.4910000,89.67000,5159.00,0.821000,0.868000,0.1600,4.548000,-0.36200,
"Kepler-104 b","Kepler-104",287.6046621,42.1665104,"Transit","Kepler",2014,3.10000000,19.60000000,11.42754800000,0.0940000000,0.000000,4.064848,852.00,0.05009000,4.5650000,87.76000,5711.00,1.349000,0.818000,-0.4200,4.105000,0.08926,
"Kepler-104 c","Kepler-104",287.6046621,42.1665104,"Transit","Kepler",2014,3.13000000,7.14430805,23.66820500000,0.1530000000,0.000000,2.994855,668.00,0.04494000,5.8720000,87.95000,5711.00,1.349000,0.818000,-0.4200,4.105000,0.08926,
"Kepler-1041 b","Kepler-1041",293.8817361,49.6831419,"Transit","Kepler",2016,2.94000000,8.96000000,24.75764210000,0.1688000000,0.000000,1.940000,644.00,0.04587000,7.3610000,86.17000,5957.00,1.080000,1.060000,0.0100,4.400000,0.48914,
"Kepler-1058 b","Kepler-1058",294.5956256,45.8750556,"Transit","Kepler",2016,2.72000000,7.85000000,110.96546000000,0.3679000000,0.000000,2.140000,239.00,0.12832000,12.8410000,89.14000,4644.00,0.690000,0.730000,-0.0600,4.630000,-0.31631,
"Kepler-1059 b","Kepler-1059",289.2202147,41.7064385,"Transit","Kepler",2016,1.73000000,3.64000000,3.76419104800,0.0440000000,0.000000,3.860000,908.00,0.05987000,2.0596000,88.83000,4906.00,0.720000,0.750000,-0.1500,4.610000,-0.52036,
"Kepler-106 d","Kepler-106",300.8640060,44.3375497,"Transit","Kepler",2014,0.95000000,8.10000000,23.98020000000,0.1606300000,0.000000,,649.00,0.01040000,5.3510000,85.45000,5858.00,1.040000,1.000000,-0.1200,4.407000,0.08255,
"Kepler-106 e","Kepler-106",300.8640060,44.3375497,"Transit","Kepler",2014,2.56000000,11.17000000,43.84450000000,0.2400600000,0.000000,3.100000,531.00,0.06152000,6.4175000,88.27000,5858.00,1.040000,1.000000,-0.1200,4.407000,0.08255,
"Kepler-1060 b","Kepler-1060",286.0252285,39.6309204,"Transit","Kepler",2016,2.38000000,6.26000000,46.87793670000,0.2495000000,0.000000,2.550000,484.00,0.05398000,9.6350000,87.75000,5797.00,0.990000,0.990000,-0.0300,4.440000,0.07184,
"Kepler-1063 b","Kepler-1063",290.5267975,38.1428283,"Transit","Kepler",2016,1.49000000,2.83000000,14.07971466000,0.1176000000,0.000000,4.700000,931.00,0.01695000,1.3354000,89.53000,5945.00,1.140000,1.090000,0.0900,4.370000,0.16600,
"Kepler-107 b","Kepler-107",297.0281620,48.2086019,"Transit","Kepler",2014,1.53600000,3.80000000,3.18002180000,0.0454400000,0.100000,5.800000,1592.00,0.01219000,3.6330000,89.05000,5854.00,1.447000,1.238000,0.3210,4.210000,0.36449,
"Kepler-107 c","Kepler-107",297.0281620,48.2086019,"Transit","Kepler",2014,1.59700000,10.00000000,4.90145200000,0.0606400000,0.080000,13.500000,1378.00,0.01396000,4.2690000,89.49000,5854.00,1.447000,1.238000,0.3210,4.210000,0.36449,
"Kepler-1074 b","Kepler-1074",284.4766869,46.2526781,"Transit","Kepler",2016,1.25000000,2.10000000,5.94566534000,0.0536000000,0.000000,5.910000,568.00,0.04012000,2.1737000,89.37000,4002.00,0.570000,0.600000,-0.0600,4.700000,-1.12071,
"Kepler-1077 b","Kepler-1077",291.0336333,42.2678448,"Transit","Kepler",2016,2.77000000,8.10000000,34.35118740000,0.2101000000,0.000000,2.090000,576.00,0.05994000,4.2220000,88.39000,5816.00,1.020000,1.020000,0.0300,4.430000,0.00638,
"Kepler-1083 b","Kepler-1083",283.1618831,45.1983360,"Transit","Kepler",2016,3.36000000,11.20000000,33.41779930000,0.1899000000,0.000000,1.620000,448.00,0.11668000,4.5490000,88.08000,5049.00,0.770000,0.810000,-0.0200,4.580000,-0.47303,
"Kepler-1086 b","Kepler-1086",295.2511870,45.8429537,"Transit","Kepler",2016,2.44000000,6.53000000,18.78425728000,0.1198000000,0.000000,2.470000,433.00,0.11529000,3.2339000,88.97000,4350.00,0.660000,0.700000,0.0600,4.650000,-0.85997,
"Kepler-1087 b","Kepler-1087",294.9789253,46.0056741,"Transit","Kepler",2016,0.61000000,0.16500000,0.69384285500,0.0155400000,0.000000,3.990000,2161.00,0.00493000,1.5236000,86.59000,5589.00,0.940000,0.960000,0.0100,4.480000,-0.09746,
"Kepler-109 c","Kepler-109",290.3926795,40.2849074,"Transit","Kepler",2014,2.65000000,8.20000000,21.22265000000,0.1546000000,0.098000,2.400000,859.00,0.03599000,6.4913000,89.63000,5950.00,1.387000,1.094000,-0.0200,4.210000,0.34654,
"Kepler-1091 b","Kepler-1091",299.7854426,43.6707235,"Transit","Kepler",2016,1.46000000,2.73000000,1.43474156400,0.0252000000,0.000000,4.820000,1664.00,0.02007000,1.8811000,88.96000,5851.00,1.030000,1.010000,0.0000,4.420000,0.07961,
"Kepler-110 c","Kepler-110",292.9291693,48.6028303,"Transit","Kepler",2014,2.21000000,5.52000000,31.71977500000,0.1980000000,0.000000,2.810000,743.00,0.03634000,4.8230000,89.86000,5960.00,1.149000,0.989000,-0.1498,4.327000,0.27598,
"Kepler-1102 b","Kepler-1102",281.3225917,48.0664955,"Transit","Kepler",2016,2.66000000,7.56000000,51.32856230000,0.2731000000,0.000000,2.210000,546.00,0.06923000,9.4390000,89.06000,5724.00,0.940000,0.960000,-0.0800,4.480000,0.13927,
"Kepler-1106 b","Kepler-1106",291.1451576,44.0624715,"Transit","Kepler",2016,1.65000000,3.36000000,1.25275217400,0.0239000000,0.000000,4.110000,2199.00,0.02000000,2.0755000,84.54000,6104.00,1.170000,1.110000,0.0000,4.350000,0.15896,
"Kepler-1108 b","Kepler-1108",296.0422962,45.9851400,"Transit","Kepler",2016,1.46000000,2.73000000,4.51005748000,0.0511000000,0.000000,4.820000,1063.00,0.03037000,2.1605000,89.59000,5406.00,0.840000,0.880000,-0.0900,4.540000,-0.25795,
"Kepler-1115 b","Kepler-1115",294.9917723,40.1443964,"Transit","Kepler",2016,1.70000000,3.53000000,23.55407250000,0.2134000000,0.000000,3.950000,1381.00,0.00856000,7.1590000,88.34000,8480.00,1.730000,1.600000,-0.5100,4.170000,1.25385,
"Kepler-112 b","Kepler-112",296.9811361,43.2097025,"Transit","Kepler",2014,2.36000000,6.17000000,8.40887800000,0.0760000000,0.000000,2.580000,809.00,0.07989000,3.4850000,89.95000,5544.00,0.841000,0.782000,-0.5221,4.506000,-0.08612,
"Kepler-112 c","Kepler-112",296.9811361,43.2097025,"Transit","Kepler",2014,2.40000000,6.35000000,28.57426300000,0.1720000000,0.000000,2.520000,538.00,0.08249000,4.9630000,89.91000,5544.00,0.841000,0.782000,-0.5221,4.506000,-0.08612,
"Kepler-1121 b","Kepler-1121",297.7865467,47.8861542,"Transit","Kepler",2016,1.91000000,4.31000000,13.15141081000,0.1181800000,0.000000,3.400000,1008.00,0.00945000,5.6035000,84.73000,6231.00,1.590000,1.290000,0.1200,4.140000,0.47495,
"Kepler-1124 b","Kepler-1124",286.5942529,37.8912836,"Transit","Kepler",2016,1.28000000,2.18000000,2.85234897500,0.0305000000,0.000000,5.710000,621.00,0.14029000,0.7060000,89.45000,3658.00,0.340000,0.350000,-0.5900,4.930000,-1.32347,
"Kepler-1125 b","Kepler-1125",295.4812018,40.7319316,"Transit","Kepler",2016,1.84000000,4.04000000,17.67006420000,0.1348000000,0.000000,3.560000,778.00,0.03484000,5.7720000,83.69000,5683.00,0.940000,0.950000,-0.0900,4.470000,0.64744,
"Kepler-1126 b","Kepler-1126",285.6919550,45.6893993,"Transit","Kepler",2016,1.73000000,3.64000000,108.59332900000,0.4125100000,0.000000,3.860000,374.00,0.03496000,7.9880000,90.00000,5798.00,0.930000,0.920000,-0.2600,4.460000,-0.09926,
"Kepler-1127 b","Kepler-1127",293.2173563,42.7205846,"Transit","Kepler",2016,1.96000000,4.50000000,5.12330347000,0.0556000000,0.000000,3.280000,994.00,0.02862000,2.9984000,88.72000,5664.00,0.950000,0.970000,0.0400,4.470000,-0.25911,
"Kepler-1129 b","Kepler-1129",291.6044965,41.3093275,"Transit","Kepler",2016,2.96000000,9.06000000,24.33978040000,0.1648100000,0.000000,1.920000,737.00,0.07773000,3.2920000,87.53000,5831.00,1.000000,1.000000,-0.0400,4.440000,-0.02740,
"Kepler-113 b","Kepler-113",287.9978721,50.9441847,"Transit","Kepler",2014,1.82000000,11.70000000,4.75400000000,0.0512300000,0.000000,10.730000,775.00,0.07487000,2.5037000,86.54000,4725.00,0.690000,0.750000,0.0500,4.636000,-0.57598,
"Kepler-1130 b","Kepler-1130",285.2074210,45.3843330,"Transit","Kepler",2016,0.80000000,0.43700000,5.45298175000,0.0596300000,0.000000,4.690000,904.00,0.00941000,2.1051000,84.83000,5403.00,0.810000,0.900000,-0.0600,4.570000,-0.25964,
"Kepler-1132 b","Kepler-1132",286.3675188,48.4238906,"Transit","Kepler",2016,2.35000000,6.12000000,62.89162280000,0.2881000000,0.000000,2.590000,384.00,0.07910000,6.8670000,89.36000,5298.00,0.830000,0.870000,-0.0100,4.550000,-0.37811,
"Kepler-1133 b","Kepler-1133",293.3224114,42.8674925,"Transit","Kepler",2016,1.97000000,4.54000000,11.55562343000,0.0983000000,0.000000,3.260000,703.00,0.04415000,1.6536000,88.21000,5569.00,0.900000,0.930000,-0.0200,4.500000,-0.20972,
"Kepler-1143 b","Kepler-1143",287.3027720,39.2896399,"Transit","Kepler",2016,1.67000000,3.43000000,2.88890484900,0.0371000000,0.000000,4.050000,976.00,0.04022000,1.5538000,85.23000,5053.00,0.770000,0.810000,-0.0600,4.580000,-0.62275,
"Kepler-1143 c","Kepler-1143",287.3027720,39.2896399,"Transit","Kepler",2016,3.60000000,12.60000000,210.63059100000,0.6477000000,0.000000,1.480000,234.00,0.16578000,8.6750000,89.76000,5053.00,0.770000,0.810000,-0.0600,4.580000,-0.62275,
"Kepler-1152 b","Kepler-1152",290.4341483,44.1077802,"Transit","Kepler",2016,0.87000000,0.59000000,1.64680190800,0.0223000000,0.000000,4.920000,806.00,0.03054000,1.2561000,89.30000,3964.00,0.530000,0.550000,-0.2500,4.730000,-1.09668,
"Kepler-1154 b","Kepler-1154",297.4771158,39.8772345,"Transit","Kepler",2016,2.34000000,6.08000000,5.18561420000,0.0631000000,0.000000,2.610000,1314.00,0.02526000,4.0760000,89.93000,6327.00,1.430000,1.260000,0.0400,4.230000,0.45174,
"Kepler-1154 c","Kepler-1154",297.4771158,39.8772345,"Transit","Kepler",2016,2.36000000,6.17000000,8.45808312000,0.0875000000,0.000000,2.580000,1117.00,0.02587000,3.0680000,87.50000,6327.00,1.430000,1.260000,0.0400,4.230000,0.45174,
"Kepler-1156 b","Kepler-1156",288.9240901,46.0575865,"Transit","Kepler",2016,1.32000000,2.30000000,11.89520511000,0.0970400000,0.000000,5.500000,787.00,0.01843000,3.5000000,89.86000,5778.00,1.000000,1.000000,0.0200,4.440000,-0.06802,
"Kepler-1159 b","Kepler-1159",294.2663250,45.2042317,"Transit","Kepler",2016,2.37000000,6.21000000,22.70816791000,0.1603000000,0.000000,2.560000,677.00,0.02988000,3.6330000,89.96000,6217.00,1.280000,1.190000,0.0400,4.300000,0.29847,
"Kepler-1166 b","Kepler-1166",290.3484956,50.9028387,"Transit","Kepler",2016,1.69000000,3.50000000,33.24068820000,0.1975000000,0.000000,3.980000,486.00,0.03419000,4.9820000,89.75000,5446.00,0.860000,0.900000,-0.0200,4.530000,-0.25594,
"Kepler-117 c","Kepler-117",288.7930651,48.0401760,"Transit","Kepler",2014,12.34100000,584.78000000,50.79039100000,0.2804000000,0.032300,1.740000,704.00,0.56711000,10.8830000,89.64000,6150.00,1.606000,1.129000,-0.0400,4.102000,0.53776,"F8 V"
"Kepler-1173 b","Kepler-1173",293.1311803,45.6634153,"Transit","Kepler",2016,0.89000000,0.64000000,0.76985360000,0.0156000000,0.000000,4.990000,1650.00,0.01096000,1.0276000,80.42000,5252.00,0.820000,0.860000,0.0000,4.550000,-0.43521,
"Kepler-1176 b","Kepler-1176",297.9197240,45.2742038,"Transit","Kepler",2016,2.45000000,6.57000000,24.17385790000,0.1589000000,0.000000,2.450000,595.00,0.05326000,3.0570000,89.76000,5844.00,1.020000,1.010000,-0.0100,4.420000,-0.11691,
"Kepler-1178 b","Kepler-1178",288.4561183,45.8022258,"Transit","Kepler",2016,1.07000000,1.24000000,31.80634000000,0.1596000000,0.000000,5.560000,378.00,0.01417000,3.7940000,89.50000,4990.00,0.750000,0.800000,-0.0500,4.590000,-0.27723,
"Kepler-1179 b","Kepler-1179",284.0974305,47.8104856,"Transit","Kepler",2016,1.32000000,2.30000000,2.68505749200,0.0349700000,0.000000,5.500000,1137.00,0.02680000,1.0229000,86.69000,5212.00,0.810000,0.840000,-0.0300,4.560000,-0.44424,
"Kepler-1182 b","Kepler-1182",296.3079895,43.8213706,"Transit","Kepler",2016,2.41000000,6.39000000,11.17394617000,0.0981000000,0.000000,2.510000,796.00,0.03248000,3.4210000,89.94000,5924.00,1.050000,1.040000,0.0100,4.410000,0.25605,
"Kepler-1188 b","Kepler-1188",283.1038438,43.1480487,"Transit","Kepler",2016,2.08000000,4.98000000,17.13695430000,0.1350000000,0.000000,3.040000,775.00,0.03621000,6.3660000,89.92000,5913.00,1.060000,1.040000,0.0000,4.400000,0.39786,
"Kepler-1191 b","Kepler-1191",291.6577923,48.0092619,"Transit","Kepler",2016,1.51000000,2.89000000,5.60014851000,0.0587000000,0.000000,4.610000,952.00,0.03292000,2.8018000,89.84000,5308.00,0.810000,0.850000,-0.0800,4.560000,-0.22611,
"Kepler-1193 b","Kepler-1193",288.1447323,51.2756446,"Transit","Kepler",2016,1.32000000,2.30000000,2.83265213400,0.0400400000,0.000000,5.500000,1453.00,0.01147000,2.3844000,87.57000,5908.00,1.210000,1.080000,0.1200,4.310000,0.35069,
"Kepler-1195 b","Kepler-1195",284.3510523,40.8529319,"Transit","Kepler",2016,2.08000000,4.98000000,8.49642241000,0.0726000000,0.000000,3.040000,702.00,0.08340000,2.2373000,88.49000,4965.00,0.710000,0.740000,-0.2500,4.610000,-0.44607,
"Kepler-1200 b","Kepler-1200",296.6034317,44.1292537,"Transit","Kepler",2016,1.06000000,1.20000000,1.11854971700,0.0188000000,0.000000,5.540000,1174.00,0.02348000,1.5425000,87.68000,4612.00,0.700000,0.740000,0.0400,4.630000,-0.68923,
"Kepler-1201 b","Kepler-1201",294.6147908,40.8331158,"Transit","Kepler",2016,2.29000000,5.86000000,15.18725932000,0.1183000000,0.000000,2.680000,789.00,0.02925000,4.5080000,86.77000,6177.00,1.240000,1.150000,0.0300,4.320000,0.04424,
"Kepler-1204 b","Kepler-1204",289.4415238,42.4981476,"Transit","Kepler",2016,3.05000000,9.53000000,85.73502850000,0.3877000000,0.000000,1.850000,448.00,0.08433000,7.4570000,89.98000,5825.00,1.030000,1.030000,0.0600,4.420000,-0.05771,
"Kepler-1206 b","Kepler-1206",295.9383737,49.7911337,"Transit","Kepler",2016,1.64000000,3.33000000,1.21699766300,0.0201000000,0.000000,4.150000,1314.00,0.04598000,1.3101000,89.77000,4877.00,0.750000,0.800000,0.0700,4.600000,-0.61957,
"Kepler-1209 b","Kepler-1209",287.5849352,49.1547328,"Transit","Kepler",2016,1.51000000,2.89000000,25.36911600000,0.1751500000,0.000000,4.610000,755.00,0.01138000,4.6340000,87.87000,6210.00,1.380000,1.230000,0.1200,4.240000,0.34256,
"Kepler-121 b","Kepler-121",286.1621273,39.6780204,"Transit","Kepler",2014,2.34000000,6.08000000,3.17742200000,0.0390000000,0.000000,2.610000,997.00,0.11343000,1.4750000,85.79000,5311.00,0.701000,0.859000,-0.0800,4.646000,-0.47396,
"Kepler-122 d","Kepler-122",291.1118647,39.9490248,"Transit","Kepler",2014,2.20000000,5.48000000,21.58747500000,0.1550000000,0.000000,2.830000,747.00,0.03368000,4.6830000,89.99000,6050.00,1.216000,0.982000,-0.0800,4.299000,0.26993,
"Kepler-122 f","Kepler-122",291.1118647,39.9490248,"Transit Timing Variations","Kepler",2014,1.75000000,36.00000000,56.26800000000,0.2857500000,0.000000,36.900000,543.00,0.03488000,8.1140000,89.97000,5917.00,0.949000,1.030000,-0.0800,4.350000,0.26993,
"Kepler-123 b","Kepler-123",296.9985853,42.7819633,"Transit","Kepler",2014,2.94000000,55.30000000,17.23236600000,0.1350000000,0.000000,12.000000,817.00,0.05098000,4.5660000,89.17000,6089.00,1.264000,1.079000,-0.0800,4.277000,0.40952,
"Kepler-1231 b","Kepler-1231",288.5882888,42.6056644,"Transit","Kepler",2016,1.42000000,2.60000000,10.41725184000,0.0914000000,0.000000,4.990000,870.00,0.02104000,4.1870000,89.65000,5778.00,1.000000,1.010000,0.0600,4.440000,0.02302,
"Kepler-1232 b","Kepler-1232",296.5500966,49.1023070,"Transit","Kepler",2016,1.93000000,4.38000000,26.78391830000,0.1654500000,0.000000,3.350000,523.00,0.03653000,4.5170000,89.95000,5471.00,0.890000,0.920000,0.0600,4.510000,-0.35931,
"Kepler-1234 b","Kepler-1234",287.5220359,51.3759464,"Transit","Kepler",2016,2.81000000,8.30000000,11.94014029000,0.0960000000,0.000000,2.060000,625.00,0.06317000,3.4720000,89.35000,4967.00,0.760000,0.800000,0.0100,4.590000,-0.45387,
"Kepler-1236 b","Kepler-1236",295.6247375,42.5458739,"Transit","Kepler",2016,2.14000000,5.22000000,31.05716180000,0.1803000000,0.000000,2.930000,480.00,0.06366000,3.4010000,89.72000,5337.00,0.820000,0.860000,-0.0900,4.550000,-0.37915,
"Kepler-1238 b","Kepler-1238",297.9057655,40.1628378,"Transit","Kepler",2016,1.93000000,4.38000000,4.14787559000,0.0541000000,0.000000,3.350000,1389.00,0.01376000,3.6740000,78.14000,6386.00,1.480000,1.300000,0.0500,4.210000,0.58441,
"Kepler-1246 b","Kepler-1246",287.6572346,48.9822053,"Transit","Kepler",2016,1.36000000,2.42000000,11.32271513000,0.0848000000,0.000000,5.290000,554.00,0.02836000,3.0270000,84.06000,4611.00,0.690000,0.730000,-0.0300,4.630000,-0.72660,
"Kepler-1248 b","Kepler-1248",288.0592191,51.3544564,"Transit","Kepler",2016,1.18000000,1.76000000,7.46725407000,0.0806000000,0.000000,5.890000,1035.00,0.00757000,3.7130000,87.99000,6149.00,1.210000,1.210000,0.2400,4.360000,0.27600,
"Kepler-1249 b","Kepler-1249",296.8948517,44.3717429,"Transit","Kepler",2016,2.38000000,6.26000000,24.33471270000,0.1670000000,0.000000,2.550000,647.00,0.03231000,6.6300000,89.97000,6202.00,1.280000,1.190000,0.0600,4.290000,0.42782,
"Kepler-1250 b","Kepler-1250",287.7938184,45.9802492,"Transit","Kepler",2016,1.92000000,4.35000000,2.60754383400,0.0393000000,0.000000,3.380000,1431.00,0.03515000,1.4646000,89.17000,5717.00,0.980000,0.990000,0.0400,4.460000,0.34255,
"Kepler-1251 b","Kepler-1251",292.1151093,49.2563792,"Transit","Kepler",2016,1.84000000,4.04000000,45.09046430000,0.2478000000,0.000000,3.560000,487.00,0.04356000,3.9050000,88.01000,5545.00,0.890000,0.920000,-0.0400,4.510000,-0.15264,
"Kepler-1253 b","Kepler-1253",283.8852196,47.6371507,"Transit","Kepler",2016,1.33000000,2.33000000,68.88619150000,0.3144400000,0.000000,5.440000,501.00,0.01445000,5.9500000,89.84000,5850.00,1.100000,0.970000,-0.1400,4.330000,0.34479,
"Kepler-1254 c","Kepler-1254",285.1733174,48.7700099,"Transit","Kepler",2016,1.30000000,2.24000000,3.60084276000,0.0422000000,0.000000,5.600000,927.00,0.02963000,1.9810000,88.30000,4985.00,0.750000,0.780000,-0.1000,4.590000,-0.57202,
"Kepler-1256 b","Kepler-1256",291.4742443,44.6834119,"Transit","Kepler",2016,1.49000000,2.83000000,12.41277540000,0.1073300000,0.000000,4.700000,933.00,0.01081000,4.3690000,87.43000,6129.00,1.360000,1.170000,0.0500,4.230000,0.42833,
"Kepler-1264 b","Kepler-1264",289.8844102,45.2115075,"Transit","Kepler",2016,1.18000000,1.76000000,0.96852602300,0.0183900000,0.000000,5.890000,1677.00,0.01281000,1.2904000,65.17000,5791.00,0.980000,0.990000,-0.0200,4.450000,-0.05475,
"Kepler-1269 b","Kepler-1269",287.8055442,45.3405371,"Transit","Kepler",2016,1.63000000,3.29000000,37.33315360000,0.2361100000,0.000000,4.170000,657.00,0.01878000,7.2940000,87.64000,5998.00,1.150000,1.100000,0.0700,4.360000,0.55570,
"Kepler-127 d","Kepler-127",285.1899439,46.0280596,"Transit","Kepler",2014,2.64000000,7.46000000,48.63040800000,0.2800000000,0.030000,2.230000,590.00,0.03524000,7.0180000,89.96000,6106.00,1.359000,1.248000,0.2142,4.265000,0.40651,
"Kepler-1270 b","Kepler-1270",286.7156676,48.6452552,"Transit","Kepler",2016,3.32000000,11.00000000,6.03356196000,0.0704500000,0.000000,1.650000,1598.00,0.00895000,10.2640000,85.42000,5047.00,3.380000,1.280000,-0.0200,3.490000,0.71321,
"Kepler-1275 b","Kepler-1275",293.5004955,44.9324455,"Transit","Kepler",2016,1.48000000,2.79000000,3.65691115000,0.0488000000,0.000000,4.730000,1368.00,0.01181000,2.1140000,89.07000,6296.00,1.360000,1.230000,0.0400,4.260000,0.31503,
"Kepler-1278 b","Kepler-1278",282.9569197,42.8255589,"Transit","Kepler",2016,1.01000000,1.01000000,3.23941344000,0.0441700000,0.000000,5.390000,1213.00,0.00774000,2.6540000,87.54000,6074.00,1.160000,1.110000,0.0200,4.350000,0.36593,
"Kepler-1279 b","Kepler-1279",288.0955917,40.3659090,"Transit","Kepler",2016,1.75000000,3.71000000,23.47741010000,0.1785000000,0.000000,3.800000,738.00,0.01512000,7.2710000,89.97000,6221.00,1.330000,1.210000,0.0600,4.260000,0.69281,
"Kepler-128 b","Kepler-128",282.4922622,43.9802442,"Transit","Kepler",2013,1.42100000,3.79000000,15.00000000000,0.1254500000,0.000000,7.222837,968.00,0.00742000,4.2108000,89.96000,6072.00,1.659000,1.184000,-0.0300,4.070000,0.57542,
"Kepler-1281 b","Kepler-1281",295.3543571,48.5153932,"Transit","Kepler",2016,1.64000000,3.33000000,3.11602791000,0.0415000000,0.000000,4.150000,1123.00,0.03452000,1.9090000,89.17000,5353.00,0.830000,0.870000,-0.0400,4.550000,-0.29200,
"Kepler-1290 b","Kepler-1290",290.6852287,43.8596155,"Transit","Kepler",2016,1.42000000,2.60000000,4.69500134000,0.0557000000,0.000000,4.990000,1098.00,0.02400000,2.9630000,89.00000,5660.00,0.930000,0.950000,-0.0200,4.490000,0.06899,
"Kepler-1292 b","Kepler-1292",284.9057222,43.9491434,"Transit","Kepler",2016,1.82000000,3.97000000,3.27646405000,0.0443000000,0.000000,3.620000,1195.00,0.03230000,2.2720000,90.00000,5556.00,0.930000,0.950000,0.0800,4.490000,-0.09051,
"Kepler-1297 b","Kepler-1297",289.9564415,47.0203466,"Transit","Kepler",2016,0.97000000,0.87100000,1.68189002000,0.0283000000,0.000000,5.240000,1790.00,0.00832000,3.0000000,84.06000,5818.00,0.990000,0.990000,-0.0400,4.450000,0.30193,
"Kepler-1300 b","Kepler-1300",289.0330532,40.0869182,"Transit","Kepler",2016,1.37000000,2.45000000,22.24190920000,0.1600500000,0.000000,5.240000,954.00,0.00649000,7.2550000,85.08000,6130.00,1.790000,1.290000,0.0500,4.040000,0.63621,
"Kepler-1302 b","Kepler-1302",290.9892462,50.3080640,"Transit","Kepler",2016,1.43000000,2.63000000,8.83922659000,0.0795000000,0.000000,4.940000,778.00,0.03162000,1.8030000,86.88000,5236.00,0.820000,0.860000,0.0400,4.550000,-0.46714,
"Kepler-1303 b","Kepler-1303",284.2871470,42.3555784,"Transit","Kepler",2016,1.42000000,2.60000000,7.56127224000,0.0751000000,0.000000,4.990000,891.00,0.01806000,2.9380000,89.27000,5771.00,1.000000,1.010000,0.0400,4.440000,-0.00195,
"Kepler-1307 b","Kepler-1307",292.8698348,46.7418679,"Transit","Kepler",2016,2.47000000,6.66000000,18.01621096000,0.1369000000,0.000000,2.430000,768.00,0.04995000,3.9960000,89.96000,5884.00,1.080000,1.060000,0.0600,4.390000,-0.20496,
"Kepler-1309 b","Kepler-1309",298.7351131,40.7641262,"Transit","Kepler",2016,2.37000000,6.21000000,28.84326470000,0.1679000000,0.000000,2.560000,491.00,0.07567000,3.1000000,88.43000,5235.00,0.800000,0.850000,-0.0300,4.560000,-0.60322,
"Kepler-131 c","Kepler-131",288.5308924,40.9423730,"Transit","Kepler",2014,0.84000000,8.25000000,25.51690000000,0.1739100000,0.000000,77.700000,615.00,0.00631000,5.1410000,89.53000,5685.00,1.030000,1.020000,0.1200,4.417000,0.02191,
"Kepler-1312 b","Kepler-1312",292.9712801,41.0357494,"Transit","Kepler",2016,2.10000000,5.06000000,5.44832528600,0.0605300000,0.000000,3.000000,978.00,0.05294000,2.2251000,87.71000,5719.00,0.920000,0.990000,-0.0200,4.510000,-0.09874,
"Kepler-132 c","Kepler-132",283.2358100,41.3430370,"Transit","Kepler",2014,1.28000000,2.18000000,6.41491400000,0.0680000000,0.000000,5.710000,1069.00,0.01210000,3.3000000,83.44000,6003.00,1.178000,0.929000,-0.2159,4.310000,0.21100,
"Kepler-1321 b","Kepler-1321",294.5285970,46.6408737,"Transit","Kepler",2016,4.92000000,21.50000000,11.12830484000,0.0781000000,0.000000,0.992000,408.00,0.60570000,2.7717000,88.83000,4094.00,0.530000,0.540000,-0.4500,4.730000,-0.86240,
"Kepler-1321 c","Kepler-1321",294.5285970,46.6408737,"Transit","Kepler",2016,2.40000000,6.35000000,2.22649108600,0.0267000000,0.000000,2.520000,697.00,0.18391000,1.7225000,89.73000,4094.00,0.530000,0.540000,-0.4500,4.730000,-0.86240,
"Kepler-1321 d","Kepler-1321",294.5285970,46.6408737,"Transit","Kepler",2021,2.62843782,7.41000000,5.72092008600,0.0501000000,0.000000,2.240000,509.00,0.13160000,2.6180000,89.41000,3640.00,0.503000,0.513000,0.2100,4.744000,-0.86240,
"Kepler-1324 b","Kepler-1324",291.1849503,40.3112023,"Transit","Kepler",2016,1.51000000,2.89000000,4.11584467900,0.0466000000,0.000000,4.610000,895.00,0.04597000,1.3850000,86.52000,4776.00,0.730000,0.780000,0.0500,4.610000,-0.67302,
"Kepler-1327 b","Kepler-1327",289.0648073,50.4609183,"Transit","Kepler",2016,1.80000000,3.89000000,14.88801098000,0.1115100000,0.000000,3.670000,831.00,0.02605000,5.0620000,86.85000,5885.00,1.030000,1.020000,-0.0300,4.420000,0.03620,
"Kepler-1328 b","Kepler-1328",284.6753857,44.4177225,"Transit","Kepler",2016,0.98000000,0.90400000,4.52158888000,0.0520000000,0.000000,5.280000,1214.00,0.01062000,3.4897000,88.82000,5780.00,0.990000,1.000000,0.0000,4.440000,0.22760,
"Kepler-1329 b","Kepler-1329",281.6476437,48.2709523,"Transit","Kepler",2016,2.17000000,5.35000000,9.33646594000,0.0747000000,0.000000,2.880000,577.00,0.08854000,2.2637000,86.38000,4500.00,0.690000,0.720000,0.0200,4.620000,-0.77081,
"Kepler-133 b","Kepler-133",297.2778906,48.3203542,"Transit","Kepler",2014,1.76000000,3.75000000,8.12997600000,0.0830000000,0.000000,3.780000,1041.00,0.01489000,2.0710000,86.24000,5736.00,1.425000,1.020000,0.2820,4.186000,0.41050,
"Kepler-133 c","Kepler-133",297.2778906,48.3203542,"Transit","Kepler",2014,2.84000000,8.45000000,31.51758600000,0.2040000000,0.000000,2.030000,663.00,0.03576000,7.7650000,88.80000,5736.00,1.425000,1.020000,0.2820,4.186000,0.41050,
"Kepler-1330 b","Kepler-1330",290.5767116,39.9568913,"Transit","Kepler",2016,1.65000000,3.36000000,10.10769068000,0.0889000000,0.000000,4.110000,879.00,0.02949000,3.6570000,89.57000,5608.00,0.940000,0.970000,0.0800,4.480000,0.42575,
"Kepler-1332 b","Kepler-1332",291.0286411,43.9137055,"Transit","Kepler",2016,1.37000000,2.45000000,11.87456832000,0.0991500000,0.000000,5.240000,728.00,0.02266000,1.9902000,89.41000,5581.00,0.900000,0.950000,0.0000,4.510000,-0.13733,
"Kepler-1334 b","Kepler-1334",289.3115320,51.3209059,"Transit","Kepler",2016,2.29000000,5.86000000,15.64591713000,0.1229000000,0.000000,2.680000,710.00,0.05721000,4.0120000,89.94000,5614.00,0.910000,0.940000,-0.0300,4.500000,0.02760,
"Kepler-1337 b","Kepler-1337",287.0091176,46.7961229,"Transit","Kepler",2016,2.41000000,6.39000000,24.40025490000,0.1441000000,0.000000,2.510000,437.00,0.09341000,2.8750000,88.30000,4523.00,0.670000,0.700000,-0.0900,4.640000,-0.74221,
"Kepler-1339 b","Kepler-1339",283.7457695,48.3734690,"Transit","Kepler",2016,0.71000000,0.28500000,1.34155512700,0.0235600000,0.000000,4.380000,1642.00,0.00582000,1.7009000,87.56000,5586.00,0.930000,0.940000,0.0100,4.470000,0.18765,
"Kepler-134 b","Kepler-134",284.7391156,49.5984448,"Transit","Kepler",2014,2.00000000,4.66000000,5.31742900000,0.0600000000,0.000000,3.200000,1105.00,0.02842000,2.9010000,85.86000,5983.00,1.176000,0.956000,-0.2067,4.310000,0.06051,
"Kepler-134 c","Kepler-134",284.7391156,49.5984448,"Transit","Kepler",2014,1.26000000,2.13000000,10.10578500000,0.0920000000,0.000000,5.850000,892.00,0.01116000,2.0590000,87.87000,5983.00,1.176000,0.956000,-0.2067,4.310000,0.06051,
"Kepler-1340 b","Kepler-1340",296.2328099,42.4727965,"Transit","Kepler",2016,1.55000000,3.02000000,0.66502691600,0.0152300000,0.000000,4.460000,2174.00,0.01047000,1.7384000,80.48000,6331.00,1.420000,1.270000,0.0700,4.240000,0.08683,
"Kepler-1341 b","Kepler-1341",280.5116813,44.1593503,"Transit","Kepler",2016,2.99000000,9.22000000,132.99683220000,0.4726700000,0.000000,1.900000,241.00,0.12754000,7.4690000,89.61000,4662.00,0.720000,0.790000,0.1900,4.620000,-0.63776,
"Kepler-1342 b","Kepler-1342",297.0200549,43.4325382,"Transit","Kepler",2016,1.66000000,3.39000000,2.21571035800,0.0313000000,0.000000,4.070000,1283.00,0.02851000,1.8915000,82.30000,5527.00,0.900000,0.930000,0.0300,4.510000,-0.26092,
"Kepler-1344 b","Kepler-1344",287.0862799,46.9457998,"Transit","Kepler",2016,1.84000000,4.04000000,4.76830490000,0.0550100000,0.000000,3.560000,1219.00,0.02518000,3.2517000,89.03000,5981.00,1.130000,1.090000,0.0600,4.370000,0.14599,
"Kepler-1345 b","Kepler-1345",292.4779428,46.0228210,"Transit","Kepler",2016,2.36000000,6.17000000,44.61695570000,0.2641200000,0.000000,2.580000,693.00,0.02397000,7.6320000,88.99000,6449.00,1.550000,1.320000,0.0400,4.180000,0.69266,
"Kepler-1350 c","Kepler-1350",288.2506110,46.6794847,"Transit","Kepler",2016,1.73000000,3.64000000,1.76678906200,0.0222000000,0.000000,3.860000,730.00,0.10098000,1.3395000,89.64000,3827.00,0.530000,0.550000,-0.0600,4.740000,-1.28340,
"Kepler-1356 b","Kepler-1356",290.9953825,43.2438792,"Transit","Kepler",2016,1.53000000,2.96000000,0.63400293700,0.0136000000,0.000000,4.540000,1714.00,0.03169000,0.9237000,85.82000,5106.00,0.780000,0.820000,-0.0200,4.580000,-0.48630,
"Kepler-136 b","Kepler-136",296.4673039,42.5987984,"Transit","Kepler",2014,2.05000000,19.80000000,11.57890000000,0.1060000000,0.000000,12.600000,951.00,0.02423000,2.8550000,89.33000,6165.00,1.355000,1.204000,0.0002,4.244000,0.46678,
"Kepler-136 c","Kepler-136",296.4673039,42.5987984,"Transit","Kepler",2014,1.99000000,4.62000000,16.39923500000,0.1330000000,0.000000,3.220000,847.00,0.02295000,3.5020000,89.82000,6165.00,1.355000,1.204000,0.0002,4.244000,0.46678,
"Kepler-1365 b","Kepler-1365",292.1996573,42.0459944,"Transit","Kepler",2016,0.92000000,0.72100000,7.69993485000,0.0783900000,0.000000,5.090000,969.00,0.00709000,4.3900000,89.92000,5770.00,1.050000,1.000000,0.0300,4.390000,0.42479,
"Kepler-1367 b","Kepler-1367",288.4166786,47.8787308,"Transit","Kepler",2016,0.92000000,0.72100000,1.57409027200,0.0236000000,0.000000,5.090000,998.00,0.02249000,1.5994000,89.48000,4106.00,0.600000,0.620000,-0.0600,4.680000,-0.90488,
"Kepler-1370 b","Kepler-1370",284.5656897,41.7784781,"Transit","Kepler",2016,1.84000000,4.04000000,20.26416840000,0.1576300000,0.000000,3.560000,770.00,0.01918000,4.2850000,86.42000,6202.00,1.290000,1.190000,0.0500,4.290000,0.45795,
"Kepler-138 c","Kepler-138",290.3814122,43.2930645,"Transit","Kepler",2014,1.51000000,2.30000000,13.78150000000,0.0913000000,0.017000,3.600000,410.00,0.07560000,2.2630000,89.02000,3841.00,0.535000,0.535000,-0.1800,4.710000,-1.25181,"M1 V"
"Kepler-1382 b","Kepler-1382",295.3774182,39.0480365,"Transit","Kepler",2016,1.88000000,4.19000000,16.35830550000,0.1402300000,0.000000,3.470000,959.00,0.01149000,9.5730000,81.83000,6161.00,1.720000,1.360000,0.3000,4.100000,0.57225,
"Kepler-1385 b","Kepler-1385",282.6313559,46.4810220,"Transit","Kepler",2016,0.85000000,0.54300000,2.88879862000,0.0426200000,0.000000,4.860000,1423.00,0.00409000,2.9810000,88.09000,5732.00,1.290000,1.150000,0.4100,4.270000,0.45032,
"Kepler-1389 b","Kepler-1389",285.7174414,44.7583487,"Transit","Kepler",2016,1.77000000,3.78000000,99.25309510000,0.3824900000,0.000000,3.750000,300.00,0.05380000,6.0060000,88.71000,5078.00,0.740000,0.810000,-0.1400,4.610000,-0.53422,
"Kepler-139 b","Kepler-139",282.3919451,43.8894167,"Transit","Kepler",2014,2.94000000,7.00000000,15.77104400000,0.1270000000,0.000000,2.169438,752.00,0.05471000,5.0680000,89.98000,5594.00,1.300000,1.078000,0.3500,4.247000,0.01598,
"Kepler-139 e","Kepler-139",282.3919451,43.8894167,"Radial Velocity","W. M. Keck Observatory",2023,13.70000000,378.00000000,2047.63537300000,3.2357963900,0.013121,0.808000,154.06,,,,5622.00,1.045000,1.078000,0.3500,4.345180,0.01598,
"Kepler-1391 b","Kepler-1391",294.8309749,46.6595768,"Transit","Kepler",2016,1.68000000,3.46000000,54.40923330000,0.3004500000,0.000000,4.010000,513.00,0.01930000,9.5110000,89.80000,5840.00,1.100000,1.030000,0.0400,4.360000,0.43939,
"Kepler-1397 b","Kepler-1397",299.6758812,47.0758234,"Transit","Kepler",2016,1.72000000,3.61000000,47.44995500000,0.2586100000,0.000000,3.900000,551.00,0.02064000,10.7470000,89.97000,6026.00,1.120000,1.090000,0.0000,4.370000,0.59141,
"Kepler-1399 b","Kepler-1399",293.3116962,46.0416516,"Transit","Kepler",2016,1.25000000,2.10000000,1.63865305800,0.0276000000,0.000000,5.910000,1610.00,0.01669000,1.9480000,86.56000,5735.00,0.960000,0.970000,-0.0300,4.470000,0.00959,
"Kepler-140 b","Kepler-140",287.3694056,46.7681473,"Transit","Kepler",2014,1.61000000,3.22000000,3.25427000000,0.0450000000,0.000000,4.240000,1301.00,0.01603000,2.9780000,87.84000,6077.00,1.288000,1.044000,-0.0390,4.272000,0.25061,
"Kepler-140 c","Kepler-140",287.3694056,46.7681473,"Transit","Kepler",2014,1.80000000,3.89000000,91.35328200000,0.4140000000,0.000000,3.670000,428.00,0.02093000,7.9190000,89.99000,6077.00,1.288000,1.044000,-0.0390,4.272000,0.25061,
"Kepler-1403 b","Kepler-1403",290.8676391,38.9600779,"Transit","Kepler",2016,2.14000000,5.22000000,5.19492202000,0.0640000000,0.000000,2.930000,1238.00,0.02729000,3.1480000,89.58000,6060.00,1.150000,1.110000,0.0300,4.360000,0.37208,
"Kepler-1408 b","Kepler-1408",282.6998783,45.4257884,"Transit","Kepler",2016,0.89000000,0.64000000,2.99793191000,0.0421800000,0.000000,4.990000,1616.00,0.00451000,4.3920000,85.24000,6170.00,1.350000,1.210000,0.0000,4.250000,0.57889,
"Kepler-141 b","Kepler-141",297.9707271,47.7316041,"Transit","Kepler",2014,0.69000000,0.25700000,3.10767500000,0.0390000000,0.000000,4.300000,968.00,0.00774000,2.2180000,84.53000,4910.00,0.787000,0.878000,0.2643,4.566000,-0.44625,
"Kepler-141 c","Kepler-141",297.9707271,47.7316041,"Transit","Kepler",2014,1.41000000,2.57000000,7.01060600000,0.0670000000,0.000000,5.040000,738.00,0.03484000,2.9860000,87.03000,4910.00,0.787000,0.878000,0.2643,4.566000,-0.44625,
"Kepler-142 d","Kepler-142",295.1190067,48.4813635,"Transit","Kepler",2014,2.16000000,5.31000000,41.80911800000,0.2420000000,0.000000,2.900000,582.00,0.01904000,8.6870000,89.98000,5790.00,1.269000,0.978000,0.0500,4.262000,0.10706,
"Kepler-1426 b","Kepler-1426",292.5457096,49.4168981,"Transit","Kepler",2016,1.56000000,3.05000000,14.25632270000,0.1187000000,0.000000,4.410000,797.00,0.02061000,4.3890000,85.33000,5831.00,1.020000,1.020000,0.0300,4.430000,0.03550,
"Kepler-1427 b","Kepler-1427",295.3496546,45.1145372,"Transit","Kepler",2016,1.10000000,1.37000000,0.96897237600,0.0197000000,0.000000,5.660000,1844.00,0.01185000,1.6220000,89.25000,5793.00,1.010000,1.010000,0.0600,4.440000,0.01560,
"Kepler-1428 b","Kepler-1428",297.6422563,49.5949580,"Transit","Kepler",2016,1.64000000,3.33000000,10.67607169000,0.1105100000,0.000000,4.150000,1049.00,0.01418000,4.5490000,88.60000,6184.00,1.360000,1.280000,0.3500,4.280000,0.94388,
"Kepler-1429 b","Kepler-1429",285.3662532,49.0448172,"Transit","Kepler",2016,1.29000000,2.21000000,4.48487493000,0.0550000000,0.000000,5.660000,1199.00,0.01349000,2.5800000,88.57000,5902.00,1.070000,1.050000,0.0400,4.400000,0.13795,
"Kepler-1431 b","Kepler-1431",292.6583919,49.8651522,"Transit","Kepler",2016,1.47000000,2.76000000,5.86601526000,0.0648000000,0.000000,4.770000,1064.00,0.01830000,3.9780000,86.80000,5806.00,1.030000,1.030000,0.0700,4.420000,0.24349,
"Kepler-1434 b","Kepler-1434",295.5384415,51.2030002,"Transit","Kepler",2016,1.11000000,1.41000000,8.05333618000,0.0917000000,0.000000,5.670000,1320.00,0.00351000,5.2770000,89.82000,6291.00,2.040000,1.470000,0.1900,3.980000,0.86244,
"Kepler-1435 b","Kepler-1435",291.1732806,44.9210836,"Transit","Kepler",2016,0.86000000,0.56600000,4.45343281000,0.0545600000,0.000000,4.890000,1331.00,0.00474000,3.7960000,85.80000,6356.00,1.320000,1.210000,-0.0300,4.280000,0.46830,
"Kepler-144 c","Kepler-144",281.9156128,42.7755535,"Transit","Kepler",2014,1.35000000,2.39000000,10.10466500000,0.0940000000,0.000000,5.340000,1046.00,0.01144000,2.2780000,88.79000,6075.00,1.235000,1.154000,-0.1848,4.289000,0.28203,
"Kepler-1441 b","Kepler-1441",293.7191177,43.1245756,"Transit","Kepler",2016,1.31000000,2.27000000,39.44198390000,0.2346000000,0.000000,5.550000,682.00,0.01724000,7.2850000,89.39000,5802.00,1.000000,1.000000,0.0100,4.450000,0.32471,
"Kepler-1442 b","Kepler-1442",291.2556226,48.8469171,"Transit","Kepler",2016,3.93000000,14.70000000,81.41629410000,0.4081400000,0.000000,1.330000,522.00,0.06663000,12.1444000,87.53000,6394.00,1.440000,1.340000,0.2600,4.250000,0.65109,
"Kepler-1443 b","Kepler-1443",283.4357392,47.0667983,"Transit","Kepler",2016,0.97000000,0.87100000,2.41811321000,0.0378300000,0.000000,5.240000,1602.00,0.00458000,2.1940000,89.89000,6289.00,1.270000,1.190000,0.0000,4.300000,0.56075,
"Kepler-1444 b","Kepler-1444",285.3306799,42.0405016,"Transit","Kepler",2016,2.18000000,5.39000000,33.42035034000,0.2090600000,0.000000,2.860000,581.00,0.03848000,5.0911000,88.55000,5810.00,1.050000,1.030000,0.0600,4.400000,0.02131,
"Kepler-1446 b","Kepler-1446",289.4240357,46.7260823,"Transit","Kepler",2016,0.82000000,0.47700000,0.68996783200,0.0140500000,0.000000,4.750000,1539.00,0.01213000,1.2135000,88.50000,4865.00,0.750000,0.810000,0.1100,4.600000,-0.65135,
"Kepler-1450 b","Kepler-1450",294.5536825,45.0813011,"Transit","Kepler",2016,1.71000000,3.57000000,54.50941660000,0.2401000000,0.000000,3.920000,308.00,0.06222000,4.2220000,88.43000,4524.00,0.680000,0.710000,-0.0200,4.630000,-0.76770,
"Kepler-1451 b","Kepler-1451",293.4464227,40.4098813,"Transit","Kepler",2016,3.35000000,11.20000000,35.62223300000,0.2101000000,0.000000,1.640000,523.00,0.07787000,5.1460000,89.73000,5782.00,0.990000,1.000000,0.0100,4.450000,-0.11938,
"Kepler-146 c","Kepler-146",294.1107631,38.7102222,"Transit","Kepler",2014,3.13000000,9.96000000,76.73217100000,0.3640000000,0.000000,1.780000,473.00,0.06857000,6.2160000,89.69000,5948.00,1.208000,1.079000,-0.0261,4.312000,0.14794,
"Kepler-1467 b","Kepler-1467",295.0485389,45.3426781,"Transit","Kepler",2016,3.30000000,10.90000000,47.05690430000,0.2388000000,0.000000,1.670000,411.00,0.15312000,5.2722000,89.98000,5332.00,0.820000,0.860000,-0.0700,4.550000,-0.35052,
"Kepler-147 b","Kepler-147",287.9757213,39.0871680,"Transit","Kepler",2014,1.53000000,2.96000000,12.61058400000,0.1130000000,0.000000,4.540000,953.00,0.00765000,4.4480000,86.26000,6012.00,1.468000,1.145000,0.1000,4.182000,0.42733,
"Kepler-1470 b","Kepler-1470",288.6949475,39.8830802,"Transit","Kepler",2016,1.07000000,1.24000000,16.29509030000,0.1160000000,0.000000,5.560000,574.00,0.01979000,3.6440000,89.05000,4961.00,0.760000,0.800000,-0.0100,4.590000,-0.48551,
"Kepler-1471 b","Kepler-1471",289.6649171,50.0200612,"Transit","Kepler",2016,1.41000000,2.57000000,3.63899398000,0.0453000000,0.000000,5.040000,1238.00,0.02096000,2.2130000,88.46000,5660.00,0.930000,0.950000,-0.0300,4.480000,-0.19895,
"Kepler-1472 b","Kepler-1472",294.8526163,49.0574468,"Transit","Kepler",2016,1.90000000,4.27000000,38.13128310000,0.2322000000,0.000000,3.420000,613.00,0.01989000,6.3450000,89.14000,6159.00,1.250000,1.160000,0.0300,4.310000,0.42003,
"Kepler-1473 b","Kepler-1473",290.6365144,48.9961494,"Transit","Kepler",2016,1.19000000,1.81000000,14.42735510000,0.1160600000,0.000000,5.900000,783.00,0.01170000,3.8900000,80.92000,6046.00,1.090000,1.090000,-0.0100,4.400000,0.19358,
"Kepler-1480 b","Kepler-1480",291.9998055,49.3018321,"Transit","Kepler",2016,1.67000000,3.43000000,22.12679948000,0.1525000000,0.000000,4.050000,721.00,0.04361000,3.6860000,86.10000,5156.00,0.810000,0.850000,0.0700,4.560000,-0.44868,
"Kepler-1486 b","Kepler-1486",290.5903907,45.4396955,"Transit","Kepler",2016,2.32000000,5.99000000,54.64957590000,0.2846000000,0.000000,2.640000,538.00,0.04325000,8.4050000,89.98000,5965.00,1.120000,1.080000,0.0600,4.380000,0.31179,
"Kepler-1489 b","Kepler-1489",281.2957984,44.4654063,"Transit","Kepler",2016,1.77000000,3.78000000,82.29475100000,0.3679000000,0.000000,3.750000,400.00,0.03711000,7.0090000,89.87000,5655.00,0.900000,0.930000,-0.1300,4.510000,0.19764,"G"
"Kepler-1490 b","Kepler-1490",295.6935734,42.6094543,"Transit","Kepler",2016,3.04000000,9.48000000,92.43629730000,0.3729000000,0.000000,1.850000,348.00,0.08302000,5.7090000,88.85000,5515.00,0.870000,0.900000,-0.0800,4.520000,-0.31879,
"Kepler-1491 b","Kepler-1491",293.6297645,45.7406293,"Transit","Kepler",2016,1.51000000,2.89000000,16.58617620000,0.1270000000,0.000000,4.610000,821.00,0.02313000,6.8990000,89.47000,5728.00,0.990000,1.000000,0.0600,4.450000,0.35471,
"Kepler-150 b","Kepler-150",288.2341025,40.5208970,"Transit","Kepler",2014,1.25000000,2.10000000,3.42805400000,0.0440000000,0.000000,5.910000,1131.00,0.02064000,2.3090000,89.57000,5560.00,0.939000,0.956000,0.1200,4.466000,-0.16141,
"Kepler-150 c","Kepler-150",288.2341025,40.5208970,"Transit","Kepler",2014,3.69000000,13.20000000,7.38199800000,0.0730000000,0.000000,1.440000,876.00,0.15118000,3.1240000,89.71000,5560.00,0.939000,0.956000,0.1200,4.466000,-0.16141,
"Kepler-1503 b","Kepler-1503",293.7271604,42.8067119,"Transit","Kepler",2016,2.27000000,5.77000000,96.16987000000,0.3771000000,0.000000,2.710000,321.00,0.08945000,7.4710000,89.97000,5069.00,0.740000,0.770000,-0.1900,4.590000,-0.14398,
"Kepler-1505 b","Kepler-1505",292.0020614,41.7869639,"Transit","Kepler",2016,0.93000000,0.74900000,30.86093660000,0.1829800000,0.000000,5.120000,525.00,0.01289000,4.1090000,88.40000,5686.00,0.860000,0.930000,-0.1800,4.540000,0.14944,
"Kepler-1508 b","Kepler-1508",298.1188802,40.3750316,"Transit","Kepler",2016,1.33000000,2.33000000,20.70565040000,0.1629000000,0.000000,5.440000,967.00,0.01159000,9.0290000,82.32000,6158.00,1.220000,1.140000,0.0100,4.320000,0.53713,
"Kepler-151 b","Kepler-151",292.1627933,41.0231947,"Transit","Kepler",2014,3.06000000,9.59000000,15.22895800000,0.1160000000,0.000000,1.840000,639.00,0.11248000,2.6450000,88.54000,5460.00,0.830000,0.870000,0.1245,4.555000,-0.33413,
"Kepler-1511 b","Kepler-1511",288.4211892,43.1797730,"Transit","Kepler",2016,1.68000000,3.46000000,23.23827920000,0.1753000000,0.000000,4.010000,903.00,0.01798000,8.1910000,88.98000,6064.00,1.290000,1.170000,0.1400,4.280000,0.83813,
"Kepler-1513 b","Kepler-1513",289.7917561,39.2852655,"Transit","Kepler",2016,8.59400000,48.30991786,160.88420000000,0.5697100000,0.306000,1.304000,346.00,0.77295000,10.7536000,89.86000,5491.00,0.950000,0.943000,0.1700,4.460000,-0.12901,"G V"
"Kepler-1516 b","Kepler-1516",291.4945795,44.5234227,"Transit","Kepler",2016,1.75000000,3.71000000,7.25931979000,0.0718000000,0.000000,3.800000,967.00,0.02475000,6.1980000,87.55000,5904.00,1.070000,1.040000,0.0300,4.400000,0.44571,
"Kepler-1518 c","Kepler-1518",300.3323404,44.9861065,"Transit","Kepler",2023,2.90000000,8.75000000,9.63102580000,0.0905000000,0.000000,1.970000,1094.00,0.02972000,5.2550000,79.56000,6432.00,1.345000,1.060000,-0.3400,4.207000,0.69092,
"Kepler-152 b","Kepler-152",286.8653826,41.9889571,"Transit","Kepler",2014,2.79000000,8.20000000,18.20797300000,0.1240000000,0.000000,2.070000,551.00,0.15969000,3.7560000,88.77000,5088.00,0.724000,0.779000,-0.1200,4.605000,-0.46488,
"Kepler-1521 b","Kepler-1521",292.6903779,37.8350549,"Transit","Kepler",2016,2.50000000,6.80000000,47.14840805000,0.2347600000,0.000000,2.390000,391.00,0.11138000,3.0668000,89.58000,5042.00,0.760000,0.810000,-0.0500,4.590000,-0.56910,
"Kepler-1524 b","Kepler-1524",293.8853557,39.5198348,"Transit","Kepler",2016,3.54000000,12.30000000,70.96746030000,0.3392000000,0.000000,1.520000,438.00,0.07847000,6.8992000,89.54000,6179.00,1.250000,1.170000,0.0400,4.310000,-0.00637,
"Kepler-1530 b","Kepler-1530",288.1624396,48.1651530,"Transit","Kepler",2016,1.64000000,3.33000000,2.59044340000,0.0355300000,0.000000,4.150000,1484.00,0.03309000,2.1618000,83.90000,5477.00,0.880000,0.920000,0.0300,4.520000,-0.31086,
"Kepler-1538 b","Kepler-1538",283.3456110,45.2743573,"Transit","Kepler",2016,2.82000000,8.35000000,175.13881900000,0.6095000000,0.000000,2.050000,346.00,0.06345000,10.6660000,89.97000,5837.00,1.030000,1.030000,0.0200,4.420000,-0.08496,
"Kepler-154 e","Kepler-154",289.7805393,49.8965624,"Transit","Kepler",2016,1.50000000,2.86000000,3.93276465000,0.0476600000,0.000000,4.660000,1140.00,0.02349000,2.9166000,87.81000,5769.00,0.980000,0.980000,-0.0400,4.450000,0.03322,
"Kepler-1543 b","Kepler-1543",297.1242915,47.0369876,"Transit","Kepler",2016,2.71000000,7.80000000,6.96710269000,0.0867000000,0.000000,2.150000,1774.00,0.02353000,3.6430000,82.12000,6561.00,1.650000,1.390000,0.0700,4.140000,0.48688,
"Kepler-1544 b","Kepler-1544",297.2852168,49.2124526,"Transit","Kepler",2016,1.78000000,3.82000000,168.81117400000,0.5446500000,0.000000,3.720000,269.00,0.06118000,6.5000000,89.79700,4886.00,0.740000,0.810000,0.0200,4.610000,-0.60600,
"Kepler-1556 b","Kepler-1556",288.3969751,40.2131892,"Transit","Kepler",2016,1.96000000,4.50000000,8.82713457000,0.0829000000,0.000000,3.280000,797.00,0.04168000,2.0860000,89.57000,5608.00,0.950000,0.970000,0.0800,4.470000,-0.23063,
"Kepler-1558 b","Kepler-1558",286.8194349,46.9117837,"Transit","Kepler",2016,0.68000000,0.24400000,3.50470358000,0.0427800000,0.000000,4.260000,1019.00,0.00907000,2.0100000,88.66000,5101.00,0.790000,0.830000,0.0000,4.570000,-0.48006,
"Kepler-156 b","Kepler-156",290.2964214,37.7494271,"Transit","Kepler",2014,2.30000000,5.90000000,4.97345600000,0.0540000000,0.000000,2.660000,867.00,0.07416000,1.5790000,86.75000,5094.00,0.807000,0.864000,0.2535,4.552000,-0.43985,
"Kepler-1570 b","Kepler-1570",299.8617842,45.8274232,"Transit","Kepler",2016,1.07000000,1.24000000,26.54895500000,0.1669900000,0.000000,5.560000,836.00,0.01420000,7.9790000,89.52000,5550.00,0.890000,0.920000,-0.0400,4.500000,0.41425,
"Kepler-1572 b","Kepler-1572",281.8973341,46.7227061,"Transit","Kepler",2016,0.94000000,0.77900000,5.49548621000,0.0583800000,0.000000,5.150000,1293.00,0.00858000,2.5110000,89.31000,5618.00,0.950000,0.970000,0.0800,4.470000,0.37265,
"Kepler-1575 b","Kepler-1575",293.7432102,45.7615507,"Transit","Kepler",2016,1.31000000,2.27000000,2.55314213000,0.0366000000,0.000000,5.550000,1312.00,0.01853000,1.8580000,88.19000,5667.00,0.920000,0.950000,-0.0700,4.490000,-0.03716,
"Kepler-1576 b","Kepler-1576",289.0739641,40.3660239,"Transit","Kepler",2016,1.04000000,1.12000000,6.98471973000,0.0721100000,0.000000,5.470000,1059.00,0.00907000,2.7230000,88.54000,5876.00,1.060000,1.050000,0.0500,4.400000,-0.06329,
"Kepler-1577 b","Kepler-1577",292.9552704,47.5730433,"Transit","Kepler",2016,1.13000000,1.51000000,6.30560247000,0.0657000000,0.000000,5.750000,1125.00,0.02208000,2.4680000,87.71000,4862.00,0.740000,0.780000,0.0000,4.600000,-0.60727,
"Kepler-1578 b","Kepler-1578",288.3021104,47.7756227,"Transit","Kepler",2016,1.04000000,1.12000000,1.45088690700,0.0252000000,0.000000,5.470000,1700.00,0.01357000,1.7810000,86.85000,5545.00,0.860000,0.900000,-0.1300,4.530000,-0.16523,
"Kepler-1580 b","Kepler-1580",285.9687099,41.3635264,"Transit","Kepler",2016,2.11000000,5.10000000,56.64492790000,0.3357100000,0.000000,2.980000,733.00,0.00956000,15.0790000,88.47000,6228.00,2.150000,1.470000,0.1200,3.940000,0.92628,
"Kepler-1581 b","Kepler-1581",287.3713199,39.6036225,"Transit","Kepler",2016,0.80000000,0.43700000,6.28385491000,0.0686500000,0.000000,4.690000,1108.00,0.00357000,4.1240000,89.49000,6022.00,1.230000,1.120000,0.0700,4.310000,0.39085,
"Kepler-1589 b","Kepler-1589",294.4418236,40.5716114,"Transit","Kepler",2016,1.09000000,1.32000000,0.99166527400,0.0205000000,0.000000,5.600000,2102.00,0.00773000,2.3780000,71.48000,6166.00,1.250000,1.180000,0.0800,4.320000,0.32934,
"Kepler-1590 b","Kepler-1590",291.4079141,48.0178915,"Transit","Kepler",2016,1.14000000,1.55000000,7.61760804000,0.0711600000,0.000000,5.750000,1020.00,0.00854000,3.4790000,89.17000,6053.00,1.160000,1.110000,0.0300,4.350000,0.06336,
"Kepler-1593 b","Kepler-1593",300.4882018,44.4606698,"Transit","Kepler",2016,3.17000000,10.20000000,174.50983500000,0.5549400000,0.000000,1.760000,260.00,0.15300000,7.0980000,89.84700,4995.00,0.770000,0.810000,0.0200,4.590000,-0.65200,
"Kepler-1599 b","Kepler-1599",286.2208685,41.1511886,"Transit","Kepler",2016,1.62000000,3.26000000,122.36355300000,0.4823000000,0.000000,4.210000,407.00,0.03528000,9.3200000,89.83000,5767.00,0.990000,0.990000,0.0200,4.450000,0.24119,
"Kepler-160 b","Kepler-160",287.7735730,42.8692755,"Transit","Kepler",2014,1.71500000,3.59000000,4.30939700000,0.0551100000,0.000000,3.910000,1134.00,0.03107000,2.8977000,89.83000,5471.00,1.118000,1.003000,0.2000,4.470000,0.00432,
"Kepler-160 d","Kepler-160",287.7735730,42.8692755,"Transit Timing Variations","Kepler",2020,,100.00000000,30.00000000000,0.1700000000,,,676.54,,,86.90000,5471.00,1.118000,1.003000,0.2000,4.470000,0.00432,
"Kepler-1600 c","Kepler-1600",291.3993802,38.7877563,"Transit","Kepler",2021,1.94206512,4.43000000,7.29804992700,0.0696100000,0.000000,3.320000,786.00,0.03705000,3.0240000,88.63000,5119.00,0.834000,0.818000,0.1000,4.508000,-0.33945,
"Kepler-1608 b","Kepler-1608",295.5635550,39.4175700,"Transit","Kepler",2016,1.73000000,3.64000000,16.47356860000,0.1126000000,0.000000,3.860000,612.00,0.04705000,4.2310000,89.97000,4992.00,0.720000,0.750000,-0.2400,4.610000,-0.53700,
"Kepler-1610 c","Kepler-1610",295.9049795,45.4054296,"Transit","Kepler",2023,2.09000000,5.02000000,44.98518850000,0.2323000000,0.000000,3.020000,433.00,0.06178000,4.1640000,89.41000,5295.00,0.800000,0.825000,-0.1000,4.548000,-0.48291,
"Kepler-1617 b","Kepler-1617",287.9371747,46.4184781,"Transit","Kepler",2016,1.20000000,1.87000000,27.47855720000,0.1770700000,0.000000,5.950000,736.00,0.00889000,8.3050000,89.98000,6167.00,1.220000,1.150000,0.0100,4.320000,0.34078,
"Kepler-1623 b","Kepler-1623",294.0826970,39.5560655,"Transit","Kepler",2016,1.31000000,2.27000000,4.36128348000,0.0518000000,0.000000,5.550000,1000.00,0.01769000,2.0580000,88.52000,5772.00,1.000000,1.000000,0.0400,4.440000,-0.17154,
"Kepler-1629 b","Kepler-1629",280.2066276,43.7743281,"Transit","Kepler",2016,0.77000000,0.38100000,3.87595807000,0.0485000000,0.000000,4.590000,1081.00,0.00586000,2.2260000,89.89000,5776.00,1.010000,1.010000,0.0500,4.440000,-0.13437,
"Kepler-1630 b","Kepler-1630",297.5083004,43.7110543,"Transit","Kepler",2016,2.19000000,5.43000000,509.99740200000,1.1218000000,0.000000,2.840000,182.00,0.12670000,8.4810000,89.95000,4736.00,0.630000,0.660000,-0.4600,4.660000,-0.64640,
"Kepler-1633 b","Kepler-1633",288.5151733,44.9232545,"Transit","Kepler",2016,1.58000000,3.12000000,186.40427100000,0.3875000000,0.000000,4.350000,925.00,0.01290000,10.4600000,88.51000,6256.00,1.320000,1.200000,0.0200,4.270000,0.64606,
"Kepler-164 d","Kepler-164",287.7808115,47.6298453,"Transit","Kepler",2014,2.45000000,6.57000000,28.98676900000,0.1870000000,0.000000,2.450000,637.00,0.04716000,3.4440000,88.64000,5888.00,1.148000,1.036000,0.0000,4.331000,0.11291,
"Kepler-1641 b","Kepler-1641",296.3594560,41.5745321,"Transit","Kepler",2016,3.11000000,9.85000000,19.67226600000,0.1473000000,0.000000,1.800000,908.00,0.06499000,4.7660000,88.19000,6152.00,1.190000,1.120000,-0.0200,4.340000,0.13083,
"Kepler-1641 c","Kepler-1641",296.3594560,41.5745321,"Transit","Kepler",2016,2.95000000,9.01000000,32.65721200000,0.2065000000,0.000000,1.930000,767.00,0.06204000,5.9820000,89.99000,6152.00,1.190000,1.120000,-0.0200,4.340000,0.13083,
"Kepler-1644 b","Kepler-1644",285.4750512,48.0348356,"Transit","Kepler",2016,1.88000000,4.19000000,21.09077580000,0.1420000000,0.000000,3.470000,606.00,0.04458000,4.6290000,87.63000,5499.00,0.860000,0.890000,-0.1000,4.530000,-0.21500,
"Kepler-1645 b","Kepler-1645",297.4795142,48.4185820,"Transit","Kepler",2016,1.78000000,3.82000000,16.17795610000,0.1285000000,0.000000,3.720000,754.00,0.02985000,5.2690000,89.81000,5812.00,1.020000,1.020000,0.0400,4.430000,0.33586,
"Kepler-1649 b","Kepler-1649",292.5029676,41.8299933,"Transit","Kepler",2017,1.01700000,1.03000000,8.68909900000,0.0514000000,0.000000,5.380000,307.00,0.17830000,1.1840000,89.15000,3240.00,0.231700,0.197700,-0.1500,5.004000,-2.28735,
"Kepler-165 b","Kepler-165",280.6909200,47.8096702,"Transit","Kepler",2014,2.32000000,5.99000000,8.18084800000,0.0720000000,0.000000,2.640000,716.00,0.07235000,2.8690000,88.51000,5211.00,0.770000,0.746000,-0.2500,4.542000,-0.47230,
"Kepler-1654 b","Kepler-1654",282.1856949,44.4344617,"Transit","Kepler",2018,9.18017100,158.91500000,1047.83560000000,2.0260000000,0.260000,1.200000,206.00,0.50960000,22.9920000,89.98200,5597.00,1.179000,1.011000,-0.0880,4.300100,0.08991,"G5 V"
"Kepler-1656 c","Kepler-1656",284.4722473,39.9118890,"Radial Velocity","W. M. Keck Observatory",2022,14.00000000,126.40000000,1919.00000000000,3.0530000000,0.527000,0.253000,161.19,,,,5569.00,1.100000,1.030000,0.1900,4.400250,0.02083,
"Kepler-166 b","Kepler-166",293.1600977,48.8812074,"Transit","Kepler",2014,2.27000000,5.77000000,7.65025400000,0.0720000000,0.000000,2.710000,772.00,0.09814000,2.7490000,89.96000,5413.00,0.742000,0.811000,-0.0800,4.619000,-0.38508,
"Kepler-166 d","Kepler-166",293.1600977,48.8812074,"Transit","Kepler",2016,1.73000000,3.64000000,1.55400392800,0.0244900000,0.000000,3.860000,1313.00,0.04658000,1.7696000,89.87000,5350.00,0.830000,0.880000,-0.0300,4.550000,-0.38508,
"Kepler-1661 b","Kepler-1661",285.1670927,41.9669383,"Transit","Kepler",2020,3.87000000,17.00000000,175.06000000000,0.6330000000,0.057000,1.600000,243.00,,,89.46000,5100.00,0.762000,0.841000,-0.1200,4.660000,-0.51299,"K"
"Kepler-1664 b","Kepler-1664",286.8527157,49.2616668,"Transit","Kepler",2020,3.03320653,9.45000000,14.38680000000,0.1137000000,0.000000,1.860000,776.00,0.05696000,2.1417000,89.98000,5735.81,1.072000,0.944000,0.3698,4.353000,0.05010,
"Kepler-1665 b","Kepler-1665",290.3962400,41.0399229,"Transit","Kepler",2020,2.83910787,8.44000000,11.95480000000,0.0960000000,0.000000,2.030000,906.00,0.09037000,2.1433000,89.03000,5049.84,0.777785,0.842000,-0.0130,4.581660,-0.45048,
"Kepler-1666 c","Kepler-1666",297.9516071,46.2647024,"Transit","Kepler",2020,3.23564749,10.50000000,40.71570000000,0.2383000000,0.000000,1.700000,578.00,0.06809000,6.9750000,89.99000,6293.00,1.145860,1.230000,-0.2000,4.409710,0.26839,
"Kepler-1674 b","Kepler-1674",294.8160447,45.3060844,"Transit","Kepler",2020,3.20577490,10.40000000,62.56110000000,0.3017000000,0.000000,1.730000,417.00,0.13726000,5.9070000,89.02000,5473.91,0.877273,0.960000,0.0562,4.534070,-0.20584,
"Kepler-1675 b","Kepler-1675",283.8095478,41.0412517,"Transit","Kepler",2020,3.12483349,9.93000000,63.03820000000,0.3218500000,0.000000,1.790000,465.00,0.06587000,7.3269000,89.98000,5853.19,1.128650,1.060000,0.2537,4.358260,0.12938,
"Kepler-1678 b","Kepler-1678",292.5916297,38.3995629,"Transit","Kepler",2020,3.30422249,10.90000000,147.97400000000,0.5302000000,0.000000,1.660000,329.00,0.12671000,6.8540000,89.99000,5754.00,0.834976,1.030000,0.0000,4.607560,-0.16208,
"Kepler-1679 b","Kepler-1679",293.9005786,50.4270507,"Transit","Kepler",2020,2.06920360,4.93000000,9.75376000000,0.0892000000,0.000000,3.060000,813.00,0.04308000,2.3310000,89.45000,5501.00,0.873196,0.960000,-0.0400,4.538120,-0.20132,
"Kepler-1680 b","Kepler-1680",297.0746571,39.9338893,"Transit","Kepler",2020,1.35954736,2.42000000,8.77424000000,0.0764200000,0.000000,5.290000,771.00,0.02619000,2.1326000,86.06000,5021.00,0.723259,0.834000,-0.0700,4.640650,-0.52356,
"Kepler-1681 b","Kepler-1681",296.6972773,46.3716969,"Transit","Kepler",2020,2.55321772,7.05000000,69.89560000000,0.3200000000,0.000000,2.330000,442.00,0.05484000,5.2760000,89.08000,5756.40,0.759000,0.893000,0.1064,4.538000,-0.29330,
"Kepler-1684 b","Kepler-1684",294.0054181,46.3106625,"Transit","Kepler",2020,2.87084792,8.60000000,47.70550000000,0.2253000000,0.000000,2.000000,347.00,0.11615000,5.9590000,88.24000,4706.54,0.666755,0.750000,0.1267,4.665200,-0.70657,
"Kepler-1685 b","Kepler-1685",296.1882618,43.9368118,"Transit","Kepler",2020,2.57673985,7.16000000,20.49050000000,0.1485000000,0.000000,2.300000,625.00,0.06618000,4.9610000,89.98000,5484.00,0.835451,0.960000,0.2100,4.576500,-0.24507,
"Kepler-1688 b","Kepler-1688",289.5530051,41.2978532,"Transit","Kepler",2020,1.26174569,2.13000000,5.62012000000,0.0577000000,0.000000,5.830000,772.00,0.02037000,2.7510000,78.72000,4632.11,0.746000,0.814000,-0.0460,4.600000,-0.63600,
"Kepler-1690 b","Kepler-1690",288.1566649,41.8779417,"Transit","Kepler",2020,2.81109223,8.30000000,234.63600000000,0.7097000000,0.000000,2.050000,267.00,0.09263000,6.8970000,89.99000,5404.00,0.862346,0.940000,0.0000,4.539830,-0.24308,
"Kepler-1693 b","Kepler-1693",290.2015581,48.1857799,"Transit","Kepler",2020,1.28938413,2.21000000,12.09990000000,0.1011000000,0.000000,5.670000,807.00,0.01655000,3.3580000,89.69000,5432.34,0.878295,0.950000,0.0260,4.528510,-0.21808,
"Kepler-1697 b","Kepler-1697",287.6633310,43.4713782,"Transit","Kepler",2020,1.25954761,2.12000000,33.49690000000,0.2008000000,0.000000,5.830000,630.00,0.01686000,4.1110000,86.86000,4681.53,0.772344,0.747000,0.0341,4.535770,-0.58813,
"Kepler-1699 b","Kepler-1699",292.1373281,48.9171579,"Transit","Kepler",2020,1.56671124,3.08000000,3.49082000000,0.0418000000,0.000000,4.400000,1010.00,0.03368000,1.4513000,89.64000,5575.53,0.725000,0.810000,0.2250,4.618000,-0.33900,
"Kepler-1700 b","Kepler-1700",286.9497376,45.3537626,"Transit","Kepler",2020,2.90129941,8.76000000,234.23900000000,0.7609400000,0.000000,1.970000,329.00,0.04665000,12.9250000,89.02000,6031.00,1.093700,1.120000,0.0700,4.409490,0.15405,
"Kepler-1704 b","Kepler-1704",291.2012559,51.1442437,"Transit","Kepler",2021,11.94877343,1322.16617312,988.88112000000,2.0270000000,0.920000,4.070000,253.80,0.50600000,6.0070000,89.00000,5746.00,1.697000,1.132000,0.1960,4.031000,0.45179,
"Kepler-1705 b","Kepler-1705",301.5785316,44.3121639,"Transit","Kepler",2021,2.03000000,4.47000000,9.03502000000,0.0800000000,0.033000,2.977353,789.00,0.01916000,5.9200000,88.79000,6312.00,1.259000,1.139000,-0.2000,4.298000,0.35411,
"Kepler-171 b","Kepler-171",296.7719082,41.7555958,"Transit","Kepler",2014,2.34000000,6.08000000,4.16697200000,0.0500000000,0.000000,2.610000,1053.00,0.08799000,2.7410000,89.89000,5642.00,0.839000,0.978000,0.1700,4.566000,-0.07917,
"Kepler-171 c","Kepler-171",296.7719082,41.7555958,"Transit","Kepler",2014,2.56000000,7.08000000,11.46346200000,0.0980000000,0.000000,2.320000,752.00,0.10245000,2.5660000,89.83000,5642.00,0.839000,0.978000,0.1700,4.566000,-0.07917,
"Kepler-1713 b","Kepler-1713",287.3456737,43.3783894,"Transit","Kepler",2021,1.71673535,3.59000000,18.01160049000,0.1418500000,0.000000,3.900000,900.00,0.01029000,6.7367000,83.74000,6477.00,1.459000,1.300000,0.1000,4.224000,0.48598,
"Kepler-1716 b","Kepler-1716",297.2717207,43.3330644,"Transit","Kepler",2021,2.42476850,6.46000000,35.58100128000,0.1883600000,0.000000,2.490000,408.00,0.09881000,3.9885000,90.00000,4894.00,0.684000,0.753000,-0.2400,4.637000,-0.62363,
"Kepler-1717 b","Kepler-1717",295.2126472,49.5621600,"Transit","Kepler",2021,2.98929758,9.21000000,30.65279961000,0.2014000000,0.000000,1.890000,780.00,0.02918000,4.9030000,88.89000,6200.00,1.640000,1.158000,-0.0600,4.072000,0.59298,
"Kepler-1718 b","Kepler-1718",292.2349191,42.9094618,"Transit","Kepler",2021,2.56852070,7.12000000,135.18800350000,0.4841800000,0.000000,2.310000,345.00,0.06634000,8.8191000,89.99000,5731.00,0.906000,0.846000,-0.3200,4.451000,-0.03990,
"Kepler-172 c","Kepler-172",283.3684093,41.8218390,"Transit","Kepler",2014,2.86000000,8.55000000,6.38899600000,0.0680000000,0.000000,2.010000,970.00,0.05433000,3.3890000,83.26000,5526.00,1.085000,1.081000,0.3900,4.375000,-0.03187,
"Kepler-172 d","Kepler-172",283.3684093,41.8218390,"Transit","Kepler",2014,2.25000000,5.69000000,14.62711900000,0.1180000000,0.000000,2.740000,736.00,0.03964000,3.5410000,84.97000,5526.00,1.085000,1.081000,0.3900,4.375000,-0.03187,
"Kepler-1737 b","Kepler-1737",297.0148111,47.4864170,"Transit","Kepler",2021,5.39500000,25.10000000,64.61750031000,0.2970000000,0.000000,0.878000,383.00,0.24866000,5.7960000,88.90000,5043.00,0.881000,0.834000,0.3000,4.470000,-0.34400,
"Kepler-1755 b","Kepler-1755",296.8460920,40.1385777,"Transit","Kepler",2021,5.91688317,29.40000000,24.81209946000,0.1668000000,0.000000,0.780000,631.00,0.20908000,3.2245000,89.96000,6086.00,0.921000,1.003000,-0.2600,4.511000,0.27353,
"Kepler-1767 b","Kepler-1767",293.6441248,46.9896696,"Transit","Kepler",2021,3.01299077,9.34000000,59.65829849000,0.2873000000,0.000000,1.880000,393.00,0.10438000,5.2390000,88.38000,5243.00,0.831000,0.887000,0.1400,4.547000,-0.50273,
"Kepler-177 b","Kepler-177",286.0471442,45.0532038,"Transit","Kepler",2013,3.50000000,5.84000000,36.86010000000,0.2110100000,0.000000,0.750000,549.00,0.07141000,7.4950000,89.93000,5732.00,1.324000,0.921000,-0.1100,4.100000,0.24000,
"Kepler-177 c","Kepler-177",286.0471442,45.0532038,"Transit","Kepler",2013,8.73000000,14.70000000,49.40926000000,0.2565500000,0.000000,0.121000,497.00,0.36430000,5.2430000,88.79500,5732.00,1.324000,0.921000,-0.1100,4.100000,0.24000,
"Kepler-1771 b","Kepler-1771",292.0134714,49.0191267,"Transit","Kepler",2021,4.05537256,15.50000000,88.64399719000,0.3815000000,0.000000,1.280000,391.00,0.06255000,7.8200000,89.34000,5661.00,0.934000,0.941000,0.0000,4.471000,-0.09240,
"Kepler-1773 b","Kepler-1773",286.2232284,38.2581676,"Transit","Kepler",2021,3.50469499,12.10000000,40.80970001000,0.2483100000,0.000000,1.540000,623.00,0.04361000,2.7015000,88.57000,6183.00,1.300000,1.241000,0.2600,4.301000,0.40462,
"Kepler-178 d","Kepler-178",287.1010275,46.8964033,"Transit","Kepler",2014,3.95000000,14.80000000,96.67898800000,0.3970000000,0.000000,1.320000,392.00,0.09513000,6.2760000,89.85000,5676.00,1.066000,0.852000,-0.0400,4.334000,-0.20778,
"Kepler-1780 b","Kepler-1780",294.0839282,42.8095104,"Transit","Kepler",2021,3.60600667,12.70000000,109.44499970000,0.4276000000,0.000000,1.490000,340.00,0.12696000,4.1532000,89.96000,5403.00,0.868000,0.868000,0.0000,4.500000,-0.21660,
"Kepler-1781 b","Kepler-1781",291.7114906,42.3415097,"Transit","Kepler",2021,2.38091029,6.26000000,4.88752985000,0.0574000000,0.000000,2.550000,1003.00,0.07290000,1.9913000,89.55000,5568.00,0.957000,1.053000,0.4400,4.499000,-0.36088,
"Kepler-1782 b","Kepler-1782",280.9261620,44.0878036,"Transit","Kepler",2021,2.22927435,5.60000000,5.75622987700,0.0582500000,0.000000,2.780000,773.00,0.06307000,1.0710000,87.61000,4931.00,0.734000,0.794000,0.0000,4.605000,-0.55623,
"Kepler-1783 b","Kepler-1783",297.0210984,41.3771655,"Transit","Kepler",2021,1.31946731,2.30000000,8.27744007100,0.0759500000,0.000000,5.500000,1088.00,0.01859000,2.7043000,89.35000,5129.00,1.781000,0.887000,-0.1600,3.884000,-0.45102,
"Kepler-1786 b","Kepler-1786",292.5877743,38.5219827,"Transit","Kepler",2021,3.16305828,10.10000000,78.54609680000,0.3572200000,0.000000,1.750000,501.00,0.06587000,8.6840000,89.96000,5808.00,1.397000,1.058000,0.1400,4.172000,0.15863,
"Kepler-1788 b","Kepler-1788",291.2243829,45.7780993,"Transit","Kepler",2021,2.37850461,6.25000000,2.80012011500,0.0343000000,0.000000,2.550000,956.00,0.07067000,0.9654000,86.54000,4786.00,0.704000,0.686000,-0.2000,4.579000,-0.61055,
"Kepler-179 c","Kepler-179",298.6636163,47.7619329,"Transit","Kepler",2014,2.00000000,4.66000000,6.40013000000,0.0640000000,0.000000,3.200000,810.00,0.07432000,1.8420000,85.83000,5302.00,0.759000,0.893000,0.1200,4.613000,-0.27765,
"Kepler-1790 b","Kepler-1790",294.5668577,46.0757312,"Transit","Kepler",2021,3.14461450,10.00000000,31.58889961000,0.2098900000,0.000000,1.770000,682.00,0.03606000,3.4026000,89.84000,5866.00,1.367000,1.020000,0.0000,4.175000,0.38334,
"Kepler-1796 b","Kepler-1796",301.5430397,44.6056251,"Transit","Kepler",2021,2.75047868,8.00000000,29.45579910000,0.1879000000,0.000000,2.110000,598.00,0.05338000,3.4510000,89.98000,6036.00,0.949000,1.018000,-0.1600,4.491000,0.11795,
"Kepler-1801 b","Kepler-1801",295.1640095,39.2014024,"Transit","Kepler",2021,2.70926154,7.80000000,10.44089985000,0.0915000000,0.000000,2.160000,829.00,0.08377000,3.4464000,84.89000,5738.00,0.981000,0.936000,-0.0600,4.426000,-0.22269,
"Kepler-1804 b","Kepler-1804",301.3428675,44.6721750,"Transit","Kepler",2021,1.59615726,3.18000000,12.28849983000,0.1017000000,0.000000,4.300000,913.00,0.03669000,2.8130000,88.64000,5109.00,1.671000,0.929000,0.1000,3.960000,-0.51152,
"Kepler-1808 b","Kepler-1808",287.2924737,39.3832039,"Transit","Kepler",2021,3.02511302,9.40000000,23.34040070000,0.1467000000,0.000000,1.870000,601.00,0.06151000,2.1355000,89.83000,5530.00,0.892000,0.773000,-0.3400,4.425000,-0.06242,
"Kepler-1812 b","Kepler-1812",298.0845087,40.2832525,"Transit","Kepler",2021,2.32494240,6.01000000,7.16521978400,0.0765000000,0.000000,2.630000,1034.00,0.04338000,1.6563000,89.75000,6174.00,1.103000,1.162000,0.1000,4.417000,0.27988,
"Kepler-1813 b","Kepler-1813",292.2399069,48.5115214,"Transit","Kepler",2021,1.41300000,2.58000000,2.81816005700,0.0364000000,0.000000,5.030000,1059.00,0.03703000,1.7758000,88.52000,5167.00,0.787000,0.812000,-0.0400,4.555000,-0.40000,
"Kepler-1816 b","Kepler-1816",296.8509823,50.6987736,"Transit","Kepler",2021,1.96793970,4.53000000,91.50099945000,0.3564700000,0.000000,3.270000,310.00,0.07048000,4.8420000,89.99000,5051.00,0.706000,0.786000,-0.2400,4.628000,-0.53145,
"Kepler-1818 b","Kepler-1818",284.3284866,40.5688741,"Transit","Kepler",2021,1.71360684,3.58000000,4.64490985900,0.0550000000,0.000000,3.910000,1209.00,0.01474000,3.3660000,88.31000,6047.00,1.129000,1.021000,-0.0800,4.343000,0.26100,
"Kepler-182 b","Kepler-182",289.8301128,50.5862025,"Transit","Kepler",2014,2.58000000,7.18000000,9.82579200000,0.0960000000,0.000000,2.300000,935.00,0.04333000,4.9610000,83.03000,6250.00,1.146000,1.114000,0.0720,4.401000,0.34366,
"Kepler-182 c","Kepler-182",289.8301128,50.5862025,"Transit","Kepler",2014,3.43000000,11.60000000,20.68434200000,0.1570000000,0.000000,1.580000,729.00,0.08585000,6.4160000,88.74000,6250.00,1.146000,1.114000,0.0720,4.401000,0.34366,
"Kepler-1825 b","Kepler-1825",292.5140647,42.6517554,"Transit","Kepler",2021,1.42200732,2.61000000,1.02586996600,0.0187000000,0.000000,4.990000,1520.00,0.02707000,0.8069000,83.02000,5123.00,0.847000,0.828000,0.1400,4.501000,-0.53158,
"Kepler-1827 b","Kepler-1827",292.2525301,40.7927895,"Transit","Kepler",2021,1.85644292,4.10000000,3.70061993600,0.0464700000,0.000000,3.520000,1329.00,0.00686000,5.4080000,79.31000,5423.00,1.404000,0.915000,0.0800,4.105000,0.18700,
"Kepler-1828 b","Kepler-1828",292.4275963,37.3207616,"Transit","Kepler",2021,2.11598626,5.13000000,10.27379990000,0.0924000000,0.000000,2.980000,799.00,0.03528000,3.2330000,89.71000,5806.00,0.899000,0.996000,-0.0400,4.528000,-0.11128,
"Kepler-1836 b","Kepler-1836",292.3150933,40.8387799,"Transit","Kepler",2021,2.55303229,7.05000000,5.25416994100,0.0602000000,0.000000,2.330000,1093.00,0.04618000,2.9878000,89.97000,6123.00,0.987000,1.053000,-0.1400,4.472000,0.01616,
"Kepler-184 c","Kepler-184",291.9518784,43.0746172,"Transit","Kepler",2014,1.97000000,8.80000000,20.30300500000,0.1410000000,0.000000,6.320000,630.00,0.05334000,4.3480000,87.96000,5788.00,0.873000,0.872000,-0.1958,4.510000,-0.22509,
"Kepler-1844 b","Kepler-1844",292.6903973,37.9345682,"Transit","Kepler",2021,3.03648191,9.46000000,3.92451000200,0.0478000000,0.000000,1.860000,1074.00,0.04635000,3.7080000,89.22000,5776.00,0.849000,0.939000,-0.1800,4.554000,0.22606,
"Kepler-1849 b","Kepler-1849",285.2919300,41.2557275,"Transit","Kepler",2021,2.38685349,6.29000000,57.29290009000,0.2597000000,0.000000,2.540000,355.00,0.07736000,4.8780000,89.99000,4806.00,0.729000,0.709000,-0.1000,4.564000,-0.66231,
"Kepler-1851 b","Kepler-1851",285.6737597,45.6398375,"Transit","Kepler",2021,3.90012032,14.50000000,12.02289963000,0.1016000000,0.000000,1.340000,776.00,0.07786000,1.2667000,87.95000,5982.00,0.879000,0.967000,-0.2800,4.535000,0.06007,
"Kepler-1857 b","Kepler-1857",296.4557129,39.5985370,"Transit","Kepler",2021,1.96065412,4.50000000,8.94340992000,0.0830800000,0.000000,3.280000,946.00,0.02151000,2.4690000,89.66000,6074.00,1.005000,0.873000,-0.5400,4.375000,0.20520,
"Kepler-1858 b","Kepler-1858",292.3074315,46.6265790,"Transit","Kepler",2021,2.42168247,6.44000000,88.07160187000,0.3575000000,0.000000,2.490000,330.00,0.09550000,6.7720000,89.79000,4939.00,0.819000,0.785000,0.1600,4.506000,-0.45269,
"Kepler-1859 b","Kepler-1859",293.9886751,46.7179996,"Transit","Kepler",2021,1.58313575,3.13000000,2.72959995300,0.0394000000,0.000000,4.330000,1455.00,0.01456000,2.7210000,85.66000,5887.00,1.235000,1.090000,0.1600,4.292000,0.15429,
"Kepler-1859 c","Kepler-1859",293.9886751,46.7179996,"Transit","Kepler",2023,1.66000000,3.39000000,3.59645081000,0.0473000000,0.000000,4.070000,1327.00,0.01496000,2.6610000,83.31000,5887.00,1.235000,1.090000,0.1600,4.292000,0.15429,
"Kepler-1863 b","Kepler-1863",282.2397185,43.2440854,"Transit","Kepler",2021,2.26309256,5.74000000,44.99760056000,0.2367800000,0.000000,2.720000,508.00,0.01702000,9.6860000,86.35000,5871.00,0.983000,1.097000,0.2100,4.493000,0.40952,
"Kepler-1865 b","Kepler-1865",293.9412380,41.5904136,"Transit","Kepler",2021,1.57686072,3.11000000,2.52400994300,0.0344000000,0.000000,4.360000,1203.00,0.03030000,1.1968000,89.73000,5420.00,0.871000,0.849000,-0.0600,4.487000,-0.32913,
"Kepler-1870 b","Kepler-1870",293.9335076,40.5907040,"Transit","Kepler",2021,2.10143764,5.07000000,3.60694003100,0.0452000000,0.000000,3.000000,1046.00,0.04317000,1.0258000,86.68000,5508.00,0.840000,0.955000,0.0700,4.569000,-0.22577,
"Kepler-1872 b","Kepler-1872",281.0491988,43.3225996,"Transit","Kepler",2021,2.38421141,6.28000000,3.82591009100,0.0465000000,0.000000,2.550000,1005.00,0.09344000,1.8057000,81.86000,5223.00,0.885000,0.913000,0.3200,4.505000,-0.50562,
"Kepler-1874 b","Kepler-1874",286.3718158,43.6920810,"Transit","Kepler",2021,2.21110724,5.52000000,56.57320023000,0.2633000000,0.000000,2.810000,356.00,0.07833000,4.1880000,88.76000,4701.00,0.775000,0.758000,0.2400,4.540000,-0.57700,
"Kepler-188 c","Kepler-188",281.2797173,44.3154743,"Transit","Kepler",2014,3.19000000,10.30000000,5.99655300000,0.0660000000,0.000000,1.740000,1025.00,0.07114000,3.2310000,87.63000,6021.00,1.141000,1.021000,0.1500,4.346000,0.03447,
"Kepler-1886 b","Kepler-1886",296.2645118,39.4059745,"Transit","Kepler",2021,2.58158428,7.18000000,24.27580070000,0.1600000000,0.000000,2.290000,580.00,0.07022000,4.5900000,89.32000,5745.00,0.837000,0.928000,-0.2000,4.559000,-0.16101,
"Kepler-1889 b","Kepler-1889",297.1992577,41.2264404,"Transit","Kepler",2021,2.94360686,8.98000000,37.30369949000,0.2082000000,0.000000,1.930000,493.00,0.05517000,7.7930000,87.03000,5646.00,0.817000,0.864000,-0.2800,4.550000,0.21977,
"Kepler-189 b","Kepler-189",287.5646296,44.3050662,"Transit","Kepler",2014,1.21000000,1.92000000,10.39993100000,0.0880000000,0.000000,5.960000,678.00,0.02753000,3.4170000,87.28000,5235.00,0.750000,0.803000,-0.0400,4.619000,-0.44774,
"Kepler-1890 b","Kepler-1890",292.5778203,40.6679032,"Transit","Kepler",2021,0.86867375,0.58700000,4.82059001900,0.0571200000,0.000000,4.920000,1328.00,0.00409000,3.4680000,77.54000,6046.00,1.396000,1.024000,-0.1600,4.158000,0.26655,
"Kepler-1892 b","Kepler-1892",299.0810070,42.0180957,"Transit","Kepler",2021,1.83707938,4.03000000,6.33123016400,0.0633000000,0.000000,3.570000,822.00,0.03066000,2.6880000,89.70000,5383.00,0.759000,0.851000,-0.2200,4.603000,-0.30112,
"Kepler-19 b","Kepler-19",290.4209694,37.8516556,"Transit","Kepler",2011,2.20900000,6.10000000,9.28699000000,0.0846000000,0.410000,3.100000,851.00,0.06917000,3.3652000,89.94000,5541.00,0.859000,0.936000,-0.1300,4.550000,-0.16056,
"Kepler-19 d","Kepler-19",290.4209694,37.8516556,"Radial Velocity","Roque de los Muchachos Observatory",2017,5.06000000,22.50000000,62.95000000000,,0.050000,0.954000,,,,,5544.00,0.859000,0.936000,-0.0800,4.510000,-0.16056,
"Kepler-190 b","Kepler-190",288.5839761,44.7337701,"Transit","Kepler",2014,1.56000000,3.05000000,2.01999900000,0.0300000000,0.000000,4.410000,1166.00,0.03417000,1.8210000,86.20000,5106.00,0.795000,0.834000,0.0600,4.561000,-0.44055,
"Kepler-190 c","Kepler-190",288.5839761,44.7337701,"Transit","Kepler",2014,1.46000000,2.73000000,3.76302400000,0.0450000000,0.000000,4.820000,948.00,0.03613000,1.5360000,86.43000,5106.00,0.795000,0.834000,0.0600,4.561000,-0.44055,
"Kepler-1901 b","Kepler-1901",291.1643587,45.3183061,"Transit","Kepler",2021,1.47418907,2.77000000,3.48412990600,0.0453000000,0.000000,4.750000,1132.00,0.01616000,1.3560000,89.68000,5696.00,0.921000,1.022000,0.1400,4.519000,-0.00315,
"Kepler-1905 b","Kepler-1905",292.5733475,46.3668273,"Transit","Kepler",2021,1.44607340,2.69000000,3.42392993000,0.0451000000,0.000000,4.890000,1212.00,0.01531000,1.7940000,89.16000,5788.00,1.015000,1.038000,0.1600,4.442000,-0.02528,
"Kepler-1906 b","Kepler-1906",293.8266166,38.8565906,"Transit","Kepler",2021,2.77615754,8.13000000,7.36268997200,0.0738000000,0.000000,2.090000,901.00,0.04293000,1.3287000,89.65000,5868.00,0.894000,0.987000,-0.1200,4.530000,0.24215,
"Kepler-191 b","Kepler-191",291.1833211,45.3230937,"Transit","Kepler",2014,1.34000000,2.36000000,9.93963200000,0.0870000000,0.000000,5.390000,722.00,0.03001000,2.9170000,84.14000,5282.00,0.789000,0.857000,0.1300,4.594000,-0.41450,
"Kepler-1914 b","Kepler-1914",291.4314024,38.6543635,"Transit","Kepler",2021,2.94298030,8.97000000,30.82789993000,0.1954000000,0.000000,1.930000,585.00,0.06413000,4.1920000,89.98000,5982.00,0.960000,1.047000,-0.0400,4.493000,0.07728,
"Kepler-1916 b","Kepler-1916",293.0705754,48.3876790,"Transit","Kepler",2021,2.61757235,7.35000000,31.25429916000,0.2053000000,0.000000,2.250000,635.00,0.04380000,5.6620000,89.98000,6246.00,1.092000,1.180000,0.0700,4.433000,0.21407,
"Kepler-1922 b","Kepler-1922",292.3303706,37.9970696,"Transit","Kepler",2021,2.29064904,5.86000000,13.22259998000,0.1077000000,0.000000,2.680000,740.00,0.02617000,4.3370000,83.99000,5931.00,0.863000,0.953000,-0.2800,4.545000,0.15221,
"Kepler-1924 b","Kepler-1924",293.7673860,42.8291562,"Transit","Kepler",2021,2.65446572,7.53000000,15.33170033000,0.1216000000,0.000000,2.210000,821.00,0.01792000,5.2390000,86.55000,5726.00,1.285000,1.018000,0.1600,4.228000,0.45229,
"Kepler-193 c","Kepler-193",296.4985951,46.5772484,"Transit","Kepler",2014,2.75000000,8.00000000,50.69749400000,0.2860000000,0.000000,2.110000,595.00,0.06109000,6.1150000,89.88000,6335.00,1.147000,1.051000,0.0000,4.403000,0.09956,
"Kepler-1932 b","Kepler-1932",285.3314903,41.0638435,"Transit","Kepler",2021,1.51482218,2.91000000,0.52417701500,0.0123000000,0.000000,4.600000,1891.00,0.02360000,0.7648000,86.42000,5278.00,0.815000,0.911000,0.1400,4.576000,-0.35191,
"Kepler-1933 b","Kepler-1933",283.9950850,39.9170121,"Transit","Kepler",2021,1.17984089,1.76000000,4.94329023400,0.0560500000,0.000000,5.890000,1058.00,0.01262000,2.9334000,79.91000,5661.00,1.008000,0.964000,0.1000,4.415000,-0.11595,
"Kepler-1934 b","Kepler-1934",290.9193265,37.2871677,"Transit","Kepler",2021,0.91307734,0.70200000,1.41975998900,0.0246600000,0.000000,5.070000,1700.00,0.00581000,1.5126000,83.77000,5925.00,1.035000,0.968000,-0.1400,4.394000,0.10850,
"Kepler-1940 b","Kepler-1940",291.2042027,45.2383344,"Transit","Kepler",2021,1.54732469,3.01000000,4.95061016100,0.0525000000,0.000000,4.460000,885.00,0.03095000,1.8080000,88.69000,5431.00,0.717000,0.802000,-0.4400,4.623000,-0.37735,
"Kepler-1947 b","Kepler-1947",296.1040313,42.3425818,"Transit","Kepler",2021,1.01016660,1.01000000,6.96363019900,0.0737500000,0.000000,5.380000,1298.00,0.00681000,3.1760000,89.69000,6040.00,1.686000,0.984000,-0.4400,3.978000,0.11057,
"Kepler-1948 b","Kepler-1948",287.3640804,47.7853043,"Transit","Kepler",2021,1.03283226,1.09000000,15.57129955000,0.1022000000,0.000000,5.440000,399.00,0.01774000,2.1550000,89.64000,3872.00,0.557000,0.585000,0.1200,4.714000,-0.86170,
"Kepler-1950 b","Kepler-1950",287.0874563,42.6686537,"Transit","Kepler",2021,1.52696349,2.95000000,10.77690029000,0.0871000000,0.000000,4.550000,752.00,0.01583000,2.6160000,89.87000,5455.00,0.852000,0.759000,-0.3400,4.457000,-0.22345,
"Kepler-1952 b","Kepler-1952",288.0764082,43.9584839,"Transit","Kepler",2021,1.23923346,2.07000000,27.21080017000,0.1724000000,0.000000,5.980000,725.00,0.00979000,10.5150000,80.02000,5973.00,1.305000,0.922000,-0.3400,4.171000,0.29100,
"Kepler-1953 b","Kepler-1953",287.9680995,46.4705959,"Transit","Kepler",2021,1.28574667,2.20000000,6.24565982800,0.0607000000,0.000000,5.690000,731.00,0.02120000,2.3720000,87.87000,4858.00,0.707000,0.786000,-0.0200,4.622000,-0.62962,
"Kepler-1955 b","Kepler-1955",299.5347603,40.4777528,"Transit","Kepler",2021,1.16654878,1.69000000,14.26519966000,0.1195900000,0.000000,5.850000,853.00,0.00663000,3.6010000,89.29000,5825.00,1.291000,1.049000,0.1400,4.237000,0.22965,
"Kepler-1959 b","Kepler-1959",296.0223010,44.7326691,"Transit","Kepler",2021,1.14315727,1.57000000,6.38669014000,0.0617000000,0.000000,5.780000,811.00,0.02296000,1.2428000,89.98000,5071.00,0.811000,0.768000,-0.0200,4.505000,-0.47365,
"Kepler-196 c","Kepler-196",284.9685077,42.0791214,"Transit","Kepler",2014,2.24000000,5.65000000,47.42773700000,0.2400000000,0.000000,2.760000,407.00,0.08499000,5.1140000,89.27000,5128.00,0.782000,0.839000,0.0300,4.566000,-0.39257,
"Kepler-1962 b","Kepler-1962",289.5483989,40.1641457,"Transit","Kepler",2021,1.21463929,1.95000000,7.99145984600,0.0783000000,0.000000,5.980000,901.00,0.01450000,3.2000000,81.62000,5700.00,1.006000,1.003000,0.1600,4.434000,-0.12198,
"Kepler-1968 b","Kepler-1968",291.5080318,45.3700933,"Transit","Kepler",2021,1.50004034,2.86000000,7.28109979600,0.0696000000,0.000000,4.660000,744.00,0.03338000,2.7160000,89.72000,5008.00,0.788000,0.844000,0.1800,4.572000,-0.64972,
"Kepler-197 c","Kepler-197",295.2264739,50.5592348,"Transit","Kepler",2014,1.23000000,5.30000000,10.34969500000,0.0900000000,0.080000,15.700000,930.00,0.01252000,4.2510000,83.51000,6004.00,1.120000,0.857000,-0.4410,4.304000,0.22187,
"Kepler-1978 b","Kepler-1978",286.0067312,38.0095407,"Transit","Kepler",2023,2.67000000,7.61000000,10.84969477000,0.0914000000,0.000000,2.200000,676.00,0.11221000,3.4740000,88.49000,5251.00,0.778000,0.869000,-0.0400,4.592000,-0.29793,
"Kepler-198 d","Kepler-198",290.6731326,38.6910045,"Transit","Kepler",2016,1.53000000,2.96000000,1.31184443000,0.0234200000,0.000000,4.540000,1562.00,0.02628000,1.7729000,88.78000,5636.00,0.930000,0.970000,0.0400,4.490000,-0.10890,
"Kepler-1982 b","Kepler-1982",287.4099905,39.6586267,"Transit","Kepler",2023,0.77000000,0.38100000,3.82315697000,0.0511000000,0.000000,4.590000,1282.00,0.00472000,2.3880000,89.70000,6202.00,1.122000,1.213000,0.2100,4.422000,0.37137,
"Kepler-1984 b","Kepler-1984",291.2850446,40.7300225,"Transit","Kepler",2023,6.81000000,37.30000000,1.99281233900,0.0238000000,0.000000,0.649000,675.00,0.03148000,2.0660000,55.11000,3638.00,0.420000,0.450000,-0.1400,4.844000,-1.55000,
"Kepler-1987 d","Kepler-1987",295.8254663,42.9433716,"Transit","Kepler",2023,2.66000000,7.56000000,5.64491415400,0.0571000000,0.000000,2.210000,744.00,0.13979000,2.2599000,88.57000,4769.00,0.714000,0.799000,0.1200,4.622000,-0.61631,
"Kepler-1988 b","Kepler-1988",298.6738034,43.7955099,"Transit","Kepler",2023,1.53000000,2.96000000,11.49500229000,0.1038000000,0.000000,4.540000,1105.00,0.00514000,7.6020000,79.67000,6033.00,1.788000,1.127000,-0.1000,3.985000,0.58200,
"Kepler-199 c","Kepler-199",295.5594278,40.2362490,"Transit","Kepler",2014,3.25000000,10.60000000,67.09340800000,0.3160000000,0.000000,1.700000,420.00,0.12939000,6.9310000,88.93000,5644.00,0.967000,0.960000,0.0000,4.438000,-0.09685,
"Kepler-1990 c","Kepler-1990",299.7047433,44.4357068,"Transit","Kepler",2023,0.98000000,0.90400000,4.06844957000,0.0504000000,0.000000,5.280000,1170.00,0.00798000,2.8349000,86.61000,5751.00,1.071000,1.028000,0.2100,4.391000,0.11702,
"Kepler-1992 b","Kepler-1992",295.0902409,45.0811045,"Transit","Kepler",2023,0.91000000,0.69300000,15.61122380000,0.1169000000,0.000000,5.050000,637.00,0.01135000,3.8730000,89.03000,5383.00,0.842000,0.874000,0.0000,4.528000,-0.00858,
"Kepler-1995 b","Kepler-1995",284.3427250,46.3165907,"Transit","Kepler",2023,4.28000000,16.90000000,73.75788750000,0.3259000000,0.000000,1.180000,375.00,0.18369000,2.6900000,89.74000,5029.00,0.930000,0.847000,0.4800,4.429000,-0.55559,
"Kepler-1996 c","Kepler-1996",285.2537555,46.5822183,"Transit","Kepler",2023,2.81000000,8.30000000,92.72972480000,0.3608000000,0.000000,2.060000,276.00,0.12575000,6.8300000,89.19000,4580.00,0.675000,0.748000,0.0800,4.641000,-0.65721,
"Kepler-1997 b","Kepler-1997",297.4808253,46.5891373,"Transit","Kepler",2023,2.28000000,5.82000000,26.75758660000,0.1815000000,0.000000,2.700000,660.00,0.04553000,5.8580000,89.29000,6215.00,1.052000,1.111000,-0.0600,4.440000,0.13162,
"Kepler-2001 c","Kepler-2001",291.6594558,50.5838585,"Transit","Kepler",2023,1.82000000,3.97000000,14.09258318900,0.1084000000,0.000000,3.620000,597.00,0.05304000,4.1536000,88.45000,5081.00,0.770000,0.864000,0.1200,4.596000,-0.54627,
"Kepler-203 b","Kepler-203",297.0899590,41.3880686,"Transit","Kepler",2014,2.57000000,7.13000000,3.16269700000,0.0430000000,0.000000,2.310000,1308.00,0.05261000,1.9000000,85.47000,5821.00,1.114000,1.060000,0.0800,4.358000,0.09370,
"Kepler-203 d","Kepler-203",297.0899590,41.3880686,"Transit","Kepler",2014,1.44000000,33.90000000,11.32972000000,0.1000000000,0.000000,62.400000,855.00,0.01743000,3.9920000,89.91000,5821.00,1.114000,1.060000,0.0800,4.358000,0.09370,
"Kepler-204 b","Kepler-204",285.3471620,41.7618450,"Transit","Kepler",2014,2.53000000,6.94000000,14.40097400000,0.1170000000,0.000000,2.350000,828.00,0.03964000,3.9060000,86.44000,5812.00,1.238000,1.038000,0.0700,4.269000,0.02981,
"Kepler-204 c","Kepler-204",285.3471620,41.7618450,"Transit","Kepler",2014,1.79000000,3.86000000,25.66059300000,0.1730000000,0.000000,3.700000,683.00,0.01692000,4.3830000,87.88000,5812.00,1.238000,1.038000,0.0700,4.269000,0.02981,
"Kepler-205 b","Kepler-205",285.2866912,41.8609357,"Transit","Kepler",2014,1.51000000,2.89000000,2.75564000000,0.0320000000,0.000000,4.610000,757.00,0.05464000,1.9480000,85.06000,4321.00,0.546000,0.592000,-0.1254,4.735000,-0.95618,"M1 V"
"Kepler-207 d","Kepler-207",290.0305195,42.1660555,"Transit","Kepler",2014,3.31000000,11.00000000,5.86807500000,0.0680000000,0.000000,1.670000,1254.00,0.04356000,3.9700000,83.38000,5920.00,1.588000,1.313000,0.2900,4.129000,0.53430,
"Kepler-209 b","Kepler-209",291.1694567,42.6407281,"Transit","Kepler",2014,2.26000000,5.73000000,16.08784500000,0.1220000000,0.000000,2.730000,668.00,0.06125000,2.8780000,88.05000,5513.00,0.935000,0.971000,0.1100,4.472000,-0.12879,
"Kepler-212 b","Kepler-212",287.6208165,43.1416239,"Transit","Kepler",2014,1.09000000,1.32000000,16.25758200000,0.1330000000,0.000000,5.600000,830.00,0.00597000,6.5960000,89.61000,5852.00,1.455000,1.166000,0.2200,4.182000,0.38347,
"Kepler-216 c","Kepler-216",293.7280695,46.1291139,"Transit","Kepler",2014,3.04000000,9.48000000,17.40666900000,0.1360000000,0.000000,1.850000,814.00,0.05818000,6.8690000,89.94000,6091.00,1.260000,1.126000,-0.1489,4.280000,0.51836,
"Kepler-218 b","Kepler-218",295.4128785,46.2665801,"Transit","Kepler",2014,1.48000000,2.79000000,3.61933700000,0.0460000000,0.000000,4.730000,1156.00,0.02066000,3.0140000,89.27000,5502.00,1.063000,1.019000,0.3700,4.391000,0.00935,
"Kepler-219 c","Kepler-219",288.7389481,46.7625929,"Transit","Kepler",2014,3.58000000,12.50000000,22.71461300000,0.1650000000,0.000000,1.500000,766.00,0.05686000,5.8080000,87.36000,5786.00,1.491000,1.164000,0.3600,4.157000,0.21390,
"Kepler-220 b","Kepler-220",291.5060432,46.8956262,"Transit","Kepler",2014,0.81000000,0.45700000,4.15980700000,0.0460000000,0.000000,4.730000,759.00,0.01592000,1.6260000,87.37000,4632.00,0.666000,0.729000,-0.1738,4.652000,-0.67594,
"Kepler-221 d","Kepler-221",296.6547477,46.8352242,"Transit","Kepler",2014,2.73000000,3.61000000,10.04156000000,0.0870000000,0.000000,0.900000,712.00,0.11553000,2.5300000,87.80000,5243.00,0.821000,0.854000,0.0616,4.543000,-0.40429,
"Kepler-222 c","Kepler-222",287.9060885,46.9377479,"Transit","Kepler",2014,4.64000000,19.40000000,10.08881000000,0.0910000000,0.000000,1.070000,734.00,0.21758000,1.7140000,87.60000,5433.00,0.869000,0.933000,0.3300,4.551000,-0.33784,
"Kepler-223 b","Kepler-223",298.3183909,47.2794824,"Transit","Kepler",2014,2.99000000,7.40000000,7.38449000000,0.0752500000,0.078000,1.540000,1042.00,0.03498000,5.7351000,90.00000,5803.00,1.720000,1.125000,0.1000,4.460000,0.37128,
"Kepler-228 b","Kepler-228",296.2860853,48.2246328,"Transit","Kepler",2014,1.53000000,2.96000000,2.56654600000,0.0380000000,0.000000,4.540000,1360.00,0.02265000,2.3270000,82.17000,6043.00,1.014000,1.006000,0.1800,4.467000,0.11115,
"Kepler-23 b","Kepler-23",294.2189131,49.4792536,"Transit","Kepler",2011,1.63800000,2.56000000,7.10000000000,0.0721200000,0.017000,3.186870,1157.00,0.01310000,5.1462000,89.57000,5828.00,1.548000,1.078000,-0.1120,4.090000,0.39783,
"Kepler-230 c","Kepler-230",285.7185682,48.5058038,"Transit","Kepler",2014,2.04000000,4.82000000,91.77324200000,0.3800000000,0.000000,3.120000,359.00,0.06520000,6.0340000,89.61000,5588.00,0.817000,0.784000,-0.2100,4.551000,-0.36784,
"Kepler-232 c","Kepler-232",295.8161668,51.1217249,"Transit","Kepler",2014,3.83000000,14.00000000,11.37934900000,0.1010000000,0.000000,1.370000,806.00,0.10235000,2.6120000,86.80000,5847.00,0.968000,0.970000,0.0300,4.495000,0.05183,
"Kepler-233 b","Kepler-233",296.3665054,51.3194548,"Transit","Kepler",2014,2.43000000,6.48000000,8.47238200000,0.0770000000,0.000000,2.480000,751.00,0.11235000,2.6970000,89.95000,5360.00,0.758000,0.855000,-0.0900,4.614000,-0.32754,
"Kepler-235 b","Kepler-235",286.0790779,39.2782370,"Transit","Kepler",2014,2.23000000,5.60000000,3.34022200000,0.0370000000,0.000000,2.770000,731.00,0.18440000,1.9250000,89.47000,4255.00,0.554000,0.581000,-0.5100,4.730000,-1.10237,"M0 V"
"Kepler-236 b","Kepler-236",283.8664285,39.8981928,"Transit","Kepler",2014,1.57000000,3.09000000,8.29561100000,0.0650000000,0.000000,4.390000,469.00,0.08243000,1.3280000,87.95000,3750.00,0.510000,0.596005,-0.0500,4.753000,-1.22915,"M1 V"
"Kepler-237 b","Kepler-237",283.2213438,40.4217620,"Transit","Kepler",2014,1.41000000,2.57000000,4.71510600000,0.0500000000,0.000000,5.040000,823.00,0.04175000,2.3510000,88.96000,4861.00,0.725000,0.696000,0.2200,4.583000,-0.47742,
"Kepler-238 b","Kepler-238",287.8971066,40.6378141,"Transit","Kepler",2014,1.73000000,3305.02000000,2.09087600000,0.0340000000,0.000000,526.000000,1642.00,0.01159000,3.1930000,77.03000,5751.00,1.430000,1.229000,0.3400,4.194000,0.43048,
"Kepler-238 c","Kepler-238",287.8971066,40.6378141,"Transit","Kepler",2014,2.39000000,152.52200000,6.15555700000,0.0690000000,0.000000,3.200000,1146.00,0.02850000,4.8370000,88.56000,5751.00,1.430000,1.229000,0.3400,4.194000,0.43048,
"Kepler-239 b","Kepler-239",294.2020505,40.6633313,"Transit","Kepler",2014,2.33000000,6.04000000,11.76305100000,0.0950000000,0.000000,2.620000,616.00,0.10373000,2.8990000,89.91000,4914.00,0.763000,0.757000,0.1700,4.583000,-0.47489,
"Kepler-239 c","Kepler-239",294.2020505,40.6633313,"Transit","Kepler",2014,2.51000000,6.85000000,56.22809800000,0.2680000000,0.000000,2.380000,366.00,0.08627000,3.7000000,89.56000,4914.00,0.763000,0.757000,0.1700,4.583000,-0.47489,
"Kepler-24 d","Kepler-24",290.4132621,38.3437283,"Transit","Kepler",2014,1.67000000,293.95900000,4.24438400000,0.0510000000,0.000000,152.000000,1305.00,0.02017000,2.9450000,75.07000,5897.00,1.289000,1.046000,-0.0708,4.200000,0.06400,
"Kepler-24 e","Kepler-24",290.4132621,38.3437283,"Transit","Kepler",2014,2.78000000,26.21180000,18.99835500000,0.1380000000,0.000000,0.310000,792.00,0.04683000,2.9630000,79.72000,5897.00,1.289000,1.046000,-0.0708,4.200000,0.06400,
"Kepler-241 c","Kepler-241",292.9131121,41.0609786,"Transit","Kepler",2014,2.57000000,7.13000000,36.06597800000,0.1890000000,0.000000,2.310000,397.00,0.15638000,4.2730000,89.77000,4699.00,0.668000,0.671000,0.0310,4.627000,-0.60729,
"Kepler-242 b","Kepler-242",286.5656932,41.8084168,"Transit","Kepler",2014,2.61000000,7.32000000,8.20395000000,0.0750000000,0.000000,2.260000,742.00,0.10783000,2.7400000,86.43000,5020.00,0.850000,0.748000,-0.0200,4.492000,-0.61267,
"Kepler-242 c","Kepler-242",286.5656932,41.8084168,"Transit","Kepler",2014,2.00000000,4.66000000,14.49648100000,0.1090000000,0.000000,3.200000,613.00,0.06571000,3.2220000,84.34000,5020.00,0.850000,0.748000,-0.0200,4.492000,-0.61267,
"Kepler-244 b","Kepler-244",287.2426410,42.3014185,"Transit","Kepler",2014,2.76000000,8.05000000,4.31179200000,0.0500000000,0.000000,2.100000,1038.00,0.11540000,2.7350000,89.08000,5554.00,0.803000,0.933000,0.0700,4.585000,-0.25619,
"Kepler-244 c","Kepler-244",287.2426410,42.3014185,"Transit","Kepler",2014,2.05000000,4.86000000,9.76729200000,0.0870000000,0.000000,3.100000,791.00,0.05691000,1.3730000,87.68000,5554.00,0.803000,0.933000,0.0700,4.585000,-0.25619,
"Kepler-244 d","Kepler-244",287.2426410,42.3014185,"Transit","Kepler",2014,2.31000000,15.20000000,20.05040100000,0.1400000000,0.000000,6.780000,622.00,0.08409000,4.5040000,89.31000,5554.00,0.803000,0.933000,0.0700,4.585000,-0.25619,
"Kepler-245 b","Kepler-245",291.6389972,42.4363482,"Transit","Kepler",2014,2.57000000,146.78000000,7.49019000000,0.0710000000,0.000000,0.120000,753.00,0.12124000,2.8040000,89.95000,5100.00,0.795000,0.856000,0.1200,4.560000,-0.39579,
"Kepler-247 c","Kepler-247",288.6425609,43.0393769,"Transit","Kepler",2014,4.09000000,15.70000000,9.43945200000,0.0840000000,0.000000,1.260000,686.00,0.30361000,2.8960000,89.89000,5100.00,0.768000,0.887000,0.3000,4.608000,-0.42165,
"Kepler-249 d","Kepler-249",296.9853002,43.6586043,"Transit","Kepler",2014,1.57000000,3.09000000,15.36845900000,0.0970000000,0.000000,4.390000,332.00,0.07561000,2.6970000,89.86000,3568.00,0.482000,0.510238,-0.3400,4.777000,-1.49485,"M2 V"
"Kepler-25 c","Kepler-25",286.6383905,39.4879038,"Transit","Kepler",2011,5.21700000,15.20000000,12.72070000000,0.1117000000,0.006100,0.588000,934.00,0.10700000,2.8620000,92.76400,6354.00,1.316000,1.165000,0.1100,4.285000,0.42160,"F8"
"Kepler-251 d","Kepler-251",296.5662171,44.1058077,"Transit","Kepler",2014,2.77000000,8.10000000,30.13300100000,0.1820000000,0.000000,2.090000,536.00,0.10158000,4.9190000,88.21000,5526.00,0.890000,0.891000,-0.0600,4.486000,-0.17197,
"Kepler-253 c","Kepler-253",291.8419337,44.8581240,"Transit","Kepler",2014,2.65000000,7.51000000,10.28195100000,0.0890000000,0.000000,2.220000,680.00,0.11107000,3.5170000,89.59000,5208.00,0.786000,0.860000,0.1500,4.595000,-0.38741,
"Kepler-255 c","Kepler-255",296.0642702,45.9767647,"Transit","Kepler",2014,2.99000000,9.22000000,9.94604700000,0.0920000000,0.000000,1.900000,807.00,0.09945000,3.3800000,89.91000,5573.00,0.933000,0.867000,0.3386,4.516000,-0.18311,
"Kepler-257 b","Kepler-257",297.3159994,46.0232642,"Transit","Kepler",2014,2.61000000,7.32000000,2.38266700000,0.0340000000,0.000000,2.260000,1237.00,0.07943000,1.8120000,84.74000,5180.00,1.037000,0.916000,0.4000,4.360000,-0.37756,
"Kepler-258 b","Kepler-258",294.0684116,46.5791357,"Transit","Kepler",2014,4.06000000,15.50000000,13.19722000000,0.1030000000,0.000000,1.270000,642.00,0.21414000,3.4180000,88.71000,4942.00,0.915000,0.820000,0.3031,4.441000,-0.57541,
"Kepler-26 b","Kepler-26",284.9410627,46.5664505,"Transit","Kepler",2011,2.78000000,5.12000000,12.28000000000,0.0855100000,0.021000,1.260000,431.00,0.27947000,2.7096000,89.93000,3914.00,0.512000,0.544000,-0.1300,4.680000,-1.06048,"M0 V"
"Kepler-26 d","Kepler-26",284.9410627,46.5664505,"Transit","Kepler",2014,1.07000000,1.24000000,3.54391900000,0.0390000000,0.000000,5.560000,652.00,0.05070000,2.0120000,89.91000,4486.00,0.571000,0.593000,-0.2100,4.733000,-1.06048,"M0 V"
"Kepler-265 d","Kepler-265",290.5104788,41.2447430,"Transit","Kepler",2014,2.49000000,6.76000000,43.13061700000,0.2360000000,0.000000,2.410000,554.00,0.04478000,3.0660000,89.52000,5835.00,1.103000,0.970000,-0.1100,4.326000,0.00548,
"Kepler-265 e","Kepler-265",290.5104788,41.2447430,"Transit","Kepler",2014,2.59000000,7.22000000,67.83102400000,0.3190000000,0.000000,2.280000,476.00,0.05078000,7.0660000,89.98000,5835.00,1.103000,0.970000,-0.1100,4.326000,0.00548,
"Kepler-266 b","Kepler-266",294.4843821,44.1669355,"Transit","Kepler",2014,2.48000000,6.71000000,6.61833000000,0.0710000000,0.000000,2.420000,1066.00,0.05491000,3.7170000,89.82000,5885.00,1.028000,0.947000,0.1600,4.453000,0.01163,
"Kepler-267 b","Kepler-267",299.8305655,47.1575741,"Transit","Kepler",2014,1.98000000,37.90000000,3.35372800000,0.0370000000,0.000000,26.800000,615.00,0.12647000,1.4940000,89.84000,4258.00,0.555000,0.541571,-0.1800,4.729000,-1.22915,"M1 V"
"Kepler-267 c","Kepler-267",299.8305655,47.1575741,"Transit","Kepler",2014,2.13000000,5.18000000,6.87745000000,0.0600000000,0.000000,2.950000,484.00,0.16323000,1.3500000,88.26000,4258.00,0.555000,0.541571,-0.1800,4.729000,-1.22915,"M1 V"
"Kepler-267 d","Kepler-267",299.8305655,47.1575741,"Transit","Kepler",2014,2.27000000,5.77000000,28.46451500000,0.1540000000,0.000000,2.710000,301.00,0.16298000,2.7420000,89.98000,4258.00,0.555000,0.541571,-0.1800,4.729000,-1.22915,"M1 V"
"Kepler-27 c","Kepler-27",292.2367608,41.0858710,"Transit","Kepler",2011,4.90000000,4385.87000000,31.33090000000,0.1910000000,0.000000,,481.00,0.50738000,4.7500000,88.62000,5400.00,0.590000,0.650000,0.4100,5.400000,-0.32941,
"Kepler-272 b","Kepler-272",299.1275257,47.5938319,"Transit","Kepler",2014,1.43000000,78.00000000,2.97135300000,0.0380000000,0.000000,147.000000,1200.00,0.02333000,2.6480000,87.49000,5297.00,0.929000,0.910000,0.0400,4.426000,0.06634,
"Kepler-273 b","Kepler-273",291.3021458,47.6976573,"Transit","Kepler",2014,1.50000000,2.86000000,2.93653200000,0.0370000000,0.000000,4.660000,1209.00,0.03523000,1.7040000,87.29000,5626.00,0.815000,0.756000,-0.2800,4.514000,-0.34099,
"Kepler-273 c","Kepler-273",291.3021458,47.6976573,"Transit","Kepler",2014,1.98000000,4.58000000,8.01492700000,0.0730000000,0.000000,3.240000,865.00,0.03630000,3.3790000,87.69000,5626.00,0.815000,0.756000,-0.2800,4.514000,-0.34099,
"Kepler-274 b","Kepler-274",292.9227926,38.4772173,"Transit","Kepler",2014,1.54000000,2.99000000,11.63478800000,0.1010000000,0.000000,4.500000,961.00,0.02923000,5.5410000,89.82000,6023.00,1.007000,0.883000,-0.2112,4.440000,0.20130,
"Kepler-275 b","Kepler-275",292.4797004,38.5149018,"Transit","Kepler",2014,2.34000000,6.08000000,10.30068200000,0.0980000000,0.000000,2.610000,1015.00,0.02718000,4.9670000,89.99000,6165.00,1.383000,1.189000,0.0800,4.229000,0.44934,
"Kepler-276 d","Kepler-276",293.5681970,39.0363123,"Transit","Kepler",2013,2.80000000,16.30000000,48.64800000000,0.2466600000,0.000000,0.760000,489.00,0.06211000,4.5630000,87.42000,5693.00,1.030000,1.100000,-0.2900,4.460000,-0.08948,
"Kepler-278 c","Kepler-278",290.1072124,38.7022694,"Transit","Kepler",2014,3.26800000,34.90000000,51.11100000000,0.2870000000,0.616000,5.500000,492.00,0.01415000,11.2330000,88.58000,4965.00,2.861000,1.227000,0.2200,3.580000,0.64933,"K2 III-IV"
"Kepler-279 b","Kepler-279",287.3912950,42.1948220,"Transit","Kepler",2014,3.62000000,4180.93000000,12.30968100000,0.1120000000,0.000000,165.000000,1104.00,0.03791000,5.8680000,83.92000,6363.00,1.746000,1.200000,-0.1141,4.051000,0.51880,
"Kepler-279 c","Kepler-279",287.3912950,42.1948220,"Transit","Kepler",2013,4.30000000,49.40000000,35.73600000000,0.2236000000,0.000000,0.300000,774.00,0.07915000,8.9950000,87.09000,6689.45,1.070000,1.100000,-0.1141,4.420000,0.51880,
"Kepler-28 b","Kepler-28",292.1370409,42.4294835,"Transit","Kepler",2011,1.95900000,1.63000000,5.91000000000,0.0568700000,0.000000,1.185427,585.00,0.10629000,2.3254000,89.51000,4499.30,0.664000,0.684000,0.1451,4.620000,-0.74494,"M0 V"
"Kepler-280 c","Kepler-280",291.3905325,42.1804735,"Transit","Kepler",2014,2.01000000,4.70000000,4.80709100000,0.0560000000,0.000000,3.180000,1088.00,0.04505000,0.9010000,86.65000,5744.00,0.886000,0.962000,0.1213,4.537000,-0.06437,
"Kepler-281 c","Kepler-281",294.1081465,44.7706524,"Transit","Kepler",2014,5.31000000,161.12400000,36.33737300000,0.2150000000,0.000000,0.005100,513.00,0.28284000,6.8090000,88.17000,5723.00,0.899000,0.950000,0.0200,4.531000,0.14638,
"Kepler-281 d","Kepler-281",294.1081465,44.7706524,"Transit","Kepler",2021,5.93747806,654.00000000,148.27200320000,0.5456000000,0.000000,12.300000,321.00,0.17074000,4.1920000,89.66000,5717.00,0.884000,0.984000,0.0000,4.538000,0.14638,
"Kepler-282 b","Kepler-282",284.6772402,44.7976401,"Transit","Kepler",2014,1.01000000,1.01000000,9.22052400000,0.0820000000,0.000000,5.390000,817.00,0.01400000,4.8470000,89.85000,5602.00,0.904000,0.860000,-0.2000,4.459000,0.10587,
"Kepler-283 b","Kepler-283",293.6137413,47.8389380,"Transit","Kepler",2014,2.13000000,5.18000000,11.00815100000,0.0820000000,0.000000,2.950000,488.00,0.14625000,2.0870000,89.97000,4351.00,0.566000,0.596000,-0.1700,4.721000,-0.98297,
"Kepler-283 c","Kepler-283",293.6137413,47.8389380,"Transit","Kepler",2014,1.82000000,3.97000000,92.74371100000,0.3410000000,0.000000,3.620000,240.00,0.11051000,6.2790000,89.99000,4351.00,0.566000,0.596000,-0.1700,4.721000,-0.98297,
"Kepler-287 b","Kepler-287",290.9274282,48.4434588,"Transit","Kepler",2014,2.33000000,83.00000000,20.34219900000,0.1450000000,0.000000,27.300000,667.00,0.05646000,2.2570000,88.83000,5806.00,1.032000,0.963000,0.1170,4.402000,-0.13438,"K7 V"
"Kepler-29 b","Kepler-29",298.3483820,47.4913021,"Transit","Kepler",2011,2.55000000,5.00000000,10.33974000000,0.0848200000,0.000000,1.650000,777.00,0.10200000,3.0410000,89.13000,5378.00,0.732000,0.761000,-0.4400,4.600000,-0.29687,
"Kepler-290 d","Kepler-290",286.4100307,42.6815137,"Transit","Kepler",2023,0.86000000,0.56600000,0.76401755300,0.0154000000,0.000000,4.890000,1589.00,0.01282000,1.1030000,84.79000,5142.00,0.755000,0.840000,-0.0600,4.602000,-0.58591,
"Kepler-291 c","Kepler-291",287.9163029,42.4372666,"Transit","Kepler",2014,1.88000000,4.19000000,5.70078600000,0.0650000000,0.000000,3.470000,1035.00,0.03798000,1.6470000,88.15000,6002.00,1.016000,1.023000,0.2300,4.472000,0.07135,
"Kepler-292 c","Kepler-292",295.7661979,42.4242822,"Transit","Kepler",2014,1.47000000,2.76000000,3.71533500000,0.0450000000,0.000000,4.770000,1001.00,0.03317000,2.3200000,88.25000,5299.00,0.826000,0.865000,0.0400,4.536000,-0.33691,
"Kepler-292 d","Kepler-292",295.7661979,42.4242822,"Transit","Kepler",2014,2.23000000,5.60000000,7.05567900000,0.0680000000,0.000000,2.770000,808.00,0.07056000,3.1450000,89.00000,5299.00,0.826000,0.865000,0.0400,4.536000,-0.33691,
"Kepler-292 f","Kepler-292",295.7661979,42.4242822,"Transit","Kepler",2014,2.35000000,6.12000000,20.83423700000,0.1410000000,0.000000,2.590000,563.00,0.08031000,4.3410000,89.56000,5299.00,0.826000,0.865000,0.0400,4.536000,-0.33691,
"Kepler-293 c","Kepler-293",286.3580611,42.4064917,"Transit","Kepler",2014,3.83000000,14.00000000,54.15574300000,0.2860000000,0.000000,1.370000,466.00,0.11098000,4.6080000,88.78000,5804.00,0.957000,0.934000,0.1000,4.504000,-0.23265,
"Kepler-295 b","Kepler-295",285.3458383,45.3677754,"Transit","Kepler",2014,1.22000000,1.98000000,12.64516400000,0.0990000000,0.000000,5.990000,741.00,0.02004000,8.6130000,77.82000,5603.00,0.898000,0.890000,-0.0300,4.444000,0.62949,
"Kepler-296 b","Kepler-296",286.5400278,49.4372614,"Transit","Kepler",2014,1.61000000,3.22000000,10.86438400000,0.0790000000,0.330000,3.000000,495.00,0.07487000,1.8530000,88.58000,3740.00,0.480000,0.498000,-0.0800,4.774000,-1.50864,"M2 V"
"Kepler-296 c","Kepler-296",286.5400278,49.4372614,"Transit","Kepler",2014,2.00000000,4.66000000,5.84163660000,0.0521000000,0.330000,1.200000,606.00,0.13363000,1.8734000,89.94000,3740.00,0.480000,0.498000,-0.0800,4.774000,-1.50864,"M2 V"
"Kepler-296 f","Kepler-296",286.5400278,49.4372614,"Transit","Kepler",2014,1.80000000,3.89000000,63.33627000000,0.2550000000,0.330000,3.200000,274.00,0.09830000,3.6000000,89.95000,3740.00,0.480000,0.498000,-0.0800,4.774000,-1.50864,"M2 V"
"Kepler-299 d","Kepler-299",283.2070156,48.5805222,"Transit","Kepler",2014,1.86000000,4.12000000,15.05478600000,0.1180000000,0.000000,3.520000,729.00,0.02564000,4.2790000,89.20000,5617.00,1.032000,1.004000,0.1200,4.394000,-0.04352,
"Kepler-30 d","Kepler-30",285.2836483,38.9472625,"Transit","Kepler",2012,8.80000000,23.10000000,143.34394000000,0.5000000000,0.022000,0.190000,308.00,0.83000000,7.7280000,89.84060,5498.00,0.950000,0.990000,0.1800,4.770000,-0.23658,
"Kepler-303 b","Kepler-303",283.1354742,43.6567036,"Transit","Kepler",2014,0.89000000,0.64000000,1.93705500000,0.0240000000,0.000000,4.990000,802.00,0.03123000,1.5350000,89.41000,3944.00,0.485000,0.575000,-0.4136,4.768000,-1.06550,"M0 V"
"Kepler-306 d","Kepler-306",288.5387145,40.6160545,"Transit","Kepler",2014,2.47000000,6.66000000,17.32664400000,0.1200000000,0.000000,2.430000,535.00,0.08000000,4.7770000,88.00000,4954.00,0.719000,0.750000,-0.1300,4.611000,-0.46930,
"Kepler-31 d","Kepler-31",294.0230229,45.8530535,"Transit","Kepler",2014,3.90000000,2161.24400000,87.64510000000,0.4000000000,0.000000,0.077000,484.00,0.09590000,8.2560000,89.89000,6340.00,1.220000,1.210000,-0.0760,4.696000,0.30134,
"Kepler-310 b","Kepler-310",288.8392780,46.9867472,"Transit","Kepler",2014,1.19000000,1.81000000,13.93069800000,0.1110000000,0.000000,5.900000,665.00,0.01865000,2.1040000,87.46000,5797.00,0.876000,0.854000,-0.1200,4.521000,-0.23934,
"Kepler-316 c","Kepler-316",290.8258350,44.1838993,"Transit","Kepler",2014,1.16000000,1.65000000,6.82776600000,0.0580000000,0.000000,5.810000,577.00,0.05458000,2.4190000,89.09000,4204.00,0.520000,0.587000,-0.2300,4.743000,-0.93554,
"Kepler-319 d","Kepler-319",288.8119782,39.7706431,"Transit","Kepler",2014,2.29000000,5.86000000,31.78192500000,0.1910000000,0.000000,2.680000,528.00,0.06200000,3.8630000,89.85000,5526.00,0.903000,0.933000,0.0600,4.487000,-0.18116,
"Kepler-32 b","Kepler-32",297.8423073,46.5743595,"Transit","Kepler",2011,2.20000000,1303.00000000,5.90124000000,0.0500000000,0.000000,0.460000,514.00,0.16500000,2.1120000,89.92000,3900.00,0.530000,0.580000,0.0000,4.640000,-1.29243,"M1 V"
"Kepler-320 c","Kepler-320",293.2135155,46.1751457,"Transit","Kepler",2014,1.37000000,2.45000000,17.93493700000,0.1420000000,0.000000,5.240000,1002.00,0.01427000,5.2600000,80.93000,6435.00,1.108000,1.072000,-0.1228,4.419000,0.37419,
"Kepler-321 c","Kepler-321",294.4536991,44.1457626,"Transit","Kepler",2014,2.32000000,5.99000000,13.09392100000,0.1100000000,0.000000,2.640000,752.00,0.04031000,2.1400000,87.96000,5740.00,1.194000,1.024000,0.1210,4.302000,-0.00798,
"Kepler-322 c","Kepler-322",281.3487514,44.2952525,"Transit","Kepler",2014,1.67000000,3.43000000,4.33723400000,0.0510000000,0.000000,4.050000,996.00,0.03756000,2.4540000,89.77000,5388.00,0.890000,0.908000,0.1200,4.501000,-0.28786,
"Kepler-324 e","Kepler-324",286.4714473,49.6490933,"Transit","Kepler",2021,2.03862444,235.01400000,13.97939968000,0.1097200000,0.000000,0.160000,635.00,0.03561000,1.2325000,88.60000,5191.00,0.826000,0.844000,0.0800,4.530000,-0.30825,
"Kepler-325 c","Kepler-325",289.8354219,49.8256070,"Transit","Kepler",2014,2.54000000,6.99000000,12.76217200000,0.1050000000,0.000000,2.340000,721.00,0.07120000,1.8380000,87.01000,5752.00,1.003000,0.914000,0.0200,4.411000,-0.25468,
"Kepler-328 b","Kepler-328",295.8092756,40.0084866,"Transit","Kepler",2013,2.30000000,28.50000000,34.92100000000,0.2199000000,0.000000,7.800000,602.00,0.05000000,9.8740000,89.96000,6064.00,1.060000,1.150000,0.0800,4.440000,0.44013,
"Kepler-329 c","Kepler-329",299.2681646,45.2272852,"Transit","Kepler",2014,1.93000000,4.38000000,18.68473700000,0.1130000000,0.000000,3.350000,402.00,0.12515000,3.9480000,89.35000,4257.00,0.523000,0.602000,-0.4400,4.740000,-0.97062,
"Kepler-33 d","Kepler-33",289.0775348,46.0051696,"Transit","Kepler",2011,5.35000000,3.91000000,21.77596000000,0.1662000000,0.000000,0.250000,853.00,0.08314000,8.0110000,88.71000,5904.00,1.820000,1.291000,0.0250,4.027000,0.55600,
"Kepler-33 e","Kepler-33",289.0775348,46.0051696,"Transit","Kepler",2011,4.02000000,5.57000000,31.78440000000,0.2138000000,0.000000,0.800000,752.00,0.04670000,8.9000000,88.94000,5904.00,1.820000,1.291000,0.0250,4.027000,0.55600,
"Kepler-335 c","Kepler-335",296.0642944,45.4285986,"Transit","Kepler",2014,3.07000000,9.64000000,67.84446900000,0.3560000000,0.000000,1.830000,592.00,0.02472000,12.1570000,89.49000,5877.00,1.854000,1.367000,0.2780,4.017000,0.57766,
"Kepler-338 b","Kepler-338",282.9790593,40.7844188,"Transit","Kepler",2014,2.44000000,30.60000000,13.72697600000,0.1170000000,0.040000,11.600000,1005.00,0.01992000,7.2880000,89.90000,5923.00,1.735000,1.105000,-0.0290,4.017000,0.58570,
"Kepler-34 b","Kepler-34",296.4358022,44.6415369,"Transit","Kepler",2011,8.56400000,69.92000000,288.82200000000,1.0896000000,0.182000,0.613000,294.42,,,90.35500,5913.00,1.161800,1.047900,-0.0700,4.328400,0.17300,
"Kepler-341 c","Kepler-341",289.8615609,43.4727412,"Transit","Kepler",2014,1.70000000,3.53000000,8.01041000000,0.0800000000,0.000000,3.950000,940.00,0.02941000,4.2160000,89.82000,6012.00,1.024000,0.976000,0.0700,4.437000,0.12721,
"Kepler-341 d","Kepler-341",289.8615609,43.4727412,"Transit","Kepler",2014,1.85000000,4.08000000,27.66631300000,0.1820000000,0.000000,3.540000,622.00,0.03240000,6.0480000,88.98000,6012.00,1.024000,0.976000,0.0700,4.437000,0.12721,
"Kepler-342 c","Kepler-342",292.6780488,46.7266813,"Transit","Kepler",2014,1.96000000,4.50000000,26.23413800000,0.1850000000,0.000000,3.280000,754.00,0.01965000,2.4350000,86.14000,6175.00,1.472000,1.213000,-0.0006,4.187000,0.45345,
"Kepler-346 c","Kepler-346",288.0119248,46.1176003,"Transit","Kepler",2014,3.07000000,9.64000000,23.85154900000,0.1680000000,0.000000,1.830000,654.00,0.08337000,2.3850000,88.74000,6033.00,1.021000,0.943000,0.1000,4.464000,-0.15256,
"Kepler-347 c","Kepler-347",289.1995995,49.3056404,"Transit","Kepler",2014,1.75000000,3.71000000,27.32087100000,0.1830000000,0.000000,3.800000,705.00,0.02796000,3.9270000,85.39000,6088.00,1.005000,0.922000,-0.1400,4.472000,0.34232,
"Kepler-347 d","Kepler-347",289.1995995,49.3056404,"Transit","Kepler",2023,3.04000000,9.48000000,85.51734400000,0.3802000000,0.000000,1.850000,482.00,0.02702000,9.3310000,88.00000,5592.00,1.451000,1.000000,0.1600,4.115000,0.34232,
"Kepler-349 c","Kepler-349",293.6764689,44.6155972,"Transit","Kepler",2014,1.96000000,4.50000000,12.24762900000,0.1050000000,0.000000,3.280000,763.00,0.04697000,3.2780000,89.77000,5956.00,0.927000,1.083000,0.1509,4.518000,-0.00730,
"Kepler-35 b","Kepler-35",294.4969550,46.6896733,"Transit","Kepler",2011,8.16000000,40.36300000,131.45800000000,0.6034700000,0.042000,0.410000,352.89,,,90.76000,5606.00,1.028400,0.887700,-0.3400,4.362300,-0.02700,
"Kepler-350 b","Kepler-350",285.4195845,39.7061009,"Transit","Kepler",2014,1.85000000,16.90000000,11.18956200000,0.1040000000,0.000000,4.900000,1037.00,0.01433000,5.1200000,87.76000,6186.00,1.534000,1.190000,0.0410,4.150000,0.42842,
"Kepler-350 c","Kepler-350",285.4195845,39.7061009,"Transit","Kepler",2013,3.10000000,6.10000000,17.84900000000,0.1385000000,0.000000,0.350000,888.00,0.03912000,5.8919000,86.29000,6492.30,1.250000,1.000000,0.0410,4.240000,0.42842,
"Kepler-354 c","Kepler-354",285.7515347,41.3356739,"Transit","Kepler",2014,1.31000000,2.27000000,16.93440200000,0.1150000000,0.000000,5.550000,508.00,0.03561000,3.4560000,89.21000,4648.00,0.674000,0.652000,-0.0300,4.627000,-0.71394,
"Kepler-354 d","Kepler-354",285.7515347,41.3356739,"Transit","Kepler",2014,1.24000000,2.07000000,24.20984200000,0.1460000000,0.000000,5.970000,451.00,0.04580000,4.3730000,89.38000,4648.00,0.674000,0.652000,-0.0300,4.627000,-0.71394,
"Kepler-356 c","Kepler-356",292.4210998,37.6827919,"Transit","Kepler",2014,1.81000000,3.93000000,13.12163200000,0.1150000000,0.000000,3.640000,913.00,0.01969000,3.6260000,87.29000,6133.00,1.335000,1.163000,-0.0226,4.256000,0.46128,
"Kepler-357 d","Kepler-357",291.2429746,44.0086337,"Transit","Kepler",2014,3.43000000,11.60000000,49.49987500000,0.2460000000,0.000000,1.580000,402.00,0.09652000,6.5940000,89.86000,5036.00,0.834000,0.794000,0.0600,4.503000,-0.55635,
"Kepler-358 b","Kepler-358",293.2302333,48.2813901,"Transit","Kepler",2014,2.72000000,7.85000000,34.06046700000,0.2100000000,0.000000,2.140000,554.00,0.08189000,2.4610000,89.36000,5908.00,0.954000,0.940000,0.0350,4.504000,-0.13809,
"Kepler-359 b","Kepler-359",293.2936129,42.1963497,"Transit","Kepler",2014,3.53000000,12.20000000,25.56322200000,0.1780000000,0.000000,1.520000,671.00,0.11249000,4.2840000,88.02000,6248.00,1.086000,0.827000,-0.2900,4.429000,-0.09657,
"Kepler-359 c","Kepler-359",293.2936129,42.1963497,"Transit","Kepler",2014,4.30000000,2.90000000,57.68802000000,0.3070000000,0.000000,0.100000,512.00,0.16266000,4.1610000,88.74000,6248.00,1.086000,0.827000,-0.2900,4.429000,-0.09657,
"Kepler-360 c","Kepler-360",286.2847077,44.7815817,"Transit","Kepler",2014,2.10000000,5.06000000,7.18643400000,0.0750000000,0.000000,3.000000,860.00,0.04170000,1.4060000,87.20000,6053.00,1.058000,0.994000,0.1500,4.423000,-0.13236,
"Kepler-363 c","Kepler-363",283.1920779,41.3054172,"Transit","Kepler",2014,1.69000000,66.40000000,7.54242700000,0.0790000000,0.000000,75.600000,1054.00,0.01325000,4.9000000,88.44000,5593.00,1.485000,1.226000,0.3965,4.152000,0.36465,
"Kepler-364 b","Kepler-364",281.5699998,47.3986233,"Transit","Kepler",2014,1.55000000,3.02000000,25.74571800000,0.1780000000,0.000000,4.460000,753.00,0.01403000,6.9830000,88.22000,6108.00,1.284000,1.076000,-0.0310,4.273000,0.35128,
"Kepler-365 c","Kepler-365",295.6265640,49.1304110,"Transit","Kepler",2014,1.64000000,3.33000000,17.78412900000,0.1370000000,0.000000,4.150000,729.00,0.02471000,3.8620000,89.81000,6012.00,1.048000,1.020000,-0.2180,4.434000,0.11200,
"Kepler-366 b","Kepler-366",296.8520316,49.0844359,"Transit","Kepler",2014,1.46000000,2.73000000,3.28195900000,0.0450000000,0.000000,4.820000,1326.00,0.01910000,2.8510000,88.50000,6209.00,1.048000,1.088000,-0.0600,4.452000,0.57277,
"Kepler-367 b","Kepler-367",297.2925580,49.9817499,"Transit","Kepler",2014,1.30000000,2.24000000,37.81572400000,0.2010000000,0.000000,5.600000,401.00,0.02758000,4.6310000,89.43000,4710.00,0.695000,0.768000,0.1974,4.631000,-0.61671,
"Kepler-369 c","Kepler-369",293.6743322,47.9084727,"Transit","Kepler",2014,1.41000000,2.57000000,14.87157200000,0.0940000000,0.000000,5.040000,391.00,0.09449000,2.4270000,89.98000,3591.00,0.471000,0.500000,-0.0900,4.785000,-1.42022,
"Kepler-37 b","Kepler-37",284.0592503,44.5183733,"Transit","Kepler",2013,0.30980000,0.79000000,13.36702000000,0.1019000000,0.098000,140.000000,718.00,0.00122000,3.7330000,88.63000,5357.00,0.789000,0.790000,-0.3600,4.566700,-0.32187,
"Kepler-370 c","Kepler-370",292.1710683,40.9162381,"Transit","Kepler",2014,1.91000000,4.31000000,19.02293000000,0.1400000000,0.000000,3.400000,647.00,0.04016000,3.4180000,88.73000,5852.00,0.900000,0.982000,0.1323,4.531000,0.00609,
"Kepler-371 c","Kepler-371",292.3264835,38.6575441,"Transit","Kepler",2014,1.78000000,3.82000000,67.96801500000,0.3130000000,0.000000,3.720000,443.00,0.03218000,7.8020000,89.71000,5666.00,0.992000,0.876000,-0.1975,4.390000,0.24392,
"Kepler-374 d","Kepler-374",294.1378921,42.3704075,"Transit","Kepler",2014,1.31000000,2.27000000,5.02821900000,0.0560000000,0.000000,5.550000,1272.00,0.01813000,3.4400000,88.37000,5977.00,0.911000,1.033000,0.1111,4.479000,0.27435,
"Kepler-375 b","Kepler-375",288.6178715,48.0983639,"Transit","Kepler",2014,1.45000000,2.70000000,12.12593400000,0.1010000000,0.000000,4.870000,851.00,0.03275000,3.0400000,87.38000,5826.00,0.837000,0.891000,-0.0400,4.567000,-0.16278,
"Kepler-377 b","Kepler-377",295.4220717,38.7356737,"Transit","Kepler",2014,1.39000000,2.51000000,12.50952900000,0.1090000000,0.000000,5.140000,875.00,0.01553000,4.0220000,88.36000,5949.00,1.224000,1.043000,0.0500,4.303000,0.21756,
"Kepler-377 c","Kepler-377",295.4220717,38.7356737,"Transit","Kepler",2014,2.06000000,4.90000000,27.01497600000,0.1820000000,0.000000,3.080000,677.00,0.02876000,5.7760000,89.99000,5949.00,1.224000,1.043000,0.0500,4.303000,0.21756,
"Kepler-378 c","Kepler-378",294.9489697,46.4388673,"Transit","Kepler",2014,0.70000000,0.27100000,28.90600900000,0.1660000000,0.000000,4.340000,414.00,0.01051000,3.0430000,88.68000,4661.00,0.671000,0.780000,0.1369,4.647000,-0.65539,
"Kepler-379 c","Kepler-379",295.7010981,38.9458209,"Transit","Kepler",2014,2.29000000,5.86000000,62.78469700000,0.3260000000,0.000000,2.680000,530.00,0.03250000,4.6780000,89.84000,6054.00,1.306000,1.125000,0.0900,4.273000,0.27953,
"Kepler-381 c","Kepler-381",285.1828685,43.8310283,"Transit","Kepler",2014,1.12000000,1.46000000,13.39163500000,0.1170000000,0.000000,5.710000,1180.00,0.00461000,3.4170000,88.80000,6152.00,1.568000,1.144000,-0.2016,4.120000,0.51390,
"Kepler-382 b","Kepler-382",299.1362435,45.8699582,"Transit","Kepler",2014,1.32000000,2.30000000,5.26215500000,0.0550000000,0.000000,5.500000,1166.00,0.01945000,3.2290000,85.48000,5600.00,0.945000,1.002000,0.0820,4.401000,0.14553,
"Kepler-384 b","Kepler-384",286.0261113,44.7828571,"Transit","Kepler",2014,1.12000000,1.46000000,22.59705300000,0.1480000000,0.000000,5.710000,670.00,0.01429000,6.0310000,89.87000,5577.00,0.882000,0.882000,-0.2900,4.475000,0.39588,
"Kepler-384 c","Kepler-384",286.0261113,44.7828571,"Transit","Kepler",2014,1.13000000,1.51000000,45.34826900000,0.2360000000,0.000000,5.750000,531.00,0.01629000,4.6570000,88.78000,5577.00,0.882000,0.882000,-0.2900,4.475000,0.39588,
"Kepler-39 b","Kepler-39",296.9603348,46.0342954,"Transit","Kepler",2011,13.90000000,6388.10000000,21.08721000000,0.1640000000,0.112000,13.000000,897.00,0.88947000,5.9600000,89.07000,6350.00,1.400000,1.290000,0.1000,4.400000,0.34593,"F7 V"
"Kepler-391 b","Kepler-391",290.6218844,51.0573453,"Transit","Kepler",2014,2.50000000,1100.00000000,7.41750000000,0.0830000000,0.460000,380.000000,930.00,0.00726000,7.1200000,85.50000,5038.00,2.879000,1.270000,0.0400,3.620000,0.66276,"K2 III-IV"
"Kepler-391 c","Kepler-391",290.6218844,51.0573453,"Transit","Kepler",2014,2.88000000,450.00000000,20.50100000000,0.1640000000,0.270000,400.000000,662.00,0.00895000,10.2290000,87.27000,5038.00,2.879000,1.270000,0.0400,3.620000,0.66276,"K2 III-IV"
"Kepler-392 c","Kepler-392",288.6608260,43.3681938,"Transit","Kepler",2014,1.10000000,1.37000000,10.42311800000,0.0930000000,0.000000,5.660000,901.00,0.00825000,2.2660000,87.72000,5938.00,1.129000,0.874000,-0.4362,4.323000,0.19453,
"Kepler-396 b","Kepler-396",296.1328135,48.9773095,"Transit","Kepler",2013,3.50000000,75.50000000,42.99400000000,0.2406700000,0.000000,9.680000,496.00,0.11081000,4.6011000,89.34000,5656.00,1.060000,0.850000,0.1558,4.320000,-0.13461,
"Kepler-397 b","Kepler-397",295.8940373,42.3805156,"Transit","Kepler",2014,2.46000000,6.62000000,22.25094900000,0.1440000000,0.000000,2.440000,539.00,0.06187000,1.6890000,89.33000,5307.00,0.767000,0.844000,-0.2400,4.572000,-0.37600,
"Kepler-397 c","Kepler-397",295.8940373,42.3805156,"Transit","Kepler",2014,6.18000000,31.60000000,135.49852700000,0.4800000000,0.000000,0.736000,295.00,0.50381000,6.9010000,89.58000,5307.00,0.767000,0.844000,-0.2400,4.572000,-0.37600,
"Kepler-398 c","Kepler-398",291.4688524,40.3437001,"Transit","Kepler",2014,1.01000000,1.01000000,11.41941200000,0.0870000000,0.000000,5.390000,536.00,0.01537000,3.3420000,85.38000,4493.00,0.613000,0.649000,0.0528,4.689000,-0.81101,
"Kepler-399 c","Kepler-399",299.5017242,40.6707669,"Transit","Kepler",2014,1.43000000,2.63000000,26.67569000000,0.1550000000,0.000000,4.940000,630.00,0.04748000,2.7580000,89.26000,5502.00,0.680000,0.902000,0.1400,4.620000,-0.41800,
"Kepler-399 d","Kepler-399",299.5017242,40.6707669,"Transit","Kepler",2014,1.89000000,4.23000000,58.03461600000,0.2610000000,0.000000,3.440000,486.00,0.08071000,5.4350000,89.98000,5502.00,0.680000,0.902000,0.1400,4.620000,-0.41800,
"Kepler-400 c","Kepler-400",290.9444679,40.4800528,"Transit","Kepler",2014,1.49000000,2.83000000,17.34082400000,0.1340000000,0.000000,4.700000,755.00,0.01708000,3.4250000,89.19000,5886.00,1.145000,1.080000,0.0844,4.350000,0.15200,
"Kepler-402 d","Kepler-402",288.3701976,43.3546109,"Transit","Kepler",2014,1.38000000,2.48000000,8.92109900000,0.0870000000,0.000000,5.190000,1006.00,0.01057000,3.8380000,89.60000,6090.00,1.264000,1.072000,-0.0800,4.278000,0.20350,
"Kepler-404 b","Kepler-404",286.3985796,45.3435241,"Transit","Kepler",2014,1.27000000,2.15000000,11.82985100000,0.1020000000,0.000000,5.770000,730.00,0.01910000,5.6350000,89.38000,5654.00,0.884000,0.860000,-0.0300,4.543000,-0.33704,
"Kepler-409 b","Kepler-409",293.6792058,46.8527337,"Transit","Kepler",2014,1.19900000,6.00000000,68.95832160000,0.3192000000,0.690000,19.000000,438.00,0.01238000,3.0854000,86.30000,5421.00,0.897000,0.913000,0.0500,4.500000,-0.20201,
"Kepler-413 b","Kepler-413",288.5106679,51.1624235,"Transit","Kepler",2014,4.34700000,67.00000000,66.26200000000,0.3553000000,0.118100,3.200000,334.96,,,89.92900,4700.00,0.776100,0.820000,-0.2000,4.572100,-0.42994,
"Kepler-414 b","Kepler-414",297.9615616,48.2443363,"Transit Timing Variations","Kepler",2014,1.71000000,3.50000000,4.70000000000,0.0543000000,0.000000,3.850000,1024.00,0.03514000,2.5530000,89.45000,5536.00,0.946000,0.890000,0.1800,4.470000,-0.16917,
"Kepler-414 c","Kepler-414",297.9615616,48.2443363,"Transit Timing Variations","Kepler",2014,3.01000000,29.90000000,7.17100000000,0.0719500000,0.000000,6.020000,890.00,0.08633000,2.9225000,89.43000,5536.00,0.946000,0.890000,0.1800,4.470000,-0.16917,
"Kepler-417 c","Kepler-417",293.8241813,42.7796480,"Transit Timing Variations","Kepler",2014,2.69000000,7.70000000,15.94300000000,0.1194000000,0.000000,2.170000,616.00,0.10937000,3.4926000,89.96000,5177.00,0.806000,0.900000,-0.2040,4.570000,-0.41061,
"Kepler-418 b","Kepler-418",294.4335228,38.3554729,"Transit","Kepler",2014,13.45000000,349.61124770,86.67856000000,0.3924900000,0.200000,,434.00,0.82441000,10.2240000,89.95200,5820.00,1.090000,0.980000,-0.0500,4.350000,0.11114,
"Kepler-419 c","Kepler-419",295.4179125,51.1847629,"Transit Timing Variations","Kepler",2014,12.60000000,2320.10000000,675.47000000000,1.6800000000,0.184000,6.370000,315.55,,,88.00000,6430.00,1.740000,1.390000,0.1760,4.100000,0.72680,
"Kepler-424 b","Kepler-424",298.6249797,48.5774500,"Transit","Kepler",2014,9.98000000,327.35000000,3.31186440000,0.0440000000,0.000000,1.940000,1116.00,0.59765000,1.3944000,84.68000,5460.00,0.940000,1.010000,0.4400,4.500000,-0.15000,
"Kepler-427 b","Kepler-427",288.2545808,43.7048379,"Transit","Kepler",2014,13.79000000,92.17000000,10.29099400000,0.0910000000,0.570000,0.160000,1100.00,0.96557000,4.2860000,89.50000,5800.00,1.350000,0.960000,-0.1900,4.140000,0.29000,"G2 V"
"Kepler-430 c","Kepler-430",292.8085984,49.5794242,"Transit","Kepler",2015,1.75000000,3.71000000,110.97900000000,0.4757000000,0.000000,3.800000,458.00,0.01502000,12.3880000,89.94000,5884.00,1.485000,1.166000,0.2000,4.150000,0.31207,
"Kepler-431 c","Kepler-431",281.1123072,43.2277663,"Transit","Kepler",2015,0.66800000,0.22900000,8.70300000000,0.0847000000,0.000000,4.220000,951.00,0.00320000,4.8070000,82.35000,6004.00,1.092000,1.071000,0.0700,4.400000,0.49839,
"Kepler-432 b","Kepler-432",293.2822344,48.2859173,"Transit","Kepler",2015,12.83430500,1719.46030000,52.50112900000,0.3010000000,0.513400,4.460000,812.00,0.09467000,14.9066000,88.17000,4995.00,4.060000,1.320000,-0.0700,3.345000,0.92561,
"Kepler-432 c","Kepler-432",293.2822344,48.2859173,"Radial Velocity","Fred Lawrence Whipple Observatory",2015,13.30000000,772.32690000,406.20000000000,,0.498000,1.800000,,,,,4995.00,4.060000,1.320000,-0.0700,3.345000,0.92561,
"Kepler-433 b","Kepler-433",297.5936232,40.9772546,"Transit","Kepler",2015,16.25000000,896.24000000,5.33408384000,0.0679000000,0.119000,1.130000,1776.00,0.51061000,6.1780000,89.21000,6360.00,2.260000,1.460000,-0.0100,3.892000,0.88000,
"Kepler-434 b","Kepler-434",293.5863887,42.9288624,"Transit","Kepler",2015,12.67000000,908.96000000,12.87470990000,0.1143000000,0.131000,2.400000,1000.00,0.38607000,2.2880000,86.46000,5977.00,1.380000,1.198000,0.2500,4.242000,0.33000,
"Kepler-444 b","Kepler-444",289.7528323,41.6318840,"Transit","Kepler",2015,0.40300000,0.03740000,3.60010530000,0.0417800000,0.160000,3.140000,938.00,0.00275000,2.0452000,88.00000,5046.00,0.752000,0.758000,-0.5500,4.562500,-0.42455,"K"
"Kepler-444 c","Kepler-444",289.7528323,41.6318840,"Transit","Kepler",2015,0.49700000,0.07930000,4.54588410000,0.0488100000,0.310000,3.550000,868.00,0.00440000,1.7367000,88.20000,5046.00,0.752000,0.758000,-0.5500,4.562500,-0.42455,"K"
"Kepler-444 f","Kepler-444",289.7528323,41.6318840,"Transit","Kepler",2015,0.74100000,0.33200000,9.74048600000,0.0811000000,0.290000,4.480000,673.00,0.00756000,1.6909000,87.96000,5046.00,0.752000,0.758000,-0.5500,4.562500,-0.42455,"K"
"Kepler-447 b","Kepler-447",285.2685283,48.5598835,"Transit","Kepler",2015,18.49000000,435.41000000,7.79430132000,0.0769000000,0.123000,0.400000,882.00,0.33874000,1.1350000,86.55000,5493.00,1.050000,1.000000,0.0700,4.400000,-0.19007,"G8 V"
"Kepler-450 d","Kepler-450",295.4865821,51.0135237,"Transit","Kepler",2015,0.83700000,17.60000000,7.51464000000,0.0827000000,0.140000,77.000000,1199.00,0.00316000,4.9650000,87.91000,6197.21,1.641620,1.190000,0.1278,4.083070,0.55403,
"Kepler-458 c","KIC 9663113",297.0454037,46.3286653,"Transit","Kepler",2016,4.20000000,16.40000000,20.74028413000,0.1701200000,0.000000,1.220000,798.00,0.10233000,10.3853000,88.27000,6117.21,2.215620,1.150000,0.1436,3.807780,0.79190,
"Kepler-464 b","Kepler-464",294.8351052,48.9823204,"Transit","Kepler",2016,3.30000000,10.90000000,7.25696522400,0.0793100000,0.000000,1.670000,1163.00,0.04632000,4.8639000,85.51000,5933.00,1.590000,1.210000,0.1900,4.110000,0.48379,
"Kepler-466 c","Kepler-466",295.6486585,48.4955191,"Transit","Kepler",2016,1.25000000,2.10000000,3.70921384600,0.0465800000,0.000000,5.910000,1206.00,0.01311000,2.5575000,89.73000,5927.00,1.050000,1.040000,-0.0100,4.420000,-0.06719,
"Kepler-468 b","Kepler-468",288.9022829,49.3704079,"Transit","Kepler",2016,13.34000000,,38.47875706700,0.2213000000,0.000000,,484.00,2.35300000,5.0584500,90.00000,5498.00,0.870000,0.960000,0.1000,4.540000,-0.28606,
"Kepler-472 b","Kepler-472",296.5245187,39.2498503,"Transit","Kepler",2016,3.22000000,10.50000000,4.17625551400,0.0482300000,0.000000,1.730000,876.00,0.13601000,3.7012000,83.75000,4996.00,0.780000,0.850000,0.1600,4.590000,-0.51255,
"Kepler-475 b","Kepler-475",287.0516940,40.2114232,"Transit","Kepler",2016,2.49000000,6.76000000,3.10550818900,0.0398900000,0.000000,2.410000,980.00,0.09109000,1.7210000,84.85000,5009.00,0.790000,0.860000,0.2100,4.580000,-0.46424,
"Kepler-477 b","Kepler-477",288.0674450,42.3553050,"Transit","Kepler",2016,2.07000000,4.94000000,11.11990653000,0.0911000000,0.000000,3.060000,649.00,0.06363000,3.3296000,87.75000,5240.00,0.790000,0.870000,-0.0400,4.580000,-0.37200,
"Kepler-48 c","Kepler-48",299.1393094,40.9489390,"Transit","Kepler",2012,2.71000000,14.61000000,9.67395000000,0.0863300000,0.000000,4.010000,736.00,0.09527000,3.2870000,89.51000,5194.00,0.890000,0.880000,0.1700,4.487000,-0.28926,
"Kepler-48 e","Kepler-48",299.1393094,40.9489390,"Radial Velocity","W. M. Keck Observatory",2014,13.40000000,657.00000000,982.00000000000,1.8982747480,0.003142,1.500000,171.49,,,,5194.00,0.890000,0.880000,0.1700,4.487000,-0.28926,
"Kepler-480 b","Kepler-480",294.4639165,49.7650473,"Transit","Kepler",2016,2.78000000,8.15000000,4.91958379500,0.0602400000,0.000000,2.080000,1312.00,0.04257000,4.1876000,88.43000,6322.00,1.340000,1.250000,0.1100,4.280000,0.47779,
"Kepler-487 d","Kepler-487",295.2872318,41.2220033,"Transit","Kepler",2021,2.77513568,8.12000000,2.41839003600,0.0344500000,0.000000,2.090000,1226.00,0.06654000,2.0744000,89.89000,5422.00,0.887000,0.874000,0.0200,4.484000,-0.17269,
"Kepler-49 d","Kepler-49",292.2945208,40.5918123,"Transit","Kepler",2014,1.60000000,235.98200000,2.57654900000,0.0310000000,0.000000,20.000000,717.00,0.08528000,1.5970000,89.14000,4252.00,0.559000,0.549000,0.0300,4.727000,-1.13077,"M1 V"
"Kepler-491 b","Kepler-491",287.1305782,42.3501533,"Transit","Kepler",2016,8.92000000,59.00000000,4.22538451200,0.0519100000,0.000000,0.457000,1111.00,0.75630000,2.8182900,89.66000,5582.00,1.030000,1.040000,0.3700,4.420000,-0.05683,
"Kepler-496 b","Kepler-496",291.6408978,41.2411044,"Transit","Kepler",2016,2.32000000,5.99000000,8.30864937000,0.0747000000,0.000000,2.640000,747.00,0.08361000,3.2210000,88.99000,5293.00,0.820000,0.860000,-0.0300,4.550000,-0.41551,
"Kepler-497 b","Kepler-497",290.7659557,38.9279468,"Transit","Kepler",2016,6.04000000,30.40000000,3.57320367100,0.0457000000,0.000000,0.758000,1210.00,0.29750000,2.8837000,89.69000,5834.00,1.110000,1.090000,0.2400,4.390000,0.25216,
"Kepler-498 b","Kepler-498",290.3581592,44.5187225,"Transit","Kepler",2016,3.03000000,9.43000000,9.61375356000,0.0897000000,0.000000,1.860000,931.00,0.07979000,4.7305000,87.37000,5744.00,0.960000,0.980000,-0.0400,4.470000,0.17242,
"Kepler-500 b","Kepler-500",295.9513472,43.8519884,"Transit","Kepler",2016,2.58000000,7.18000000,8.50832439800,0.0836100000,0.000000,2.300000,909.00,0.06521000,3.5033000,89.99000,5813.00,1.030000,1.020000,0.0300,4.420000,0.11615,
"Kepler-501 c","Kepler-501",297.2014919,41.7301534,"Transit","Kepler",2021,1.68119739,3.47000000,3.62276005700,0.0467000000,0.000000,4.010000,1304.00,0.01806000,2.7868000,89.96000,5794.00,1.216000,1.032000,0.1400,4.282000,0.21635,
"Kepler-505 b","Kepler-505",287.8579530,42.5426758,"Transit","Kepler",2016,2.60000000,7.27000000,27.52197994000,0.1445000000,0.000000,2.270000,314.00,0.23128000,4.0704000,89.61000,3931.00,0.530000,0.550000,-0.1900,4.730000,-1.07864,
"Kepler-507 b","Kepler-507",297.0188074,50.4090460,"Transit","Kepler",2016,1.30000000,5.69692195,3.56809692600,0.0478100000,0.000000,14.828486,1407.00,0.00984000,3.2455000,85.83000,6113.00,1.320000,1.160000,0.0600,4.260000,0.32648,
"Kepler-511 c","Kepler-511",282.9455384,47.5749181,"Transit","Kepler",2021,4.20964327,16.50000000,26.62949944000,0.1717700000,0.000000,1.220000,742.00,0.04928000,7.8308000,89.97000,5866.00,1.417000,0.958000,-0.2000,4.117000,0.49754,
"Kepler-518 b","Kepler-518",287.0900190,41.3737576,"Transit","Kepler",2016,2.11000000,5.10000000,8.51203587700,0.0799600000,0.000000,2.980000,839.00,0.05738000,2.1916000,89.99000,5842.00,0.880000,0.960000,-0.2300,4.530000,-0.04002,
"Kepler-52 c","Kepler-52",286.7380152,49.9757383,"Transit","Kepler",2012,1.84000000,45.40000000,16.38500210000,0.1037900000,0.012000,20.000000,433.00,0.11655000,3.1252000,90.00000,4075.00,0.520000,0.540000,0.0000,4.740000,-0.99568,"M0 V"
"Kepler-520 b","Kepler-520",293.1802903,41.6177408,"Transit","Kepler",2016,1.66000000,3.39000000,19.67416124000,0.1462800000,0.000000,4.070000,711.00,0.02113000,3.5985000,87.05000,6112.00,1.090000,1.100000,-0.0300,4.410000,0.51032,
"Kepler-522 b","Kepler-522",288.1539730,44.0688154,"Transit","Kepler",2016,6.91000000,38.20000000,38.58422849000,0.2502900000,0.000000,0.636000,761.00,0.12440000,10.3683000,85.76000,6392.00,1.980000,1.540000,0.4100,4.040000,0.65452,
"Kepler-524 b","Kepler-524",296.8591787,49.1620125,"Transit","Kepler",2016,1.91000000,4.31000000,7.97419807000,0.0795500000,0.000000,3.400000,974.00,0.02931000,5.3605000,89.36000,6014.00,1.100000,1.090000,0.0200,4.390000,0.43947,
"Kepler-524 c","Kepler-524",296.8591787,49.1620125,"Transit","Kepler",2016,0.96000000,0.84000000,1.88897906000,0.0304600000,0.000000,5.220000,1574.00,0.00590000,3.2460000,89.84000,6014.00,1.100000,1.090000,0.0200,4.390000,0.43947,
"Kepler-533 b","Kepler-533",293.6856893,48.8249915,"Transit","Kepler",2016,3.38000000,11.40000000,28.51120525000,0.1670400000,0.000000,1.620000,423.00,0.18967000,4.5784000,88.68000,4758.00,0.720000,0.780000,0.0100,4.610000,-0.62007,
"Kepler-534 b","Kepler-534",296.4185696,49.5401480,"Transit","Kepler",2016,2.24000000,5.65000000,15.95994513000,0.1272000000,0.000000,2.760000,721.00,0.05441000,4.3653000,88.78000,5884.00,0.980000,1.050000,0.0100,4.480000,0.14739,
"Kepler-534 c","Kepler-534",296.4185696,49.5401480,"Transit","Kepler",2021,1.22700000,2.02000000,7.37868976600,0.0761000000,0.000000,6.010000,933.00,0.01178000,3.2070000,88.00000,5936.00,0.965000,1.075000,0.0700,4.501000,0.14739,
"Kepler-535 b","Kepler-535",296.5666587,49.6961742,"Transit","Kepler",2016,2.36000000,6.17000000,4.90332155100,0.0601100000,0.000000,2.580000,1247.00,0.03425000,2.8699000,89.93000,6123.00,1.270000,1.180000,0.1300,4.300000,0.34060,
"Kepler-537 b","Kepler-537",289.8805804,51.2769907,"Transit","Kepler",2016,1.41000000,2.57000000,3.24755521900,0.0431700000,0.000000,5.040000,1181.00,0.02097000,2.4836000,88.14000,5763.00,0.990000,1.070000,0.2300,4.470000,-0.03874,
"Kepler-54 d","Kepler-54",294.7739245,43.0561976,"Transit","Kepler",2014,1.53000000,12.09460000,20.99569400000,0.1260000000,0.000000,9.200000,328.00,0.07673000,2.6980000,89.79000,4252.00,0.554000,0.518000,-0.2700,4.730000,-1.30103,"M1 V"
"Kepler-546 b","Kepler-546",283.2575730,40.9904095,"Transit","Kepler",2016,7.00000000,39.10000000,4.14702025800,0.0502000000,0.000000,0.626000,1258.00,0.36807000,2.8969000,88.70000,5967.00,1.150000,1.110000,0.1400,4.360000,0.27057,
"Kepler-549 b","Kepler-549",283.0228527,47.2611431,"Transit","Kepler",2016,2.57000000,11.00000000,42.94956490000,0.2323600000,0.000000,1.900000,487.00,0.09591000,5.3469000,89.99000,5360.00,0.840000,0.880000,-0.0300,4.540000,-0.30618,
"Kepler-55 c","Kepler-55",285.1683291,44.0264898,"Transit","Kepler",2012,2.21000000,69.80000000,42.15164180000,0.2095000000,0.000000,35.500000,349.00,0.08955000,5.0617000,89.96000,4362.00,0.580000,0.620000,-0.0100,4.700000,-0.76324,
"Kepler-55 d","Kepler-55",285.1683291,44.0264898,"Transit","Kepler",2014,1.59000000,3.15000000,2.21109900000,0.0290000000,0.000000,4.310000,931.00,0.06617000,1.6440000,84.94000,4503.00,0.619000,0.631000,-0.0100,4.684000,-0.76324,
"Kepler-55 e","Kepler-55",285.1683291,44.0264898,"Transit","Kepler",2014,1.55000000,3.02000000,4.61753400000,0.0480000000,0.000000,4.460000,728.00,0.05758000,2.1320000,86.99000,4503.00,0.619000,0.631000,-0.0100,4.684000,-0.76324,
"Kepler-553 b","Kepler-553",298.5508922,48.3325405,"Transit","Kepler",2016,4.74139884,116.00736855,4.03046700000,0.0476600000,0.000000,,1089.00,0.23310000,2.7761000,88.94000,5191.00,0.902000,0.889000,0.1520,4.480000,-0.27084,
"Kepler-556 b","Kepler-556",290.5294799,38.9427306,"Transit","Kepler",2016,2.24000000,5.65000000,11.72292176000,0.0983300000,0.000000,2.760000,766.00,0.04922000,4.1750000,89.97000,5740.00,0.980000,1.000000,0.0300,4.460000,-0.04785,
"Kepler-559 b","Kepler-559",296.6368878,43.8027948,"Transit","Kepler",2016,3.61000000,12.70000000,17.58752333000,0.1277000000,0.000000,1.480000,706.00,0.13778000,4.3821000,89.81000,5630.00,0.950000,0.960000,0.0300,4.470000,-0.12141,
"Kepler-56 d","Kepler-56",293.7583002,41.8718070,"Radial Velocity","Multiple Observatories",2016,12.80000000,1784.00000000,1002.00000000000,2.1600000000,0.200000,4.670000,324.75,,,,4819.44,4.217990,1.290000,0.3631,3.310000,0.90455,
"Kepler-561 c","Kepler-561",293.7471107,45.1071981,"Transit","Kepler",2016,2.68000000,7.65000000,5.35016198300,0.0594700000,0.000000,2.180000,989.00,0.07648000,2.2430000,89.98000,5646.00,0.940000,0.960000,0.0200,4.480000,-0.17974,
"Kepler-563 b","Kepler-563",292.4461832,46.2897548,"Transit","Kepler",2016,3.09000000,9.75000000,22.18432708000,0.1418000000,0.000000,1.820000,546.00,0.15930000,3.0563000,89.97000,5066.00,0.770000,0.800000,-0.0800,4.580000,-0.44389,
"Kepler-564 b","Kepler-564",296.8383661,46.6263912,"Transit","Kepler",2016,4.63000000,19.40000000,3.75083228500,0.0484000000,0.000000,1.070000,1129.00,0.23979000,1.9591300,90.00000,5626.00,0.920000,0.950000,-0.0100,4.490000,-0.06437,
"Kepler-57 c","Kepler-57",293.6413146,44.6570692,"Transit","Kepler",2012,2.19600000,6.86000000,11.60000000000,0.0958800000,0.072500,3.528714,671.00,0.04893000,2.2603000,89.96000,5187.90,0.826000,0.859000,0.1166,4.540000,-0.34241,
"Kepler-572 b","Kepler-572",291.2211720,50.5813487,"Transit","Kepler",2016,2.58000000,7.18000000,17.20523483000,0.1192000000,0.000000,2.300000,553.00,0.10806000,3.6211000,89.98000,5212.00,0.790000,0.830000,-0.1000,4.570000,-0.43426,
"Kepler-576 b","Kepler-576",295.1828896,38.6542028,"Transit","Kepler",2016,3.27000000,10.70000000,29.91136794000,0.1790000000,0.000000,1.680000,541.00,0.09420000,6.8360000,89.93000,5672.00,0.970000,0.990000,0.0900,4.460000,-0.21068,
"Kepler-578 b","Kepler-578",288.7549882,39.5636960,"Transit","Kepler",2016,2.00000000,4.66000000,1.61688369600,0.0266000000,0.000000,3.200000,1774.00,0.04599000,1.5845000,78.60000,5334.00,0.830000,0.870000,-0.0300,4.540000,-0.33690,
"Kepler-579 b","Kepler-579",295.0020771,39.9528613,"Transit","Kepler",2016,2.00000000,4.66000000,9.66857723000,0.0854000000,0.000000,3.200000,730.00,0.04117000,2.3709000,87.59000,5636.00,0.960000,0.990000,0.1300,4.470000,-0.31094,
"Kepler-58 b","Kepler-58",296.3586251,39.1152033,"Transit","Kepler",2012,2.78000000,35.50000000,10.21849540000,0.0929100000,0.040000,10.100000,920.00,0.04453000,4.3967000,88.76000,5843.00,1.030000,0.950000,0.1000,4.390000,-0.00422,
"Kepler-580 b","Kepler-580",283.4997537,40.5528053,"Transit","Kepler",2016,2.57000000,7.13000000,8.22241965600,0.0683000000,0.000000,2.310000,558.00,0.14686000,2.7045000,89.39000,4298.00,0.640000,0.670000,-0.0600,4.660000,-0.89626,
"Kepler-582 b","Kepler-582",297.5037180,41.0570326,"Transit","Kepler",2016,3.68000000,13.10000000,18.49235668000,0.1254000000,0.000000,1.440000,603.00,0.16789000,3.5297000,89.95000,5564.00,0.910000,0.930000,0.0100,4.490000,-0.41418,
"Kepler-585 b","Kepler-585",286.5284924,43.8733751,"Transit","Kepler",2016,2.83000000,8.40000000,2.75235975300,0.0384100000,0.000000,2.040000,1178.00,0.08194000,2.1154000,87.36000,5593.00,0.930000,0.960000,0.0300,4.490000,-0.16334,
"Kepler-586 b","Kepler-586",293.0571982,45.5511266,"Transit","Kepler",2016,2.79000000,8.20000000,2.10472218400,0.0331000000,0.000000,2.070000,1365.00,0.09055000,1.7575000,89.99000,5575.00,0.920000,0.940000,0.0000,4.500000,-0.14099,
"Kepler-590 b","Kepler-590",296.3855467,48.2334177,"Transit","Kepler",2016,4.02000000,15.20000000,5.85296257000,0.0647000000,0.000000,1.290000,1056.00,0.11465000,4.6003000,88.11000,6000.00,1.150000,1.100000,0.0700,4.350000,0.47712,
"Kepler-595 b","Kepler-595",294.5703593,50.6730147,"Transit","Kepler",2016,3.70800000,17.40000000,25.30290920000,0.1582000000,0.000000,1.230000,535.00,0.21057000,4.5204000,89.95000,5138.50,0.821000,0.930000,0.4060,4.540000,-0.34768,
"Kepler-597 b","Kepler-597",293.4700919,39.2528182,"Transit","Kepler",2016,2.37000000,6.21000000,13.02365861000,0.1091600000,0.000000,2.560000,743.00,0.06224000,3.9714000,89.93000,5683.00,0.950000,0.970000,-0.0100,4.470000,-0.03340,
"Kepler-60 b","Kepler-60",288.9612535,42.2650472,"Transit","Kepler",2012,1.71000000,4.19000000,7.13340000000,0.0725500000,0.000000,4.620000,1102.00,0.01450000,4.3680000,86.52000,5905.00,1.257000,1.041000,-0.0900,4.260000,0.36906,
"Kepler-603 d","Kepler-603",294.2809679,42.2909295,"Transit","Kepler",2016,1.32000000,2.30000000,6.21712920000,0.0711700000,0.000000,5.500000,1098.00,0.02112000,3.7010000,88.14000,5808.00,1.010000,1.010000,0.0300,4.430000,0.39156,
"Kepler-605 c","Kepler-605",287.2954015,43.2798677,"Transit","Kepler",2016,0.86000000,0.56600000,2.35895151500,0.0333600000,0.000000,4.890000,1278.00,0.00941000,1.6330000,87.91000,5462.00,0.880000,0.910000,0.0200,4.520000,-0.24849,
"Kepler-606 b","Kepler-606",292.4273700,44.3812406,"Transit","Kepler",2016,3.31000000,11.00000000,24.31575992000,0.1700000000,0.000000,1.670000,683.00,0.06433000,4.1383000,88.94000,6161.00,1.220000,1.130000,0.0100,4.320000,0.25434,
"Kepler-61 b","Kepler-61",295.3044942,42.4753193,"Transit","Kepler",2013,2.15000000,5.27000000,59.87756000000,0.2486100000,0.250000,2.910000,273.00,0.13848000,4.8450000,89.80000,4017.00,0.620000,0.635000,0.0300,4.670000,-0.97062,"K7 V"
"Kepler-610 b","Kepler-610",293.1713241,45.0655934,"Transit","Kepler",2016,4.19000000,16.30000000,6.99692655400,0.0719000000,0.000000,1.220000,888.00,0.13823000,2.7377000,89.94000,5943.00,1.130000,1.100000,0.1200,4.370000,-0.11034,
"Kepler-610 c","Kepler-610",293.1713241,45.0655934,"Transit","Kepler",2016,3.30000000,10.90000000,151.86392000000,0.5594000000,0.000000,1.670000,318.00,0.08412000,8.6220000,89.99000,5943.00,1.130000,1.100000,0.1200,4.370000,-0.11034,
"Kepler-617 b","Kepler-617",283.7407247,47.5161237,"Transit","Kepler",2016,1.32000000,2.30000000,1.68269614800,0.0219000000,0.000000,5.500000,750.00,0.07038000,1.3800000,89.85000,3712.00,0.480000,0.510000,-0.0700,4.770000,-1.30507,"M1 V"
"Kepler-62 d","Kepler-62",283.2125621,45.3496992,"Transit","Kepler",2013,1.95000000,14.00000000,18.16406000000,0.1200000000,0.000000,,510.00,0.09200000,2.9700000,89.70000,4925.00,0.640000,0.690000,-0.3700,4.680000,-0.67800,"K2 V"
"Kepler-620 b","Kepler-620",291.1593939,51.3348228,"Transit","Kepler",2016,3.32000000,11.00000000,12.91375431000,0.1053000000,0.000000,1.650000,849.00,0.04879000,6.0420000,85.45000,6155.00,1.220000,1.150000,0.0300,4.330000,0.34079,
"Kepler-625 b","Kepler-625",292.1504723,39.6375254,"Transit","Kepler",2016,1.99000000,4.62000000,7.75192492000,0.0813700000,0.000000,3.220000,852.00,0.04060000,3.4849000,87.83000,5789.00,0.960000,1.040000,0.1000,4.490000,0.40647,
"Kepler-630 b","Kepler-630",293.4270647,39.9423967,"Transit","Kepler",2016,3.18000000,10.20000000,161.47439370000,0.5620100000,0.000000,1.740000,343.00,0.08282000,10.5980000,89.48000,5829.00,1.040000,1.020000,0.0300,4.420000,0.30233,
"Kepler-631 b","Kepler-631",296.8857240,40.2281717,"Transit","Kepler",2016,2.90000000,8.75000000,17.97979059000,0.1401700000,0.000000,1.970000,828.00,0.04759000,5.6021000,89.84000,6185.00,1.330000,1.240000,0.2300,4.280000,0.38915,
"Kepler-633 b","Kepler-633",295.2173259,40.5921599,"Transit","Kepler",2016,1.63000000,3.29000000,8.50340718000,0.0818500000,0.000000,4.170000,1021.00,0.01889000,2.8346000,86.36000,5899.00,1.150000,1.020000,-0.0500,4.320000,0.16000,
"Kepler-636 b","Kepler-636",293.5920614,41.0950891,"Transit","Kepler",2016,4.45000000,18.10000000,16.08066114700,0.1185000000,0.000000,1.130000,614.00,0.31974000,2.8707000,89.93000,5203.00,0.800000,0.850000,-0.0200,4.560000,-0.37400,
"Kepler-637 b","Kepler-637",292.4172566,41.4168384,"Transit","Kepler",2016,4.75000000,20.20000000,23.20584623000,0.1661900000,0.000000,1.040000,1002.00,0.03479000,4.2998000,89.92000,6096.00,2.560000,1.640000,0.3800,3.840000,0.38249,
"Kepler-638 b","Kepler-638",284.9194213,41.6172093,"Transit","Kepler",2016,1.83000000,4.01000000,6.07972888000,0.0669500000,0.000000,3.600000,1111.00,0.02898000,7.3431000,85.43000,5382.00,0.930000,0.880000,0.0400,4.430000,0.53162,
"Kepler-645 b","Kepler-645",290.3227098,44.0358625,"Transit","Kepler",2016,2.10000000,5.06000000,3.27582262100,0.0454100000,0.000000,3.000000,1730.00,0.02749000,2.9721000,82.54000,6170.00,1.210000,1.130000,-0.0100,4.330000,0.45106,
"Kepler-65 b","Kepler-65",288.6887221,41.1511076,"Transit","Kepler",2012,1.42000000,2.40000000,2.15491000000,0.0350000000,0.028000,4.400000,1740.00,0.00850000,3.0770000,92.20000,6211.00,1.410000,1.250000,0.1700,4.232000,0.46740,
"Kepler-650 b","Kepler-650",289.0009451,45.1542968,"Transit","Kepler",2016,2.96000000,9.06000000,3.03214558800,0.0421000000,0.000000,1.920000,1507.00,0.04886000,3.6764000,76.77000,5849.00,1.350000,1.080000,0.1300,4.210000,0.28400,
"Kepler-656 b","Kepler-656",288.3278778,47.3815380,"Transit","Kepler",2016,3.12000000,9.91000000,1.26025909400,0.0223100000,0.000000,1.790000,1569.00,0.11307000,1.8742000,77.17000,5281.00,0.820000,0.860000,-0.0400,4.560000,-0.29864,
"Kepler-666 b","Kepler-666",298.4568899,48.7915925,"Transit","Kepler",2016,2.40000000,6.35000000,4.49876092000,0.0542000000,0.000000,2.520000,1133.00,0.04600000,3.8308000,88.00000,5887.00,1.050000,1.030000,0.0100,4.410000,0.18164,
"Kepler-668 b","Kepler-668",285.4992845,49.2772713,"Transit","Kepler",2016,2.70000000,7.75000000,8.35390639000,0.0768000000,0.000000,2.160000,790.00,0.10416000,2.2712000,89.95000,5352.00,0.820000,0.870000,-0.0600,4.550000,-0.39647,
"Kepler-669 b","Kepler-669",291.9361615,49.2539473,"Transit","Kepler",2016,4.83000000,20.80000000,4.12554686900,0.0529000000,0.000000,1.010000,1243.00,0.14873000,3.1389000,85.95000,6038.00,1.200000,1.150000,0.1400,4.340000,0.35828,
"Kepler-67 b","Kepler-67",294.1533505,46.1663976,"Transit","Kepler",2013,2.94000000,8.96000000,15.72590000000,0.1171000000,0.000000,1.940000,602.00,0.14227000,3.8390000,89.78000,5331.00,0.778000,0.865000,-0.2000,4.594000,-0.37633,"G9 V"
"Kepler-673 b","Kepler-673",290.7857595,50.0540561,"Transit","Kepler",2016,6.54000000,34.80000000,3.72873109300,0.0455000000,0.000000,0.684000,1023.00,0.52265000,2.6734000,86.70000,5355.00,0.840000,0.880000,0.0000,4.540000,-0.34402,
"Kepler-674 b","Kepler-674",285.1761864,50.1496897,"Transit","Kepler",2016,1.69000000,3.50000000,2.24338184700,0.0280000000,0.000000,3.980000,822.00,0.08217000,1.0205000,82.88000,4192.00,0.570000,0.600000,-0.2700,4.690000,-0.90665,
"Kepler-677 b","Kepler-677",290.0980478,50.3215731,"Transit","Kepler",2016,5.38000000,25.00000000,6.57531678000,0.0670000000,0.000000,0.882000,1015.00,0.27933000,4.2837000,88.03000,5723.00,0.990000,1.000000,0.0600,4.450000,0.38964,
"Kepler-678 b","Kepler-678",295.4552577,50.4945093,"Transit","Kepler",2016,5.14000000,23.10000000,7.27503724000,0.0732000000,0.000000,0.935000,833.00,0.30010000,7.5206000,85.29000,5520.00,0.910000,0.940000,0.0700,4.500000,0.44927,
"Kepler-68 d","Kepler-68",291.0323102,49.0402129,"Radial Velocity","W. M. Keck Observatory",2013,13.90000000,267.00000000,632.62000000000,1.4690000000,0.102000,0.546000,260.75,,,,5847.00,1.256400,1.057000,0.1100,4.281000,0.23106,
"Kepler-682 b","Kepler-682",289.1122204,51.7373589,"Transit","Kepler",2016,7.37000000,42.60000000,12.61190667200,0.1058000000,0.000000,0.585000,753.00,0.61056000,5.1636000,88.17000,5559.00,0.890000,0.920000,-0.0500,4.510000,0.47994,
"Kepler-685 b","Kepler-685",293.8719143,38.4229184,"Transit","Kepler",2016,10.58000000,78.80000000,1.62552220000,0.0265000000,0.000000,0.366000,1579.00,0.79690000,2.3878500,89.22000,5963.00,1.160000,1.110000,0.1500,4.360000,-0.05138,
"Kepler-691 b","Kepler-691",288.8117314,40.0332311,"Transit","Kepler",2016,2.09000000,5.02000000,8.11437900000,0.0649000000,0.000000,3.020000,460.00,0.15580000,2.2580000,88.61000,3715.00,0.500000,0.530000,0.0400,4.760000,-1.30464,
"Kepler-692 b","Kepler-692",294.7768068,40.1537027,"Transit","Kepler",2016,3.11000000,9.85000000,21.81293494000,0.1495000000,0.000000,1.800000,639.00,0.11754000,4.3891000,89.92000,5440.00,0.860000,0.900000,-0.0100,4.530000,-0.23346,
"Kepler-698 b","Kepler-698",288.5099994,41.3017465,"Transit","Kepler",2016,3.68000000,13.10000000,16.32976218000,0.1255000000,0.000000,1.440000,727.00,0.11875000,6.3730000,86.59000,5612.00,0.910000,0.940000,-0.0300,4.500000,0.38841,
"Kepler-700 b","Kepler-700",287.1542240,41.5657775,"Transit","Kepler",2016,5.99000000,30.00000000,80.87206390000,0.3577000000,0.000000,0.767000,452.00,0.36046000,11.1140000,89.40000,5692.00,0.960000,0.980000,0.0400,4.470000,0.22961,
"Kepler-705 b","Kepler-705",289.5085612,41.8120234,"Transit","Kepler",2016,2.11000000,5.10000000,56.05605380000,0.2320000000,0.000000,2.980000,265.00,0.18510000,4.5950000,89.99000,3722.00,0.510000,0.530000,0.0700,4.750000,-1.38500,
"Kepler-715 b","Kepler-715",283.6307971,43.3793638,"Transit","Kepler",2016,3.75000000,13.50000000,10.00652995000,0.0933000000,0.000000,1.410000,876.00,0.09361000,5.2180000,83.94000,5871.00,1.040000,1.040000,0.0200,4.420000,0.16457,
"Kepler-716 c","Kepler-716",290.3931809,43.3638577,"Transit","Kepler",2020,1.39281536,2.52000000,3.96999000000,0.0454800000,0.000000,5.120000,992.00,0.02992000,1.1857000,86.81000,5012.00,0.742183,0.830000,-0.0600,4.616120,-0.50424,
"Kepler-718 b","Kepler-718",299.5618676,43.5035173,"Transit","Kepler",2016,16.56000000,,2.05234990500,0.0322000000,0.000000,,1497.00,1.42806000,2.0801000,86.76000,6191.00,1.300000,1.180000,0.0600,4.280000,0.13394,
"Kepler-720 b","Kepler-720",298.6356478,44.1709388,"Transit","Kepler",2016,8.41000000,53.40000000,4.70832654200,0.0539000000,0.000000,0.493000,1162.00,0.79127000,3.1745500,89.71000,5618.00,0.920000,0.950000,0.0000,4.490000,0.03222,
"Kepler-724 b","Kepler-724",293.4548441,44.7927823,"Transit","Kepler",2016,3.29000000,10.80000000,3.31494633800,0.0433000000,0.000000,1.670000,1155.00,0.13982000,1.7069000,85.11000,5437.00,0.860000,0.900000,-0.0200,4.530000,-0.22344,
"Kepler-728 b","Kepler-728",291.0923621,45.1155087,"Transit","Kepler",2016,3.34000000,11.10000000,5.74347726500,0.0625000000,0.000000,1.640000,982.00,0.12402000,3.4527000,90.00000,5660.00,0.930000,0.950000,-0.0300,4.490000,0.22726,
"Kepler-729 b","Kepler-729",286.3600604,45.4142664,"Transit","Kepler",2016,3.58000000,12.50000000,3.16635371400,0.0432000000,0.000000,1.500000,1273.00,0.14734000,3.3039000,89.76000,5633.00,0.910000,0.940000,-0.0500,4.500000,0.26135,
"Kepler-732 c","Kepler-732",283.7317274,45.9585288,"Transit","Kepler",2016,1.27000000,2.15000000,0.89304123600,0.0143000000,0.000000,5.770000,893.00,0.07417000,1.1042000,89.92000,3631.00,0.460000,0.490000,-0.0100,4.790000,-1.37500,
"Kepler-750 c","Kepler-750",289.0968274,44.0043640,"Transit","Kepler",2016,1.62000000,3.26000000,4.08899022000,0.0500900000,0.000000,4.210000,1537.00,0.01579000,3.4650000,87.39000,6160.00,1.230000,1.150000,0.0300,4.320000,0.34371,
"Kepler-751 b","Kepler-751",294.8438103,44.0776872,"Transit","Kepler",2016,2.46000000,6.62000000,17.44490636000,0.1263000000,0.000000,2.440000,679.00,0.08561000,4.0988000,86.98000,5387.00,0.840000,0.870000,-0.0600,4.540000,-0.26401,
"Kepler-758 c","Kepler-758",293.0846115,41.1354049,"Transit","Kepler",2016,1.69000000,3.50000000,4.75793986000,0.0576800000,0.000000,3.980000,1372.00,0.01245000,4.6770000,84.31000,6228.00,1.420000,1.160000,-0.1000,4.190000,0.56281,
"Kepler-759 b","Kepler-759",290.1314231,41.3814345,"Transit","Kepler",2016,2.27000000,5.77000000,41.80598500000,0.2329000000,0.000000,2.710000,533.00,0.04947000,6.1320000,89.97000,5860.00,1.040000,1.040000,0.0600,4.420000,0.06100,
"Kepler-76 b","Kepler-76",294.1921185,39.6189727,"Orbital Brightness Modulation","Kepler",2013,15.24424000,638.83830000,1.54492980000,0.0274000000,0.000000,1.100000,2140.00,0.59150000,1.4278400,77.55000,6409.00,1.320000,1.200000,-0.1000,4.200000,0.45116,"F"
"Kepler-764 b","Kepler-764",297.3931183,47.1645814,"Transit","Kepler",2016,1.64000000,3.33000000,7.33683936000,0.0724000000,0.000000,4.150000,875.00,0.03258000,3.5120000,89.93000,5557.00,0.890000,0.920000,-0.0600,4.510000,-0.13604,
"Kepler-765 b","Kepler-765",283.1846044,47.1557114,"Transit","Kepler",2016,2.43000000,6.48000000,27.66552260000,0.1754000000,0.000000,2.480000,641.00,0.04692000,6.5080000,89.99000,5901.00,1.060000,1.050000,0.0400,4.410000,0.14595,
"Kepler-767 b","Kepler-767",291.5791562,38.0358066,"Transit","Kepler",2016,6.64000000,35.70000000,161.52801010000,0.5874000000,0.000000,0.670000,366.00,0.46536000,3.6935000,90.00000,5694.00,0.940000,0.960000,-0.0500,4.480000,0.47562,
"Kepler-770 b","Kepler-770",286.4904589,38.3748720,"Transit","Kepler",2016,2.30000000,5.90000000,18.92540274000,0.1694000000,0.000000,2.660000,1171.00,0.06409000,3.7409000,88.00000,5598.00,0.920000,0.940000,-0.0100,4.490000,0.05399,
"Kepler-773 b","Kepler-773",290.8846217,38.0575539,"Transit","Kepler",2016,1.43000000,2.63000000,3.74910006100,0.0468200000,0.000000,4.940000,1160.00,0.01826000,1.8438000,80.24000,5850.00,1.010000,1.040000,0.0500,4.450000,0.09508,
"Kepler-775 b","Kepler-775",291.4332781,41.7033162,"Transit","Kepler",2016,1.19000000,1.81000000,0.97486892600,0.0183400000,0.000000,5.900000,1612.00,0.01976000,1.5975000,88.53000,5468.00,0.840000,0.920000,-0.0400,4.560000,-0.26699,
"Kepler-780 b","Kepler-780",281.7663511,44.2924898,"Transit","Kepler",2016,0.89000000,0.64000000,0.67737516400,0.0150000000,0.000000,4.990000,2099.00,0.00767000,1.8243000,87.38000,5769.00,1.020000,1.010000,0.0500,4.420000,0.01690,
"Kepler-783 b","Kepler-783",291.0628615,47.4847890,"Transit","Kepler",2016,0.78000000,0.39900000,4.29264638000,0.0495800000,0.000000,4.620000,991.00,0.00625000,2.6220000,87.62000,5521.00,0.890000,0.930000,0.0100,4.510000,-0.23092,
"Kepler-786 b","Kepler-786",293.7439223,38.9392217,"Transit","Kepler",2016,2.43000000,6.48000000,53.52934870000,0.2548300000,0.000000,2.480000,348.00,0.10861000,5.5770000,89.72000,4838.00,0.740000,0.810000,0.0900,4.610000,-0.58348,
"Kepler-79 d","Kepler-79",300.5171067,44.3815508,"Transit","Kepler",2014,7.15000000,5.30000000,52.08970000000,0.2937000000,0.051000,0.080000,592.00,0.24789000,8.6329000,89.81000,6389.00,1.316000,1.244000,0.0600,4.274000,0.34200,
"Kepler-791 b","Kepler-791",293.5958044,39.0294267,"Transit","Kepler",2016,3.05000000,9.53000000,14.55397590000,0.1256000000,0.000000,1.850000,939.00,0.03197000,6.2540000,80.57000,6383.00,1.470000,1.300000,0.0600,4.210000,0.40273,
"Kepler-792 b","Kepler-792",292.0068239,38.8207001,"Transit","Kepler",2016,1.96000000,4.50000000,11.30119217000,0.0988000000,0.000000,3.280000,852.00,0.02771000,3.9800000,89.69000,5971.00,1.120000,1.090000,0.0800,4.380000,0.27379,
"Kepler-797 b","Kepler-797",297.2089078,41.7816450,"Transit","Kepler",2016,2.17000000,5.35000000,27.07237711000,0.1810000000,0.000000,2.880000,605.00,0.05142000,6.9430000,89.97000,5680.00,0.950000,0.960000,-0.0200,4.470000,0.46974,
"Kepler-80 f","Kepler-80",296.1125759,39.9787451,"Transit","Kepler",2016,1.21000000,4459.73000000,0.98678730000,0.0175000000,0.186000,703.000000,1054.00,0.04500000,1.1879000,86.50000,4540.00,0.678000,0.730000,0.0400,4.639000,-0.76955,"K5"
"Kepler-81 d","Kepler-81",293.6369437,42.8248275,"Transit","Kepler",2014,1.21000000,1.92000000,20.83784600000,0.1280000000,0.000000,5.960000,418.00,0.03984000,2.5700000,89.18000,4500.00,0.595000,0.648000,-0.1800,4.696000,-0.88941,"M0 V"
"Kepler-816 b","Kepler-816",293.3628165,39.2124394,"Transit","Kepler",2016,10.24000000,74.50000000,10.50682564600,0.0895000000,0.000000,0.381000,668.00,1.33555000,3.7432000,88.93000,5286.00,0.850000,0.900000,0.1600,4.540000,-0.37445,
"Kepler-82 c","Kepler-82",292.8733696,42.9661583,"Transit","Kepler",2012,5.34000000,13.90000000,51.54000000000,0.2626000000,0.007000,0.494000,450.00,0.36443000,6.3994000,90.15000,5401.00,0.898000,0.910000,0.2107,4.490000,-0.18507,
"Kepler-821 b","Kepler-821",285.6173937,39.3794684,"Transit","Kepler",2016,1.31000000,2.27000000,1.92279873000,0.0290000000,0.000000,5.550000,1215.00,0.02597000,1.9191000,89.74000,5191.00,0.800000,0.840000,-0.0300,4.560000,-0.36439,
"Kepler-824 b","Kepler-824",290.4774060,39.7319975,"Transit","Kepler",2016,1.87000000,4.16000000,4.51436633000,0.0550000000,0.000000,3.500000,1231.00,0.02307000,2.9560000,89.42000,6035.00,1.220000,1.150000,0.1400,4.320000,0.12216,
"Kepler-825 c","Kepler-825",294.7698250,39.3984081,"Transit","Kepler",2016,1.84000000,4.04000000,8.18182460000,0.0759000000,0.000000,3.560000,981.00,0.02996000,2.4596000,88.11000,5976.00,1.080000,1.030000,-0.0800,4.390000,0.11956,
"Kepler-83 b","Kepler-83",282.2325197,43.6655662,"Transit","Kepler",2012,2.83000000,2.94000000,9.77000000000,0.0729500000,0.000000,0.520000,460.00,0.18978000,2.4764000,89.84000,4082.00,0.610000,0.660000,-0.2000,4.690000,-1.10237,"M0 V"
"Kepler-832 b","Kepler-832",295.9261101,45.3838690,"Transit","Kepler",2016,2.06000000,4.90000000,7.13969410000,0.0750000000,0.000000,3.080000,965.00,0.05129000,3.9290000,89.89000,5596.00,0.900000,0.920000,-0.0800,4.500000,0.07025,
"Kepler-835 b","Kepler-835",283.5742181,45.7348003,"Transit","Kepler",2016,2.79000000,8.20000000,11.41909375000,0.1070000000,0.000000,2.070000,921.00,0.05092000,4.3820000,81.99000,5954.00,1.110000,1.080000,0.0800,4.380000,0.32995,
"Kepler-837 b","Kepler-837",285.2467607,45.9501100,"Transit","Kepler",2016,2.56000000,7.08000000,16.56059504000,0.1144000000,0.000000,2.320000,701.00,0.07008000,2.2611000,86.99000,5403.00,0.810000,0.850000,-0.1800,4.560000,-0.27122,
"Kepler-838 b","Kepler-838",285.4354695,45.9759590,"Transit","Kepler",2016,2.73000000,7.90000000,15.74957994000,0.1266000000,0.000000,2.130000,777.00,0.06595000,4.6942000,88.24000,5770.00,0.960000,0.980000,-0.0600,4.460000,-0.09867,
"Kepler-85 c","Kepler-85",290.9734395,45.2902761,"Transit","Kepler",2012,1.97800000,2.15000000,12.51000000000,0.1036300000,0.027000,1.527272,706.00,0.04410000,4.5720000,88.14000,5505.20,0.875000,0.928000,0.1200,4.510000,-0.21230,
"Kepler-850 b","Kepler-850",293.0844515,48.5753645,"Transit","Kepler",2016,1.78000000,3.82000000,7.19303878000,0.0744000000,0.000000,3.720000,995.00,0.02553000,3.4350000,89.94000,5932.00,1.090000,1.060000,0.0300,4.390000,0.17325,
"Kepler-855 b","Kepler-855",295.0949565,43.5375650,"Transit","Kepler",2016,8.35000000,52.70000000,7.88663110400,0.0762000000,0.000000,0.497000,996.00,0.66815000,5.2190600,89.78000,5835.00,1.030000,1.030000,0.0600,4.420000,0.33305,
"Kepler-856 b","Kepler-856",289.6038379,46.3149097,"Transit","Kepler",2016,9.30000000,63.30000000,8.02768059500,0.0787000000,0.000000,0.432000,824.00,0.87254000,3.1401000,88.52000,5535.00,0.930000,0.960000,0.1200,4.490000,-0.02166,
"Kepler-858 b","Kepler-858",288.8488552,51.2090375,"Transit","Kepler",2016,4.87000000,21.10000000,76.13602028000,0.3393900000,0.000000,1.000000,399.00,0.29495000,7.9602000,89.97000,5653.00,0.910000,0.960000,-0.0400,4.500000,-0.11310,
"Kepler-862 b","Kepler-862",297.7792466,46.4926688,"Transit","Kepler",2016,2.21000000,5.52000000,3.14866453400,0.0390000000,0.000000,2.810000,1097.00,0.05505000,2.1794000,85.68000,5333.00,0.840000,0.880000,0.0400,4.540000,-0.10252,
"Kepler-863 b","Kepler-863",297.6644677,43.2489903,"Transit","Kepler",2016,2.90000000,8.75000000,15.59461874000,0.1220000000,0.000000,1.970000,718.00,0.08677000,5.0872000,89.35000,5678.00,0.950000,0.960000,-0.0300,4.460000,0.21514,
"Kepler-866 b","Kepler-866",290.1222112,43.0854070,"Transit","Kepler",2016,1.63000000,3.29000000,2.61703253600,0.0331000000,0.000000,4.170000,996.00,0.04994000,2.0451000,89.15000,4751.00,0.710000,0.750000,-0.0700,4.620000,-0.70483,
"Kepler-869 b","Kepler-869",289.4245955,50.9941198,"Transit","Kepler",2016,3.61000000,12.70000000,40.42877550000,0.2244000000,0.000000,1.480000,494.00,0.09161000,7.5530000,87.92000,5664.00,0.950000,0.970000,0.0200,4.470000,-0.11047,
"Kepler-873 b","Kepler-873",296.4031319,51.2712773,"Transit","Kepler",2016,3.75000000,13.50000000,20.55338440000,0.1542000000,0.000000,1.410000,749.00,0.06783000,5.0988000,87.62000,6163.00,1.270000,1.180000,0.0700,4.290000,0.13449,
"Kepler-874 b","Kepler-874",294.9568477,43.0142991,"Transit","Kepler",2016,3.94000000,14.70000000,40.06867270000,0.2234000000,0.000000,1.320000,560.00,0.09709000,6.0815000,89.97000,6020.00,1.130000,1.090000,0.0300,4.370000,0.13758,
"Kepler-877 b","Kepler-877",289.8591023,46.5227429,"Transit","Kepler",2016,2.12000000,5.14000000,18.45847097000,0.1301000000,0.000000,2.960000,632.00,0.05353000,3.3077000,88.09000,5261.00,0.810000,0.850000,-0.0600,4.560000,-0.34300,
"Kepler-878 b","Kepler-878",285.2962562,46.6034497,"Transit","Kepler",2016,1.93000000,4.38000000,25.94220330000,0.1650000000,0.000000,3.350000,501.00,0.05697000,4.0442000,89.20000,5044.00,0.770000,0.810000,-0.0300,4.580000,-0.17433,
"Kepler-879 b","Kepler-879",295.8065515,50.9097521,"Transit","Kepler",2016,2.57000000,7.13000000,33.38559380000,0.2012000000,0.000000,2.310000,580.00,0.05532000,5.0514000,89.26000,5792.00,1.020000,1.020000,0.0500,4.420000,0.03340,"G"
"Kepler-88 d","KOI-142",291.1481028,40.6694130,"Radial Velocity","W. M. Keck Observatory",2020,13.10000000,965.14699656,1403.00000000000,2.4663298660,0.410000,2.360000,158.95,,,89.00000,5466.00,0.897000,0.990000,0.2700,4.528000,-0.16507,"G6 V"
"Kepler-880 c","Kepler-880",281.9712347,43.6727839,"Transit","Kepler",2023,2.87000000,8.60000000,11.80617370000,0.1216000000,0.000000,2.000000,1407.00,0.00881000,4.4720000,84.28000,6900.00,2.599000,1.714000,0.0000,3.843000,0.66603,
"Kepler-882 b","Kepler-882",294.6500256,43.3356106,"Transit","Kepler",2016,1.23000000,2.04000000,3.98953966600,0.0474100000,0.000000,6.020000,903.00,0.01900000,1.5403000,89.75000,5476.00,0.870000,0.900000,-0.0300,4.520000,-0.27313,
"Kepler-886 b","Kepler-886",286.2717162,43.5952037,"Transit","Kepler",2016,1.52000000,2.92000000,6.24146367000,0.0642800000,0.000000,4.570000,1111.00,0.01637000,3.0771000,89.89000,6098.00,1.160000,1.100000,-0.0100,4.350000,0.04165,
"Kepler-887 b","Kepler-887",290.0907893,39.8169085,"Transit","Kepler",2016,1.84000000,4.04000000,20.42228798000,0.1543100000,0.000000,3.560000,785.00,0.01893000,6.1920000,89.87000,6194.00,1.290000,1.190000,0.0800,4.290000,0.44617,
"Kepler-887 c","Kepler-887",290.0907893,39.8169085,"Transit","Kepler",2016,1.13000000,1.51000000,7.63846023000,0.0801000000,0.000000,5.750000,1089.00,0.00717000,3.9710000,88.30000,6194.00,1.290000,1.190000,0.0800,4.290000,0.44617,
"Kepler-889 b","Kepler-889",291.4674540,50.7595597,"Transit","Kepler",2016,1.09000000,1.32000000,3.74443900000,0.0497500000,0.000000,5.600000,1328.00,0.00733000,2.9492000,89.01000,5961.00,1.250000,1.140000,0.1900,4.300000,0.38344,
"Kepler-891 b","Kepler-891",291.0837644,40.3552252,"Transit","Kepler",2016,6.41000000,33.60000000,53.44945593000,0.2881000000,0.000000,0.701000,486.00,0.34370000,5.3228000,89.93000,5887.00,1.070000,1.060000,0.0900,4.410000,0.58754,
"Kepler-899 b","Kepler-899",297.4825612,40.6807412,"Transit","Kepler",2016,2.68000000,7.65000000,19.17891293000,0.1392000000,0.000000,2.180000,640.00,0.07528000,5.2000000,89.99000,5595.00,0.910000,0.930000,-0.0600,4.490000,0.04831,
"Kepler-9 c","Kepler-9",285.5739904,38.4008192,"Transit","Kepler",2010,8.08000000,29.90000000,38.98530000000,0.2270000000,0.066910,0.310000,523.00,0.61591000,4.5650000,89.18800,5774.00,0.958000,1.022000,0.0500,4.490000,-0.03800,
"Kepler-900 b","Kepler-900",296.1772720,46.9989635,"Transit","Kepler",2016,2.08000000,4.98000000,6.99130860000,0.0679000000,0.000000,3.040000,716.00,0.05554000,2.2124000,87.58000,4836.00,0.730000,0.780000,-0.0100,4.600000,-0.60840,
"Kepler-911 b","Kepler-911",298.5891948,40.7506921,"Transit","Kepler",2016,2.60000000,7.27000000,20.31050100000,0.1559400000,0.000000,2.270000,931.00,0.01682000,5.3585000,89.90000,6112.00,1.990000,1.340000,0.0300,3.970000,0.70686,
"Kepler-917 b","Kepler-917",299.0512562,47.9492677,"Transit","Kepler",2016,1.91000000,4.31000000,2.97041437500,0.0378000000,0.000000,3.400000,991.00,0.05307000,2.2161000,87.75000,5418.00,0.760000,0.800000,-0.3800,4.580000,0.76372,
"Kepler-918 b","Kepler-918",298.2007268,48.2677925,"Transit","Kepler",2016,1.74000000,3.68000000,4.85386933000,0.0569000000,0.000000,3.840000,1052.00,0.01964000,2.7990000,77.94000,6028.00,1.140000,1.110000,0.0600,4.370000,-0.01801,
"Kepler-919 b","Kepler-919",298.1147862,48.4943834,"Transit","Kepler",2016,2.25000000,5.69000000,11.04603384000,0.0981000000,0.000000,2.740000,869.00,0.03083000,4.7990000,89.79000,6113.00,1.210000,1.150000,0.0700,4.330000,0.16662,
"Kepler-922 b","Kepler-922",284.7316084,49.5331490,"Transit","Kepler",2016,1.42000000,2.60000000,0.93846683200,0.0179500000,0.000000,4.990000,1876.00,0.02174000,1.2710000,89.45000,5671.00,0.930000,0.950000,-0.0500,4.480000,-0.13328,
"Kepler-926 b","Kepler-926",289.6793396,40.7004265,"Transit","Kepler",2016,2.31000000,5.95000000,52.06886010000,0.2739000000,0.000000,2.650000,524.00,0.05213000,3.0436000,89.88000,5806.00,1.010000,1.010000,0.0300,4.430000,0.17281,
"Kepler-931 b","Kepler-931",297.1326937,42.7682885,"Transit","Kepler",2016,1.33000000,2.33000000,8.03755877000,0.0719000000,0.000000,5.440000,744.00,0.02865000,2.7866000,86.29000,5241.00,0.810000,0.860000,-0.0100,4.550000,-0.35000,
"Kepler-932 b","Kepler-932",296.9520797,43.2720233,"Transit","Kepler",2016,1.37000000,2.45000000,1.92143739600,0.0287600000,0.000000,5.240000,1276.00,0.02787000,1.7519000,74.86000,5331.00,0.840000,0.870000,-0.0100,4.540000,-0.32176,
"Kepler-940 b","Kepler-940",294.2413053,47.2759642,"Transit","Kepler",2016,3.34000000,11.10000000,59.62252570000,0.3059000000,0.000000,1.640000,486.00,0.09934000,6.4250000,88.63000,5769.00,0.960000,0.970000,-0.0800,4.470000,-0.05668,
"Kepler-948 b","Kepler-948",293.3002774,41.5233244,"Transit","Kepler",2016,1.85000000,4.08000000,7.76846622000,0.0749000000,0.000000,3.540000,841.00,0.02178000,4.3850000,88.68000,5679.00,0.940000,0.960000,-0.0200,4.470000,-0.10938,
"Kepler-949 c","Kepler-949",298.6079128,46.4536600,"Transit","Kepler",2023,2.97000000,9.11000000,20.99757968000,0.1394000000,0.000000,1.910000,582.00,0.11318000,2.4540000,89.76000,5211.00,0.895000,0.817000,0.0800,4.447000,-0.44164,
"Kepler-965 b","Kepler-965",298.5153169,41.8912305,"Transit","Kepler",2016,3.38000000,11.40000000,134.25272980000,0.5099800000,0.000000,1.620000,393.00,0.08321000,9.1050000,90.00000,5886.00,1.150000,1.050000,0.0300,4.330000,0.14794,
"Kepler-966 b","Kepler-966",297.2705760,50.1218365,"Transit","Kepler",2016,4.13000000,16.00000000,99.74762200000,0.3907000000,0.000000,1.250000,391.00,0.12870000,6.7440000,89.32000,5840.00,1.020000,1.020000,0.0400,4.430000,0.23291,
"Kepler-967 b","Kepler-967",286.5580128,38.4052418,"Transit","Kepler",2016,2.35000000,6.12000000,13.22713379000,0.1027000000,0.000000,2.590000,638.00,0.08860000,3.2928000,89.98000,5178.00,0.800000,0.840000,-0.0300,4.560000,-0.71759,
"Kepler-968 c","Kepler-968",285.6025889,50.1120401,"Transit","Kepler",2016,1.69000000,3.50000000,5.70940491800,0.0520000000,0.000000,3.980000,644.00,0.06116000,1.5769000,87.70000,4598.00,0.700000,0.760000,0.1300,4.630000,-0.76260,
"Kepler-969 b","Kepler-969",288.3724989,47.9335642,"Transit","Kepler",2016,2.07000000,4.94000000,34.17317140000,0.1972600000,0.000000,3.060000,465.00,0.06309000,4.4751000,88.63000,5214.00,0.820000,0.920000,0.2200,4.570000,-0.38876,
"Kepler-969 c","Kepler-969",288.3724989,47.9335642,"Transit","Kepler",2016,0.99000000,0.93700000,1.68293460400,0.0265000000,0.000000,5.310000,1270.00,0.01462000,1.8737000,82.42000,5214.00,0.820000,0.920000,0.2200,4.570000,-0.38876,
"Kepler-972 b","Kepler-972",295.8286790,43.4254371,"Transit","Kepler",2016,4.65000000,19.50000000,7.03932553000,0.0734000000,0.000000,1.070000,1060.00,0.09005000,3.4480000,81.05000,6146.00,1.220000,1.150000,0.0400,4.330000,0.19129,
"Kepler-977 b","Kepler-977",291.5161959,42.2480736,"Transit","Kepler",2016,2.62000000,7.37000000,26.85328322000,0.1620000000,0.000000,2.250000,544.00,0.10036000,4.5063000,89.99000,5315.00,0.830000,0.870000,-0.0100,4.550000,-0.47627,
"Kepler-980 b","Kepler-980",294.6129869,45.0601740,"Transit","Kepler",2016,2.67000000,7.61000000,11.55102504000,0.0999300000,0.000000,2.200000,845.00,0.04028000,3.7140000,88.79000,5935.00,1.060000,1.050000,0.0100,4.410000,0.26180,
"Kepler-983 b","Kepler-983",285.1042243,45.0080745,"Transit","Kepler",2016,2.36000000,6.17000000,60.08550820000,0.3148000000,0.000000,2.580000,485.00,0.04322000,6.9290000,88.93000,6052.00,1.080000,1.130000,0.1200,4.420000,0.15000,
"Kepler-988 b","Kepler-988",290.7082585,42.2372245,"Transit","Kepler",2016,2.07000000,4.94000000,17.76080053000,0.1085000000,0.000000,3.060000,368.00,0.12872000,1.6860000,89.46000,4005.00,0.530000,0.550000,-0.3200,4.730000,-1.04739,
"Kepler-989 b","Kepler-989",281.5827983,47.2334674,"Transit","Kepler",2016,2.21000000,5.52000000,7.96431535200,0.0734000000,0.000000,2.810000,805.00,0.07460000,1.4980000,89.73000,5074.00,0.780000,0.820000,0.0100,4.580000,-0.42689,
"Kepler-998 b","Kepler-998",296.7541629,49.2087085,"Transit","Kepler",2016,2.32000000,5.99000000,5.65377733000,0.0626000000,0.000000,2.640000,1020.00,0.03668000,1.9612000,88.77000,6058.00,1.180000,1.120000,0.0700,4.340000,0.19290,
"Kepler-999 b","Kepler-999",299.6604865,46.1984679,"Transit","Kepler",2016,2.34000000,6.08000000,5.99185701700,0.0691800000,0.000000,2.610000,1355.00,0.01843000,1.6220000,85.77000,6237.00,1.650000,1.290000,0.0500,4.110000,0.53810,
"L 363-38 b","L 363-38",10.8555443,-41.2952926,"Radial Velocity","Paranal Observatory",2023,2.00000000,4.67000000,8.78100000000,0.0480000000,,3.210000,330.00,,,,3129.00,0.274000,0.210000,,4.970000,-1.88606,
"LHS 1678 c","LHS 1678",68.1789866,-39.7908744,"Transit","Transiting Exoplanet Survey Satellite (TESS)",2021,0.94100000,1.40000000,3.69428400000,0.0327000000,0.039000,10.600000,510.90,0.08328226,1.2300000,88.82000,3490.00,0.329000,0.345000,,4.890440,-1.83863,"M2.0 V"
"LHS 1815 b","LHS 1815",91.0899861,-55.3115376,"Transit","Transiting Exoplanet Survey Satellite (TESS)",2020,1.08800000,1.58000000,3.81433400000,0.0404000000,0.000000,6.700000,617.00,0.04577909,1.3793952,88.12500,3643.00,0.501000,0.502000,-0.1200,4.770000,-1.38722,"M1"
"Lupus-TR-3 b","Lupus-TR-3",232.5774696,-42.9799461,"Transit","Multiple Observatories",2007,9.97600000,257.43100000,3.91405000000,0.0464000000,0.000000,1.400000,1013.56,,,88.30000,5000.00,0.820000,0.870000,,4.500000,-1.46393,
"MASCARA-1 b","MASCARA-1",317.5515264,10.7388967,"Transit","Multiple Observatories",2017,17.90074218,1175.97100000,2.14877381000,0.0403520000,0.000340,1.500000,2594.30,0.62160000,4.2260000,88.45000,7490.00,2.082000,1.900000,0.1500,4.105000,1.08279,"A8"
"MOA-2007-BLG-400L b","MOA-2007-BLG-400L",272.4249167,-29.2241528,"Microlensing","MOA",2008,13.50000000,540.30829190,,5.9000000000,,1.210000,34.00,,,,,,0.690000,,,,
"MOA-2009-BLG-266L b","MOA-2009-BLG-266L",267.0081250,-35.0054111,"Microlensing","MOA",2011,3.21000000,10.40000000,2800.00000000000,3.2000000000,,1.730000,,,,,,,0.560000,,,,
"MOA-2015-BLG-337L b","MOA-2015-BLG-337L",271.9487000,-28.1702785,"Microlensing","MOA",2018,6.42000000,33.70000000,,0.2400000000,,0.700000,,,,,,,0.009400,,,,
"MOA-2016-BLG-319L b","MOA-2016-BLG-319L",268.7422180,-29.7504635,"Microlensing","MOA",2018,14.10000000,200.00000000,,0.9500000000,,0.392000,,,,,,,0.150000,,,,
"MOA-2016-BLG-526L b","MOA-2016-BLG-526L",266.6682917,-34.3860806,"Microlensing","MOA",2024,3.97000000,14.93793513,,2.0700000000,,1.310000,,,,,,,0.370000,,,,
"MOA-2022-BLG-249L b","MOA-2022-BLG-249L",268.8655417,-28.3060611,"Microlensing","MOA",2023,2.04000000,4.83000000,,1.6300000000,,3.130000,,,,,,,0.180000,,,,
"MWC 758 c","MWC 758",82.6147199,25.3324076,"Imaging","Large Binocular Telescope Observatory",2023,,,,100.0000000000,,,500.00,,,,7314.00,2.014460,1.500000,,4.048550,1.01963,"A8Ve"
"NGC 2682 Sand 1429 b","NGC 2682 Sand 1429",133.0147781,11.6899626,"Radial Velocity","Multiple Observatories",2024,13.40000000,572.09113260,77.48000000000,0.3840000000,0.000000,1.310000,683.00,,,,6000.00,2.130000,1.260000,-0.0130,4.010000,0.73989,"F9.5 V"
"NGC 2682 YBP 401 b","NGC 2682 YBP 401",132.8293081,11.6710271,"Radial Velocity","La Silla Observatory",2016,14.30000000,146.20180000,4.08700000000,,0.150000,0.275000,,,,,6165.00,1.215821,1.140000,-0.0460,4.300000,0.28942,"F9 V"
"NGTS-16 b","NGTS-16",58.2639299,-30.8046405,"Transit","Next-Generation Transit Survey (NGTS)",2021,14.57167491,211.99154747,4.84532000000,0.0523000000,0.000000,0.380000,1177.00,,3.0610000,,5550.00,1.213000,1.002000,0.3500,4.350000,0.11732,"G7 V"
"NGTS-17 b","NGTS-17",72.9005729,-34.2262128,"Transit","Next-Generation Transit Survey (NGTS)",2021,13.89913607,242.82090295,3.24253000000,0.0391000000,0.000000,0.500000,1457.00,0.80330221,3.3910000,,5650.00,1.337000,1.025000,0.1500,4.000000,0.24120,"G4 V"
"NGTS-4 b","NGTS-4",89.5988945,-30.8117992,"Transit","Next-Generation Transit Survey (NGTS)",2019,3.18000000,20.60000000,1.33735080000,0.0190000000,0.000000,3.450000,1650.00,0.12266761,1.8000000,82.50000,5143.00,0.840000,0.750000,-0.2800,4.500000,-0.35330,
"NGTS-5 b","NGTS-5",221.0582692,5.6053735,"Transit","Next-Generation Transit Survey (NGTS)",2019,12.73342400,72.78307000,3.35698660000,0.0382000000,0.000000,0.194000,952.00,2.62400000,2.2100000,86.60000,4987.00,0.739000,0.661000,0.1200,4.520000,-0.51087,"K2 V"
"NY Vir b","NY Vir",204.7005847,-2.0303873,"Eclipse Timing Variations","Multiple Observatories",2011,13.30000000,730.97800000,3160.00000000000,3.3000000000,0.150000,1.710000,338.12,,,,32780.00,0.151000,0.459000,,5.741930,1.37508,
"NY Vir c","NY Vir",204.7005847,-2.0303873,"Eclipse Timing Variations","Winer Observatory",2019,12.80000000,1760.77820000,8799.00000000000,,0.150000,4.610000,,,,,32780.00,0.151000,0.459000,,5.741930,1.37508,
"OGLE-2005-BLG-390L b","OGLE-2005-BLG-390L",268.5799580,-30.3773056,"Microlensing","OGLE",2005,2.21000000,5.50000000,3285.00000000000,2.6000000000,,2.800000,50.00,,,,,,0.220000,,,,
"OGLE-2011-BLG-0173L b","OGLE-2011-BLG-0173L",269.3157350,-28.2338619,"Microlensing","OGLE",2018,9.01000000,60.00000000,,8.0000000000,,0.451000,,,,,,,0.410000,,,,
"OGLE-2012-BLG-0358L b","OGLE-2012-BLG-0358L",265.6948750,-24.2610000,"Microlensing","OGLE",2013,13.40000000,588.00000000,,0.8700000000,,1.340000,,,,,,,0.022000,,,,
"OGLE-2013-BLG-0102L b","OGLE-2013-BLG-0102L",268.0295000,-31.6905833,"Microlensing","OGLE",2014,12.30000000,4100.00000000,,0.8000000000,,12.100000,,,,,,,0.096000,,,,
"OGLE-2013-BLG-1721L b","OGLE-2013-BLG-1721L",268.1265560,-30.2926941,"Microlensing","OGLE",2017,14.10000000,200.00000000,,2.6000000000,,0.392000,,,,,,,0.460000,,,,
"OGLE-2014-BLG-0319L b","OGLE-2014-BLG-0319L",266.9611667,-33.9350444,"Microlensing","OGLE",2022,14.10000000,181.16219199,,3.4900000000,,0.355000,,,,,,,0.520000,,,,"M"
"OGLE-2014-BLG-0676L b","OGLE-2014-BLG-0676L",268.1020833,-30.5483889,"Microlensing","OGLE",2016,13.00000000,1169.60853776,,4.5300000000,,2.930000,,,,,,,0.730000,,,,
"OGLE-2014-BLG-1722L c","OGLE-2014-BLG-1722L",268.7523800,-31.4690552,"Microlensing","OGLE",2018,11.00000000,83.70000000,,1.7000000000,,0.346000,,,,,,,0.400000,,,,
"OGLE-2015-BLG-1649L b","OGLE-2015-BLG-1649L",271.2050417,-32.6330278,"Microlensing","OGLE",2019,13.20000000,807.00000000,,2.0700000000,,1.930000,,,,,,,0.340000,,,,
"OGLE-2015-BLG-1771L b","OGLE-2015-BLG-1771L",268.7990000,-28.8627500,"Microlensing","OGLE",2020,14.30000000,138.00000000,,0.8500000000,,0.259000,,,,,,,0.077000,,,,
"OGLE-2016-BLG-0263L b","OGLE-2016-BLG-0263L",269.8954160,-31.8186111,"Microlensing","OGLE",2017,13.00000000,1300.00000000,,5.4000000000,,3.250000,,,,,,,0.130000,,,,
"OGLE-2016-BLG-0613L AB b","OGLE-2016-BLG-0613L AB",269.2604060,-28.1161671,"Microlensing","OGLE",2017,13.00000000,1330.00000000,,6.4000000000,,3.330000,,,,,,,0.720000,,,,
"OGLE-2016-BLG-1067L b","OGLE-2016-BLG-1067L",273.2045000,-27.0126389,"Microlensing","OGLE",2019,14.30000000,140.00000000,,1.7000000000,,0.263000,,,,,,,0.300000,,,,
"OGLE-2016-BLG-1195L b","OGLE-2016-BLG-1195L",268.8479310,-30.2072506,"Microlensing","OGLE",2017,1.11000000,1.43000000,,1.1600000000,,5.750000,,,,,,,0.078000,,,,
"OGLE-2016-BLG-1800L b","OGLE-2016-BLG-1800L",269.9032083,-30.8653611,"Microlensing","OGLE",2024,13.20000000,823.17557413,,1.8800000000,,1.970000,,,,,,,0.410000,,,,
"OGLE-2017-BLG-0364L b","OGLE-2017-BLG-0364L",265.2278750,-34.6175833,"Microlensing","OGLE",2024,10.30000000,75.80000000,,3.7900000000,,0.381000,,,,,,,0.490000,,,,
"OGLE-2017-BLG-0373L b","OGLE-2017-BLG-0373L",269.3294067,-31.9517231,"Microlensing","OGLE",2018,14.00000000,127.00000000,,2.4240000000,,0.254000,,,,,,,0.248000,,,,
"OGLE-2017-BLG-1237L b","OGLE-2017-BLG-1237L",271.6499583,-28.3288306,"Microlensing","OGLE",2024,13.00000000,1207.74794660,,2.5300000000,,3.020000,,,,,,,0.460000,,,,
"OGLE-2018-BLG-0962L b","OGLE-2018-BLG-0962L",268.1747917,-32.3092500,"Microlensing","OGLE",2021,13.60000000,425.89006538,,3.5900000000,,0.930000,,,,,,,0.540000,,,,
"OGLE-2018-BLG-1011L b","OGLE-2018-BLG-1011L",269.0140000,-29.0828889,"Microlensing","OGLE",2019,13.50000000,570.00000000,,1.8000000000,,1.270000,,,,,,,0.180000,,,,
"OGLE-2018-BLG-1119L b","OGLE-2018-BLG-1119L",270.0292500,-32.3752778,"Microlensing","OGLE",2022,13.90000000,289.22385037,,4.0600000000,,0.592000,,,,,,,0.480000,,,,
"OGLE-2018-BLG-1269L b","OGLE-2018-BLG-1269L",269.6934170,-27.6179444,"Microlensing","OGLE",2020,14.10000000,210.00000000,,4.5100000000,,0.412000,,,,,,,1.110000,,,,
"OGLE-2019-BLG-0960L b","OGLE-2019-BLG-0960L",274.0142917,-25.7746667,"Microlensing","OGLE",2021,1.39000000,2.50000000,,1.9000000000,,5.120000,,,,,,,0.500000,,,,
"OGLE-2019-BLG-1492L b","OGLE-2019-BLG-1492L",270.0964583,-28.6311389,"Microlensing","OGLE",2022,6.79000000,37.10000000,,2.7000000000,,0.651000,,,,,,,0.680000,,,,
"OGLE-TR-113 b","OGLE-TR-113",163.1010355,-61.4468591,"Transit","OGLE",2004,12.25100000,400.44900000,1.43247520000,0.0228900000,0.000000,1.200000,1342.00,2.10300000,2.0718518,87.80000,4790.00,0.774000,0.779000,0.0900,4.552000,-0.52900,"K4 V"
"OGLE-TR-132 b","OGLE-TR-132",162.6440933,-61.9572476,"Transit","OGLE",2004,13.45000000,375.02000000,1.68986800000,0.0303500000,0.600000,0.850000,2013.00,0.91700000,2.2742400,83.40000,6210.00,1.320000,1.305000,0.3700,4.313000,0.37100,"F5 V"
"OGLE-TR-211 b","OGLE-TR-211",160.0598236,-62.4555353,"Transit","OGLE",2007,15.24400000,327.35100000,3.67724000000,0.0510000000,0.000000,0.420000,1686.00,0.72300000,4.4112000,87.20000,6325.00,1.640000,1.330000,0.1100,4.220000,0.26657,
"PSR J2322-2650 b","PSR J2322-2650",350.6443481,-26.8495331,"Pulsar Timing","Parkes Observatory",2017,13.90000000,252.64306700,0.32296399700,0.0102000000,0.001700,1.840000,,,,,,,1.400000,,,,
"Proxima Cen d","Proxima Cen",217.3934657,-62.6761821,"Radial Velocity","La Silla Observatory",2025,0.69200000,0.26000000,5.12338000000,0.0288100000,0.000000,4.310000,282.00,,,,2900.00,0.141000,0.122100,,5.163720,-2.82102,"M5.5 V"
"Qatar-1 b","Qatar-1",303.3818697,65.1623313,"Transit","Qatar",2010,12.81188700,411.27202000,1.42002420000,0.0233200000,0.000000,1.076000,1418.00,2.14000000,1.6610400,84.08000,5013.00,0.803000,0.838000,0.1710,4.552000,-0.43771,
"Qatar-2 b","Qatar-2",207.6554928,-6.8040714,"Transit","Qatar",2011,14.05600000,792.63500000,1.33711647000,0.0215300000,0.000000,1.573000,1344.00,3.33350000,1.8098160,86.12000,4645.00,0.776000,0.743000,0.0200,4.530000,-0.68320,
"Qatar-5 b","Qatar-5",7.0539375,42.0613451,"Transit","Qatar",2017,12.40836300,1373.02560000,2.87923190000,0.0412700000,0.000000,3.950000,1415.00,1.12600000,2.9088000,88.74000,5747.00,1.076000,1.128000,0.3770,4.427000,0.05614,"G2 V"
"Qatar-7 b","Qatar-7",358.5151344,37.0218242,"Transit","Qatar",2019,19.05530000,597.52040000,2.03204600000,0.0352000000,0.000000,0.502000,2053.00,1.22730057,3.5784000,89.00000,6387.00,1.564000,1.409000,0.2760,4.196000,0.56348,"F4 V"
"RR Cae b","RR Cae",65.2733756,-48.6542601,"Eclipse Timing Variations","Leoncito Astronomical Complex",2012,13.00000000,1334.88600000,4343.50000000000,5.3000000000,0.000000,3.340000,35.94,,,17.60000,3904.00,0.193119,0.440000,,5.076620,-2.10762,"M"
"Ross 508 b","Ross 508",230.9613022,17.4605347,"Radial Velocity","Subaru Telescope",2022,1.83000000,4.00000000,10.77000000000,0.0536600000,0.330000,3.590000,293.86,,,,3071.00,0.211300,0.177400,-0.2000,5.039000,-2.44503,"M4.5 V"
"SR 12 AB c","SR 12 AB",246.8312363,-24.6946687,"Imaging","Infrared Survey Facility",2010,12.30000000,4131.62000000,,,,12.200000,,,,,3828.93,1.103075,,,,-0.62778,
"SWEEPS-4 b","SWEEPS-4",269.7246667,-29.1890556,"Transit","Hubble Space Telescope",2006,9.07900000,1207.70000000,4.20000000000,0.0550000000,,8.870000,,0.50000000,,,,1.180000,1.240000,,,,
"TIC 142589416 b","TIC 142589416",168.2439697,73.8301439,"Transit","Transiting Exoplanet Survey Satellite (TESS)",2026,2.67899519,7.65000000,2.09518466313,,,2.190000,,,1.3587500,86.70598,4396.27,0.713832,0.641000,,4.673500,-0.88783,
"TIC 160113658 b","TIC 160113658",59.4555606,-41.6320332,"Transit","Transiting Exoplanet Survey Satellite (TESS)",2026,3.49015778,12.00000000,6.72952262077,,,1.550000,,,2.3227940,88.61162,4817.31,0.789834,0.760000,,4.585600,-0.54309,
"TIC 183374187 b","TIC 183374187",357.6160382,-41.4124228,"Transit","Transiting Exoplanet Survey Satellite (TESS)",2026,14.03364384,177.98390792,5.05907000000,,0.506000,0.350000,1379.00,,4.3510000,,5768.00,1.344000,0.853000,-0.3900,4.112000,0.23952,
"TIC 198190129 b","TIC 198190129",246.3322839,60.3771414,"Transit","Transiting Exoplanet Survey Satellite (TESS)",2026,2.92284949,8.87000000,7.94804910667,,,1.950000,,,2.5882759,88.96790,4377.53,0.640675,0.638000,,4.674200,-0.99152,
"TIC 237913194 b","TIC 237913194",22.4458116,-60.7399096,"Transit","Transiting Exoplanet Survey Satellite (TESS)",2020,12.52045300,617.22586000,15.16886500000,0.1207000000,0.575000,1.847000,974.00,0.78185476,2.0633315,87.00000,5788.00,1.088000,1.026000,0.1400,4.376000,0.07773,"G3"
"TIC 24750448 c","TIC 24750448",26.1958598,-68.6447552,"Transit","Transiting Exoplanet Survey Satellite (TESS)",2026,3.09028272,9.75000000,10.14385270726,,,1.820000,,,3.4281866,88.43480,4545.43,0.713599,0.690000,,4.662400,-0.77210,
"TIC 279401253 b","TIC 279401253",57.6572277,-15.0262251,"Transit","Transiting Exoplanet Survey Satellite (TESS)",2023,11.20898070,1951.46641898,76.80000000000,0.3690000000,0.448000,7.610000,486.37,,,89.59000,5951.00,1.060000,1.130000,0.2000,4.438000,0.09691,
"TIC 290487717 b","TIC 290487717",139.0870563,2.5508053,"Transit","Transiting Exoplanet Survey Satellite (TESS)",2026,6.63777941,35.70000000,3.40081822900,,,0.671000,,,3.0772025,84.38549,5328.97,0.943767,0.920000,0.0959,4.462200,-0.18410,
"TIC 294329732 b","TIC 294329732",109.1177907,-58.2371507,"Transit","Transiting Exoplanet Survey Satellite (TESS)",2026,2.07692266,4.97000000,9.75658761810,,,3.050000,,,3.2516091,88.31142,5201.93,0.920172,0.890000,0.2280,4.479600,-0.24856,
"TIC 320419023 b","TIC 320419023",118.0726215,11.8241773,"Transit","Transiting Exoplanet Survey Satellite (TESS)",2026,2.77280763,8.11000000,5.26375651589,,,2.090000,,,2.9457110,87.59684,5703.36,0.952319,1.056000,,4.376500,-0.01971,
"TIC 38825265 b","TIC 38825265",68.2492759,-65.2039666,"Transit","Transiting Exoplanet Survey Satellite (TESS)",2026,2.18869476,5.43000000,3.31336980985,,,2.850000,,,1.8494548,86.67564,4375.52,0.664503,0.640000,,4.657300,-0.94114,
"TIC 434398831 b","TIC 434398831",93.9592639,16.0238459,"Transit","Transiting Exoplanet Survey Satellite (TESS)",2025,3.51000000,12.10000000,3.68550400000,0.0464100000,0.040000,1.540000,1250.00,,2.7600000,88.20000,5638.00,0.909000,0.992000,-0.0810,4.420000,-0.14351,"G4 V"
"TIC 434398831 c","TIC 434398831",93.9592639,16.0238459,"Transit","Transiting Exoplanet Survey Satellite (TESS)",2025,5.63000000,27.00000000,6.21029100000,0.0657200000,0.013000,0.831000,1050.00,,3.0400000,87.79000,5638.00,0.909000,0.992000,-0.0810,4.420000,-0.14351,"G4 V"
"TIC 65612701 b","TIC 65612701",310.4738195,36.3388288,"Transit","Transiting Exoplanet Survey Satellite (TESS)",2026,5.07802804,22.70000000,10.22467974953,,,0.953000,,,6.3976853,88.26641,5692.29,1.737090,1.060000,,4.082800,0.50623,
"TOI-1052 c","TOI-1052",337.5102738,-75.6465606,"Radial Velocity","Multiple Observatories",2023,6.48000000,34.30000000,35.80600000000,0.2263000000,0.237000,0.693000,719.00,,,,6146.00,1.264000,1.204000,0.1400,4.300000,0.38373,
"TOI-1054.01","TOI-1054",302.1141738,-54.3175014,"Transit","Transiting Exoplanet Survey Satellite (TESS)",2021,2.43432000,6.50000000,15.50778550000,,,2.480000,853.00,0.05130000,4.5650000,,6122.00,1.170000,1.140000,,4.308810,0.23193,
"TOI-1062 b","TOI-1062",38.1209678,-78.0236828,"Transit","Transiting Exoplanet Survey Satellite (TESS)",2021,2.26500000,10.15000000,4.11296000000,0.0520000000,0.177000,4.850000,1077.00,0.04870000,1.0800000,85.91300,5328.00,0.840000,0.940000,0.1400,4.550000,-0.27446,"G9 V"
"TOI-1062 c","TOI-1062",38.1209678,-78.0236828,"Radial Velocity","La Silla Observatory",2021,3.10000000,9.78000000,7.97200000000,0.0800000000,0.140000,1.800000,859.00,,,,5328.00,0.840000,0.940000,0.1400,4.550000,-0.27446,"G9 V"
"TOI-1105 b","TOI-1105",146.0539694,-89.4715133,"Transit","Transiting Exoplanet Survey Satellite (TESS)",2026,3.05823658,9.58000000,10.86818410933,,,1.840000,594.00,0.15530000,2.8568849,88.95536,4678.46,0.755833,0.740000,,4.577600,-0.61342,
"TOI-1181 b","TOI-1181",297.2158166,64.3543506,"Transit","Transiting Exoplanet Survey Satellite (TESS)",2022,17.02644168,374.71969185,2.10318900000,0.0364000000,0.011000,0.490000,1942.12,0.71420000,4.1218716,87.00000,6054.00,1.961000,1.467000,0.3800,4.020000,0.64246,"F9 IV"
"TOI-1203 e","TOI-1203",168.2267358,-34.4069371,"Radial Velocity","La Silla Observatory",2025,7.31000000,42.10000000,204.59000000000,,0.152000,0.592000,,,,,5737.00,1.179000,0.886000,-0.3900,4.340000,0.12977,"G3 V"
"TOI-1224 c","TOI-1224",37.1978356,-80.8991053,"Transit","Transiting Exoplanet Survey Satellite (TESS)",2024,2.88400000,8.67000000,17.94546600000,,0.000000,1.990000,303.12,0.54806849,3.0740072,,3326.00,0.404000,0.400000,,4.893000,-1.69680,
"TOI-1226 b","TOI-1226",103.7548364,-69.8671293,"Transit","Transiting Exoplanet Survey Satellite (TESS)",2026,2.41011120,6.39000000,3.92880881576,,,2.510000,1123.44,0.04859763,1.7153279,88.20342,5434.91,0.986943,1.010000,0.1290,4.413800,-0.04296,
"TOI-1232 b","TOI-1232",116.5013990,-61.8797935,"Transit","Transiting Exoplanet Survey Satellite (TESS)",2026,10.92875618,220.57291446,14.25600000000,0.1170000000,0.065000,0.926000,785.71,0.78996940,4.7250029,89.44000,5823.00,1.072000,1.058000,0.1800,4.403000,0.07298,"G1 V"
"TOI-1244 b","TOI-1244",256.2795590,69.5190930,"Transit","Transiting Exoplanet Survey Satellite (TESS)",2024,2.46700000,6.60000000,6.40031648300,0.0606940000,0.000000,2.660000,714.86,0.10266019,2.2098000,88.74831,4599.00,0.721000,0.730000,0.0340,4.595000,-0.62893,
"TOI-1249 b","TOI-1249",200.5615762,66.3085331,"Transit","Transiting Exoplanet Survey Satellite (TESS)",2024,3.27103010,11.90000000,13.07915100000,0.1090000000,0.000000,1.840000,726.89,0.11430000,3.1451019,,5497.00,0.978500,1.006200,0.2970,4.457000,-0.10127,
"TOI-1260 b","TOI-1260",157.1440712,65.8541986,"Transit","Transiting Exoplanet Survey Satellite (TESS)",2021,2.41000000,8.56000000,3.12746300000,0.0367000000,0.000000,3.350000,871.00,0.10820000,2.0600000,89.03000,4227.00,0.672000,0.679000,-0.1000,4.570000,-0.88941,"K6 V"
"TOI-1266 d","TOI-1266",197.9965833,65.8336973,"Transit Timing Variations","Transiting Exoplanet Survey Satellite (TESS)",2025,1.74000000,3.68000000,32.50900000000,0.1513000000,0.087000,3.840000,288.00,,,,3563.00,0.423200,0.437000,-0.1090,4.826000,-1.58021,"M2"
"TOI-1278 b","TOI-1278",320.4784442,35.6486250,"Transit","Transiting Exoplanet Survey Satellite (TESS)",2021,12.21778896,5879.82552950,14.47567000000,0.0950000000,0.013000,18.000000,407.87,0.96185799,1.6182484,88.30000,3799.00,0.573000,0.540000,-0.0100,4.680000,-1.21183,"M0 V"
"TOI-1279 b","TOI-1279",185.0628734,56.2014094,"Transit","Transiting Exoplanet Survey Satellite (TESS)",2024,2.66146528,10.60000000,9.61419000000,0.0850000000,0.000000,3.050000,759.00,0.09336533,2.7649671,,5457.00,0.842600,0.878400,-0.0790,4.529000,-0.24336,
"TOI-128.01","TOI-128",79.5209381,-80.9643840,"Transit","Transiting Exoplanet Survey Satellite (TESS)",2024,2.21898000,5.56000000,4.94046810000,0.0538101900,,2.800000,1344.51,0.04550000,1.9660000,,6086.00,1.130000,0.851969,,4.262690,0.18874,
"TOI-1294 b","TOI-1294",223.0926408,70.4765573,"Transit","Transiting Exoplanet Survey Satellite (TESS)",2024,10.12369881,63.90000000,3.91529200000,0.0510000000,0.000000,0.340000,1392.74,0.33500000,3.0331397,,5718.00,1.556600,1.157800,0.2830,4.119000,0.36847,
"TOI-1296 b","TOI-1296",256.7706392,70.2384806,"Transit","Transiting Exoplanet Survey Satellite (TESS)",2021,14.11645916,95.30000000,3.94437360000,0.0510000000,0.000000,0.190000,1414.84,0.67324885,4.8636539,88.81000,5567.00,1.703100,1.157600,0.4050,4.035000,0.40157,
"TOI-1298 b","TOI-1298",241.3229012,70.1900397,"Transit","Transiting Exoplanet Survey Satellite (TESS)",2021,9.65807033,99.00000000,4.53714300000,0.0570000000,0.000000,0.600000,1278.00,0.41997559,4.0292720,88.96000,5752.00,1.453600,1.218700,0.3970,4.194000,0.32056,
"TOI-139 b","TOI-139",336.4024144,-34.9097131,"Transit","Transiting Exoplanet Survey Satellite (TESS)",2023,2.45660000,6.60000000,11.07085000000,,,2.450000,561.17,0.11497328,2.1937617,89.32000,4570.00,0.700700,0.690000,-0.2380,4.705000,-0.77842,
"TOI-1410 c","TOI-1410",334.8828486,42.5603141,"Radial Velocity","W. M. Keck Observatory",2024,5.63000000,27.00000000,47.56000000000,0.2390000000,0.000000,0.831000,397.45,,,,4635.00,0.755800,0.794100,0.3280,4.579000,-0.62160,
"TOI-1410.01","TOI-1410",334.8828486,42.5603141,"Transit","Transiting Exoplanet Survey Satellite (TESS)",2024,3.10083009,12.50000000,1.21687000000,0.0207000000,0.000000,2.300000,1236.70,0.12400000,1.1120799,,4635.00,0.755800,0.794100,0.3280,4.579000,-0.62160,
"TOI-1422 b","TOI-1422",354.2408290,39.6392793,"Transit","Transiting Exoplanet Survey Satellite (TESS)",2022,3.83000000,9.50000000,12.99894000000,0.1070000000,0.200000,0.930000,870.00,0.13395838,4.4600000,89.53000,5840.00,1.019000,0.990300,-0.0280,4.412000,0.04766,"G2 V"
"TOI-1437 b","TOI-1437",256.1387513,56.8425490,"Transit","Transiting Exoplanet Survey Satellite (TESS)",2024,2.24000000,9.60000000,18.84094200000,0.1400000000,0.170000,3.910000,794.23,0.03310000,4.6500000,89.53000,6008.00,1.170000,1.100000,-0.4924,4.260000,0.28466,
"TOI-1438 b","TOI-1438",280.9237844,74.9378327,"Transit","Transiting Exoplanet Survey Satellite (TESS)",2025,3.04000000,9.40000000,5.13967000000,0.0553000000,0.000000,1.800000,971.00,0.07695997,1.0400000,86.21000,5230.00,0.820000,0.876000,0.0300,4.500000,-0.34679,"K0 V"
"TOI-1444 b","TOI-1444",305.4749252,70.9437054,"Transit","Transiting Exoplanet Survey Satellite (TESS)",2021,1.41792246,3.58000000,0.47027430000,0.0116000000,0.000000,6.840000,2130.02,0.02094931,1.2828040,82.00000,5460.00,0.910500,0.951300,0.1460,4.496000,-0.17587,"G"
"TOI-1448 b","TOI-1448",316.3240030,57.7710946,"Transit","Transiting Exoplanet Survey Satellite (TESS)",2024,2.74900000,19.50000000,8.11224500000,0.0567000000,0.360000,,426.00,0.47230724,3.1278520,89.62000,3412.00,0.380000,0.372000,0.3700,4.849000,-1.75498,
"TOI-1450 A b","TOI-1450 A",286.8540627,59.0866254,"Transit","Transiting Exoplanet Survey Satellite (TESS)",2024,1.13000000,1.25800000,2.04392740000,,,4.790000,722.00,0.04651930,0.9880000,86.24500,3437.00,0.483000,0.480000,-0.1200,4.760000,-1.56499,"M3.0 V"
"TOI-1467 b","TOI-1467",19.1146441,49.2331382,"Transit","Transiting Exoplanet Survey Satellite (TESS)",2024,1.92000000,9.00000000,5.97114713000,0.0507480000,0.000000,11.000000,506.07,0.14371086,1.5784000,88.98000,3834.00,0.491000,0.489000,-0.0620,4.773000,-1.42022,
"TOI-1478 b","TOI-1478",126.4337428,-13.5595485,"Transit","Transiting Exoplanet Survey Satellite (TESS)",2021,11.99360935,279.68899816,10.18021170000,0.0818000000,0.055000,0.880000,918.00,0.10936000,4.1310000,87.63000,5597.00,1.048000,0.947000,0.0780,4.374000,-0.01278,
"TOI-163 b","TOI-163",79.7682532,-71.8955269,"Transit","Transiting Exoplanet Survey Satellite (TESS)",2019,16.69020100,387.75260000,4.23130600000,0.0580000000,0.000000,0.490000,1669.00,0.72612759,4.9300000,87.24000,6495.00,1.648000,1.435200,0.2200,4.187000,0.63649,"F"
"TOI-1634 c","TOI-1634",56.3906096,37.1122803,"Radial Velocity","Multiple Observatories",2022,,,103.00000000000,,0.000000,,,,,,3472.00,0.450000,0.451000,0.1900,4.787000,-1.57840,"M2"
"TOI-1648 b","TOI-1648",45.4011794,69.2299235,"Transit","Transiting Exoplanet Survey Satellite (TESS)",2025,2.54000000,7.40000000,7.33160200000,0.0694000000,0.178000,2.490000,799.00,0.08930000,1.5400000,88.29000,4850.00,0.810000,0.830000,0.2000,4.500000,-0.45377,
"TOI-1659.01","TOI-1659",277.9251938,82.3059487,"Transit","Transiting Exoplanet Survey Satellite (TESS)",2024,2.25500000,5.71000000,5.87755632800,0.0657570000,,2.740000,1031.14,0.04122881,2.8907000,,5977.00,1.006000,1.100000,,4.470000,0.06555,
"TOI-1680 b","TOI-1680",292.3139790,65.9738018,"Transit","Transiting Exoplanet Survey Satellite (TESS)",2023,1.46600000,2.75000000,4.80263450000,0.0314400000,,4.800000,404.00,0.40700000,1.1860000,89.58000,3225.00,0.210600,0.179800,0.0400,5.046000,-2.36251,"M4.5+/-0.5"
"TOI-1693 b","TOI-1693",90.3083455,34.7730904,"Transit","Transiting Exoplanet Survey Satellite (TESS)",2022,1.41000000,2.57000000,1.76669570000,0.0226000000,,5.040000,764.00,0.08305083,1.4196682,,3499.00,0.460000,0.490000,,4.800000,-1.55409,
"TOI-1694 c","TOI-1694",97.7487104,66.3605956,"Radial Velocity","W. M. Keck Observatory",2023,13.80000000,316.55709337,386.25000000000,0.9740000000,0.111000,0.662000,222.00,,,,5005.00,0.812000,0.828000,0.0400,4.536000,-0.41908,"K2 V - K3 V"
"TOI-1716.01","TOI-1716",105.0833291,56.8241941,"Transit","Transiting Exoplanet Survey Satellite (TESS)",2024,3.14300000,10.00000000,8.08237655400,0.0804960000,,1.770000,959.00,0.05590000,3.5635000,,5879.00,1.240000,1.070000,0.0960,4.280000,0.21525,
"TOI-1736 c","TOI-1736",43.4344615,69.1013450,"Radial Velocity","Haute-Provence Observatory",2023,12.50000000,2800.00000000,571.25000000000,1.3700000000,0.368500,7.880000,249.00,,,69.00000,5636.00,1.428600,1.037300,0.1480,4.142000,0.27068,
"TOI-1744.01","TOI-1744",294.2910707,60.8813020,"Transit","Transiting Exoplanet Survey Satellite (TESS)",2024,2.68000000,7.65000000,22.34170292700,0.1640860000,,2.180000,598.00,0.04720000,2.7826000,,6179.00,1.140000,1.180000,,4.396900,0.23178,
"TOI-1759 b","TOI-1759",326.8516615,62.7538164,"Transit","Transiting Exoplanet Survey Satellite (TESS)",2022,3.14000000,10.80000000,18.85019000000,0.1177000000,0.000000,1.910000,443.00,0.26100000,3.2300000,89.72000,4065.00,0.597000,0.606000,0.0500,4.650000,-1.05715,"M0.0 V"
"TOI-1768.01","TOI-1768",152.1027826,55.5399599,"Transit","Transiting Exoplanet Survey Satellite (TESS)",2024,3.45300000,11.80000000,7.33770364900,0.0763810000,,1.570000,1566.00,0.07950000,4.5639000,,5994.00,1.100000,1.100000,,4.400000,0.14500,
"TOI-1776 b","TOI-1776",164.7772913,40.9837182,"Transit","Transiting Exoplanet Survey Satellite (TESS)",2024,1.21612741,1.40000000,2.79986800000,0.0378000000,0.000000,4.130000,1269.21,0.02048553,1.9316857,,5785.00,0.935600,0.919600,-0.1930,4.457000,-0.05306,
"TOI-1782.01","TOI-1782",213.0787718,74.4117909,"Transit","Transiting Exoplanet Survey Satellite (TESS)",2024,2.36800000,6.20000000,4.98764102800,0.0502400000,,2.570000,697.84,0.11923398,2.3276000,87.93861,4336.00,0.669000,0.680000,,4.620120,-0.84649,
"TOI-1789 b","TOI-1789",142.7434060,26.5399951,"Transit","Transiting Exoplanet Survey Satellite (TESS)",2021,16.14093221,222.47988490,3.20866400000,0.0488200000,,0.280000,1927.00,0.46300000,2.3000000,78.41000,5991.00,2.168000,1.507000,0.3730,3.943000,0.73640,"F"
"TOI-1814 b","TOI-1814",236.8168817,77.2326429,"Transit","Transiting Exoplanet Survey Satellite (TESS)",2026,5.18536642,23.50000000,6.36861010462,,,0.926000,977.83,0.04612507,6.4190878,87.45512,4872.84,2.389500,,,3.671200,0.46300,
"TOI-1839 b","TOI-1839",196.8331106,5.8520458,"Transit","Transiting Exoplanet Survey Satellite (TESS)",2026,2.21895097,5.56000000,1.42378440907,,,2.800000,1405.35,0.07210459,1.7875652,85.13206,5315.91,0.848099,0.934000,0.2520,4.512600,-0.26441,
"TOI-1839 c","TOI-1839",196.8331106,5.8520458,"Transit","Transiting Exoplanet Survey Satellite (TESS)",2026,2.40867246,6.39000000,4.02393854207,,,2.510000,,,2.3034727,86.89580,5315.91,0.848099,0.934000,0.2520,4.512600,-0.26441,
"TOI-1853 b","TOI-1853",211.4593468,16.9923703,"Transit","Transiting Exoplanet Survey Satellite (TESS)",2023,3.46000000,73.20000000,1.24362580000,0.0213000000,0.030000,9.740000,1479.00,0.17900000,1.1900000,84.70000,4985.00,0.808000,0.837000,0.1100,4.490000,-0.43227,"K2.5 V"
"TOI-1860 b","TOI-1860",226.4567308,64.0476821,"Transit","Transiting Exoplanet Survey Satellite (TESS)",2022,1.31000000,2.27000000,1.06621070000,0.0204000000,,5.550000,1885.00,0.01510000,1.1420000,,5752.00,0.940000,0.990000,0.0400,4.580000,-0.09475,"G V"
"TOI-1873 b","TOI-1873",212.5684755,84.3718582,"Transit","Transiting Exoplanet Survey Satellite (TESS)",2026,2.86356397,8.57000000,7.00572708834,,,2.010000,923.50,0.07668945,3.1364584,87.74915,5597.99,0.971675,1.015000,,4.476200,-0.04707,
"TOI-2000 b","TOI-2000",146.3970631,-66.6866307,"Transit","Transiting Exoplanet Survey Satellite (TESS)",2023,2.70000000,11.00000000,3.09833000000,0.0427100000,0.000000,3.070000,1488.00,0.04960000,1.9590000,84.59000,5611.00,1.134000,1.082000,0.4390,4.363000,0.05956,
"TOI-201 b","TOI-201",87.4017825,-54.9104230,"Transit","Transiting Exoplanet Survey Satellite (TESS)",2021,11.40000000,164.00000000,52.97860000000,0.3030000000,0.275000,0.610000,759.00,0.65689621,4.7900000,91.18000,6423.00,1.310000,1.320000,0.2400,4.318000,0.41664,"F"
"TOI-201 c","TOI-201",87.4017825,-54.9104230,"Transit Timing Variations","Transiting Exoplanet Survey Satellite (TESS)",2025,10.40000000,4990.00000000,2890.00000000000,4.3700000000,0.651000,24.000000,169.58,,14.0000000,89.92000,6423.00,1.310000,1.320000,0.2400,4.318000,0.41664,"F"
"TOI-205 b","TOI-205",7.9754636,-56.9650808,"Transit","Transiting Exoplanet Survey Satellite (TESS)",2026,2.50121142,6.81000000,4.25300773815,,,2.390000,1799.55,0.02611394,3.3953599,86.62587,6302.74,1.453820,1.200000,0.1300,4.233500,0.45558,
"TOI-206 b","TOI-206",73.7382202,-62.5218740,"Transit","Transiting Exoplanet Survey Satellite (TESS)",2022,1.30000000,2.24000000,0.73631040000,0.0112000000,,5.600000,910.00,0.13225461,0.6736853,,3383.00,0.350000,0.350000,,4.890000,-1.83581,
"TOI-2068 b","TOI-2068",186.2735600,60.4183455,"Transit","Transiting Exoplanet Survey Satellite (TESS)",2024,1.82100000,3.97000000,7.76891500000,0.0632000000,,3.610000,520.62,0.09700000,2.0600000,89.01000,3710.00,0.535000,0.559000,0.2700,4.729000,-1.31069,
"TOI-2093 b","TOI-2093",302.7375229,70.8696532,"Radial Velocity","Calar Alto Observatory",2025,3.25000000,10.60000000,12.83600000000,0.0970000000,0.000000,1.700000,535.00,,,,4426.00,0.729000,0.745000,-0.0800,4.870000,-0.73565,"K5 V"
"TOI-2095 b","TOI-2095",285.6365235,75.4185135,"Transit","Transiting Exoplanet Survey Satellite (TESS)",2023,1.25000000,4.10000000,17.66484000000,0.1010000000,0.000000,,347.00,0.07363925,2.7644951,89.67000,3759.00,0.440000,0.440000,-0.2400,5.110000,-1.45892,"M2.5 V"
"TOI-2096 b","TOI-2096",151.6186989,74.8272107,"Transit","Transiting Exoplanet Survey Satellite (TESS)",2023,1.24300000,2.08000000,3.11906330000,0.0250000000,0.150000,5.950000,445.00,0.26600000,1.0720000,89.24000,3300.00,0.235000,0.231000,-0.0300,5.050000,-2.22768,"M4"
"TOI-2141 b","TOI-2141",258.7623456,18.3403449,"Transit","Transiting Exoplanet Survey Satellite (TESS)",2023,3.14700000,20.10000000,18.26160800000,0.1322000000,0.210000,3.540000,728.00,0.09710000,4.9000000,88.75500,5635.00,0.950000,0.896000,-0.1400,4.400000,-0.05000,
"TOI-2141 c","TOI-2141",258.7623456,18.3403449,"Radial Velocity","Roque de los Muchachos Observatory",2025,2.35000000,6.14000000,5.46240000000,0.0585000000,,2.600000,1095.00,,,,5635.00,0.950000,0.896000,-0.1400,4.400000,-0.05000,
"TOI-2141 d","TOI-2141",258.7623456,18.3403449,"Radial Velocity","Roque de los Muchachos Observatory",2025,3.97000000,14.90000000,60.45000000000,0.2906000000,,1.310000,491.40,,,,5635.00,0.950000,0.896000,-0.1400,4.400000,-0.05000,
"TOI-2145 b","TOI-2145",263.7580753,40.6950428,"Transit","Transiting Exoplanet Survey Satellite (TESS)",2023,12.24020692,1805.26535176,10.26112800000,0.1117000000,0.214000,5.340000,1484.00,0.19000000,7.4683854,88.60000,6206.00,2.750000,1.710000,0.2800,3.790000,0.99651,
"TOI-2194 b","TOI-2194",299.1563393,-31.3351812,"Transit","Transiting Exoplanet Survey Satellite (TESS)",2023,1.98920000,4.61000000,15.33759700000,,,3.220000,590.88,0.06830000,2.7360000,89.27000,4756.00,0.690900,0.740000,-0.3720,4.698000,-0.68955,
"TOI-220 b","TOI-220",91.7996988,-61.9972098,"Transit","Transiting Exoplanet Survey Satellite (TESS)",2021,3.03000000,13.80000000,10.69526400000,0.0891100000,0.032000,2.730000,805.00,0.09277985,2.2390000,87.88000,5298.00,0.858000,0.825000,-0.2170,4.370000,-0.26668,"K0 V"
"TOI-2267 d","TOI-2267 B",65.0615000,84.9008250,"Transit","Transiting Exoplanet Survey Satellite (TESS)",2025,1.77000000,3.78000000,2.03446710000,0.0145000000,,3.750000,422.00,0.11420994,0.7080000,89.00000,3022.00,0.130000,0.098900,0.1640,4.996250,-2.95861,"M6 V"
"TOI-2364 b","TOI-2364",89.1300265,-5.0120298,"Transit","Transiting Exoplanet Survey Satellite (TESS)",2023,8.60849718,71.51139158,4.01975170000,0.0487100000,0.000000,0.610000,1091.00,0.79400000,2.7751000,88.98000,5306.00,0.886000,0.954000,0.3440,4.524000,-0.25181,
"TOI-237 c","TOI-237",353.2435381,-29.4164870,"Transit","La Silla Observatory",2026,1.20600000,1.90000000,1.74486147000,0.0160000000,,5.950000,515.00,0.31400000,0.8270000,89.14000,3226.00,0.205600,0.169800,-0.3443,5.049400,-2.38722,"M4.5 V"
"TOI-238 c","TOI-238",349.2310814,-18.6066463,"Radial Velocity","Multiple Observatories",2024,2.18000000,6.70000000,8.46565100000,0.0749000000,0.360000,1.830000,696.00,,,87.93800,5059.00,0.733000,0.790000,-0.1140,4.577000,-0.47083,"K2V"
"TOI-2406 b","TOI-2406",8.8060544,-3.3720833,"Transit","Transiting Exoplanet Survey Satellite (TESS)",2021,2.86000000,15.60000000,3.07668910000,0.0226700000,0.170000,,449.00,1.88485607,1.2491751,89.80000,3100.00,0.204000,0.166000,-0.2600,5.041000,-2.46218,"M4 V"
"TOI-2407 b","TOI-2407",49.7465450,-46.4580250,"Transit","Transiting Exoplanet Survey Satellite (TESS)",2025,4.26000000,16.80000000,2.70296900000,0.0330000000,0.080000,1.190000,705.00,0.51326783,1.7000000,88.83000,3530.00,0.567000,0.548000,0.2100,4.715970,-1.34872,
"TOI-2447 b","TOI-2447",70.9975864,-31.9066369,"Transit","Transiting Exoplanet Survey Satellite (TESS)",2024,9.60609646,124.90656395,69.33684000000,0.3470000000,0.170000,0.774000,414.00,0.87350000,7.1600000,,5730.00,1.006000,1.034000,0.1800,4.300000,0.04891,
"TOI-251 b","TOI-251",353.0620655,-37.2558629,"Transit","Transiting Exoplanet Survey Satellite (TESS)",2021,2.74000000,317.83000000,4.93777000000,0.0574100000,0.000000,,1041.19,0.08448199,2.2320000,87.52000,5875.00,0.881000,1.036000,-0.1060,4.560000,-0.08040,
"TOI-2525 b","TOI-2525",86.8509737,-60.5213081,"Transit","Transiting Exoplanet Survey Satellite (TESS)",2023,8.67575106,26.69758619,23.28560000000,0.1511000000,0.170000,0.225000,512.97,0.64736022,4.0500000,89.50000,5096.00,0.785000,0.849000,0.1400,4.580000,-0.44009,"K8 V"
"TOI-2537 b","TOI-2537",54.3882661,10.0577464,"Transit","Transiting Exoplanet Survey Satellite (TESS)",2024,11.25381662,415.40172795,94.10220000000,0.3715000000,0.364000,1.600000,338.00,1.79100000,4.9370000,89.59200,4870.00,0.771000,0.771000,0.0800,4.551000,-0.52143,
"TOI-2583 A b","TOI-2583 A",272.2670293,45.3368996,"Transit","Transiting Exoplanet Survey Satellite (TESS)",2023,14.45958510,79.45710175,4.52072650000,0.0571000000,0.000000,0.144000,1456.00,0.80600000,4.4060000,88.16000,5936.00,1.477000,1.215000,0.1580,4.184000,0.38828,
"TOI-2587 A b","TOI-2587 A",115.9317105,-1.0733330,"Transit","Transiting Exoplanet Survey Satellite (TESS)",2023,12.07207221,69.28659273,5.45664000000,0.0635000000,0.000000,0.216000,1445.00,0.41100000,4.1620000,84.81000,5760.00,1.726000,1.150000,0.1300,4.024000,0.47129,
"TOI-261.02","TOI-261",15.2181412,-24.4239934,"Transit","Transiting Exoplanet Survey Satellite (TESS)",2021,3.34822227,11.20000000,13.03935862135,,,1.640000,1007.53,0.06255996,4.9218325,,5890.30,1.313830,1.069000,-0.3500,3.920000,0.24978,
"TOI-2641 b","TOI-2641",171.1303716,-42.7321394,"Transit","Transiting Exoplanet Survey Satellite (TESS)",2023,18.10250383,122.68176510,4.88097400000,0.0607000000,0.180000,0.092000,1387.00,0.33855527,1.6800000,83.75000,6100.00,1.336000,1.160000,-0.1500,4.200000,0.34044,"F9 V"
"TOI-283 b","TOI-283",118.5693065,-65.4414820,"Transit","Transiting Exoplanet Survey Satellite (TESS)",2025,2.34000000,6.54000000,17.61745000000,0.1230000000,0.000000,2.810000,661.00,0.06598868,3.6354680,89.12000,5213.00,0.850000,0.800000,-0.0900,4.500000,-0.33724,"K"
"TOI-286 b","TOI-286",90.9842762,-60.6663348,"Transit","Transiting Exoplanet Survey Satellite (TESS)",2024,1.42000000,4.53000000,4.51172440000,0.0503000000,0.000000,8.630000,979.00,0.03061300,2.0400000,87.52000,5152.00,0.780000,0.832000,-0.0500,4.590000,-0.41364,"K3 V"
"TOI-2876 b","TOI-2876",110.2473528,-21.1146384,"Transit","Transiting Exoplanet Survey Satellite (TESS)",2025,9.63972340,54.03082919,6.29964310000,0.0654000000,0.130000,0.330000,929.00,1.02500000,2.2490000,87.13000,5271.00,0.873000,0.939000,0.3530,4.529000,-0.27654,
"TOI-2969 b","TOI-2969",150.0626247,-47.4452436,"Transit","Transiting Exoplanet Survey Satellite (TESS)",2025,12.32987877,368.68095212,1.82371460000,0.0261000000,0.000000,1.100000,1186.00,2.29200000,1.8460000,84.90000,4738.00,0.700000,0.710000,0.0800,4.560000,-0.58503,"K3 V"
"TOI-2986 b","TOI-2986",163.7715605,-6.4784524,"Transit","Transiting Exoplanet Survey Satellite (TESS)",2025,9.29224500,96.61983573,3.27836620000,0.0448900000,0.140000,0.660000,1622.00,0.34150000,3.9580000,88.80000,5906.00,1.458000,1.122000,0.0950,4.165000,0.36773,
"TOI-2989 b","TOI-2989",171.2316754,-27.0623619,"Transit","Transiting Exoplanet Survey Satellite (TESS)",2025,12.55405838,953.48522100,3.12283200000,0.0384000000,0.000000,2.700000,1001.00,2.80600000,2.6800000,88.10000,4672.00,0.760000,0.770000,-0.0400,4.580000,-0.73755,"K4 V"
"TOI-3082 b","TOI-3082",195.9080719,-19.2189845,"Transit","Transiting Exoplanet Survey Satellite (TESS)",2023,3.66210000,13.00000000,1.92690700000,,,1.450000,1032.78,0.22600000,1.7631790,87.63000,4263.00,0.684700,0.664000,0.1700,4.625000,-0.86121,
"TOI-3135 b","TOI-3135",207.8592276,-69.7725635,"Transit","Transiting Exoplanet Survey Satellite (TESS)",2025,13.65253849,327.36325921,3.70655850000,0.0475600000,0.240000,0.700000,1292.00,1.61600000,2.2300000,85.69000,5890.00,0.985000,1.044000,0.0710,4.469000,0.02119,
"TOI-3474 b","TOI-3474",233.5033482,-47.9636597,"Transit","Transiting Exoplanet Survey Satellite (TESS)",2025,14.67255574,193.87532827,3.87951050000,0.0502000000,0.130000,0.337000,1451.00,1.14800000,3.7990000,89.33000,6020.00,1.256000,1.121000,0.1460,4.292000,0.26951,
"TOI-375 b","TOI-375",47.1499034,-77.3833275,"Transit","Transiting Exoplanet Survey Satellite (TESS)",2026,10.77183045,236.78216321,9.45469000000,0.0990000000,0.087000,1.037000,1373.00,0.13549262,9.8400000,,5259.90,2.900000,1.441000,0.0840,3.672000,0.75997,
"TOI-3807 b","TOI-3807",139.1125648,69.0741284,"Transit","Transiting Exoplanet Survey Satellite (TESS)",2023,18.49481816,330.54154328,2.89897270000,0.0421000000,0.000000,0.289000,1646.00,1.36000000,1.7800000,80.81000,5772.00,1.468000,1.181000,0.2780,4.174000,0.33244,
"TOI-3877 b","TOI-3877",170.4544727,33.9913822,"Transit","Transiting Exoplanet Survey Satellite (TESS)",2025,11.67975789,99.79811980,4.12359600000,0.0529000000,0.220000,0.342000,1445.00,0.55000000,2.7840000,83.97000,5731.00,1.445000,1.160000,0.2690,4.181000,0.30750,
"TOI-3894 b","TOI-3894",201.3748265,52.7681036,"Transit","Transiting Exoplanet Survey Satellite (TESS)",2024,15.27784069,260.61929374,4.33454000000,0.0535400000,0.050000,0.400000,1531.00,0.89780000,3.5950000,84.63000,6000.00,1.502000,1.138000,0.0210,4.143000,0.41896,
"TOI-3912 b","TOI-3912",215.8014956,24.0765639,"Transit","Transiting Exoplanet Survey Satellite (TESS)",2023,14.28024141,129.03833324,3.49362640000,0.0463000000,0.000000,0.243000,1512.00,0.88500000,3.5570000,85.64000,5725.00,1.392000,1.088000,0.1870,4.188000,0.27323,
"TOI-3919 b","TOI-3919",208.9447534,40.3918061,"Transit","Transiting Exoplanet Survey Satellite (TESS)",2024,12.31866979,1233.17421916,7.43323400000,0.0795000000,0.259000,3.630000,1198.00,0.69500000,3.8540000,86.98000,6100.00,1.319000,1.208000,0.1750,4.279000,0.33606,
"TOI-4087 b","TOI-4087",217.9257785,83.3727061,"Transit","Transiting Exoplanet Survey Satellite (TESS)",2023,13.04725353,232.01473711,3.17748350000,0.0446900000,0.000000,0.570000,1458.00,1.15650000,2.9842000,87.82000,6060.00,1.112000,1.178000,0.2370,4.416000,0.17609,
"TOI-4127 b","TOI-4127",105.4045516,72.4149297,"Transit","Transiting Exoplanet Survey Satellite (TESS)",2023,12.07000000,743.71847238,56.39870000000,0.3030000000,0.748400,2.170000,556.00,0.90600000,3.8200000,89.39000,6096.00,1.293000,1.230000,0.1400,4.260000,0.31639,"F V"
"TOI-4137 b","TOI-4137",77.6128790,70.3910790,"Transit","Transiting Exoplanet Survey Satellite (TESS)",2022,13.57407563,457.67290608,3.80161220000,0.0522200000,0.000000,1.010000,1570.00,0.74900000,3.4296000,85.70000,6202.00,1.438000,1.313000,0.1820,4.240000,0.43933,
"TOI-4214 b","TOI-4214",110.2495104,-13.9262649,"Transit","Transiting Exoplanet Survey Satellite (TESS)",2025,10.68215861,165.27077164,3.49138850000,0.0501800000,0.170000,0.740000,1642.00,0.46630000,3.2540000,85.77000,6370.00,1.434000,1.382000,0.2940,4.266000,0.48287,
"TOI-4311 b","TOI-4311",41.6855224,-31.1793201,"Transit","Transiting Exoplanet Survey Satellite (TESS)",2026,1.37600000,4.50000000,0.99027380000,0.0181700000,,9.300000,1664.00,0.02789097,1.3567356,85.40000,5063.00,0.844100,0.816000,-0.0650,4.442000,-0.37469,"K"
"TOI-4329 b","TOI-4329",329.5639152,71.1316048,"Transit","Transiting Exoplanet Survey Satellite (TESS)",2022,16.81347105,143.02278315,2.92230000000,,0.068000,0.165000,2027.12,0.57240177,5.5560255,,6000.00,2.310000,1.538000,0.2900,3.900000,0.79931,
"TOI-4342 b","TOI-4342",324.3894196,-77.9791468,"Transit","Transiting Exoplanet Survey Satellite (TESS)",2023,2.32900000,7.30000000,5.53825920000,0.0519000000,0.000000,3.180000,639.00,0.14071119,2.1820000,88.83000,3866.00,0.598000,0.587000,0.2600,4.652000,-1.12494,"M0 V"
"TOI-4377 b","TOI-4377",164.9324709,-82.2213501,"Transit","Transiting Exoplanet Survey Satellite (TESS)",2023,15.10970598,304.16178550,4.37808100000,0.0579000000,0.045000,0.881000,1162.08,0.16043825,8.4203321,80.30000,4974.00,3.520000,1.360000,0.2050,3.390000,0.82217,
"TOI-4427 b","TOI-4427",135.0492615,72.1477473,"Transit","Transiting Exoplanet Survey Satellite (TESS)",2026,13.09208946,87.72064033,4.61826210000,0.0538900000,0.074000,0.214000,1040.00,1.86143353,2.6550000,87.40000,5347.00,0.890000,0.900000,0.0020,4.450000,-0.17393,
"TOI-4463 A b","TOI-4463 A",279.3581286,18.7299522,"Transit","Transiting Exoplanet Survey Satellite (TESS)",2023,13.26022417,252.35575516,2.88071980000,0.0403600000,0.000000,0.595000,1395.00,1.31100000,1.8500000,83.82000,5640.00,1.062000,1.056000,0.2500,4.410000,0.01115,
"TOI-4495 b","TOI-4495",286.3624951,37.0259902,"Transit","Transiting Exoplanet Survey Satellite (TESS)",2026,2.48300000,7.70000000,2.56699000000,0.0395700000,0.078000,2.710000,1735.00,0.02900000,2.4710000,87.80000,6210.00,1.309000,1.247000,0.1800,4.290000,0.36656,
"TOI-4527.01","TOI-4527",19.4722574,5.4711996,"Transit","Transiting Exoplanet Survey Satellite (TESS)",2024,0.90866170,0.68900000,0.39944450000,0.0083323530,,5.050000,1362.93,0.03308174,0.8028796,,3702.00,0.485948,0.483901,,4.750000,-1.39838,"M2V:"
"TOI-4562 b","TOI-4562",112.0100593,-63.5177788,"Transit","Transiting Exoplanet Survey Satellite (TESS)",2023,12.53000000,732.00000000,225.10640000000,0.7680000000,0.760000,2.060000,318.00,0.99610000,4.3200000,89.15000,6096.00,1.152000,1.192000,0.0800,4.390000,0.25285,"F7 V"
"TOI-4562 c","TOI-4562",112.0100593,-63.5177788,"Transit Timing Variations","Multiple Observatories",2024,12.80000000,1833.86990839,3990.00000000000,5.2190000000,0.122000,4.810000,138.11,,,90.00000,6096.00,1.152000,1.192000,0.0800,4.390000,0.25285,"F7 V"
"TOI-4578 b","TOI-4578",184.2109675,75.1402358,"Transit","Transiting Exoplanet Survey Satellite (TESS)",2026,2.26974262,5.77000000,8.62392630369,,,2.710000,842.42,0.06751211,2.0612885,88.94141,5951.32,0.878735,1.077000,,4.511800,-0.06918,
"TOI-4638.01","TOI-4638",12.8206627,12.7879858,"Transit","Transiting Exoplanet Survey Satellite (TESS)",2024,2.93300000,8.92000000,10.28391878700,0.0930130000,,1.940000,779.83,0.08651246,3.7225000,,5700.00,0.895000,1.020000,,4.541310,-0.11858,
"TOI-4747 b","TOI-4747",86.4276650,-45.0292291,"Transit","Transiting Exoplanet Survey Satellite (TESS)",2026,3.95803201,14.80000000,5.21924158592,,,1.310000,1035.00,0.15000000,2.6763556,88.42032,5595.08,0.988751,1.010000,,4.391700,-0.03529,
"TOI-4773 b","TOI-4773",114.9426489,-21.4856184,"Transit","Transiting Exoplanet Survey Satellite (TESS)",2025,15.22179579,1687.66884117,1.74528510000,0.0321600000,0.024000,2.630000,2255.00,0.75100000,1.9608000,78.64000,6740.00,1.550000,1.452000,0.1100,4.220000,0.64836,
"TOI-4898 b","TOI-4898",197.3416711,-32.8294537,"Transit","Transiting Exoplanet Survey Satellite (TESS)",2026,3.71979540,13.40000000,2.76520470167,,,1.430000,667.00,0.23900000,1.4486675,87.39169,4201.57,0.639344,0.619077,,4.636100,-1.10104,
"TOI-4914 b","TOI-4914",204.5426717,-28.1429206,"Transit","Transiting Exoplanet Survey Satellite (TESS)",2024,12.87000000,227.00000000,10.60057000000,0.0980000000,0.408000,0.590000,894.00,1.29200000,2.9000000,86.35000,5805.00,1.000000,1.030000,-0.1300,4.300000,0.00903,
"TOI-5108 b","TOI-5108",166.2695041,11.2464069,"Transit","Transiting Exoplanet Survey Satellite (TESS)",2025,6.60000000,32.00000000,6.75358100000,0.0730000000,,0.600000,1180.00,0.17400000,2.2000000,85.91000,5808.00,1.290000,1.100000,0.2000,4.260000,0.27505,
"TOI-5110 b","TOI-5110",94.4042694,31.6103309,"Transit","Transiting Exoplanet Survey Satellite (TESS)",2024,11.98240037,921.70238030,30.15857700000,0.2157000000,0.745000,2.950000,976.00,0.22170000,4.2170000,85.20000,6160.00,2.333000,1.469000,0.0650,3.869000,0.84696,
"TOI-512 b","TOI-512",96.6467023,-38.6072095,"Transit","Transiting Exoplanet Survey Satellite (TESS)",2025,1.54000000,3.57000000,7.18886000000,,0.020000,5.623888,1009.00,0.02460000,3.3100000,88.92000,5277.00,0.890000,0.740000,-0.1100,4.350000,-0.25696,
"TOI-5126 b","TOI-5126",151.6597827,18.6340631,"Transit","Transiting Exoplanet Survey Satellite (TESS)",2023,4.74000000,20.20000000,5.45883850000,0.0651900000,0.000000,1.040000,1442.00,0.12300000,3.7260000,88.79000,6150.00,1.241000,1.240000,0.1800,4.224000,0.29885,"F V"
"TOI-5159 b","TOI-5159",142.7859562,20.0193431,"Transit","Transiting Exoplanet Survey Satellite (TESS)",2026,1.54732112,3.01000000,5.83639428843,,,4.460000,866.29,0.02567045,2.6074961,88.27635,5156.16,0.854084,0.900000,,4.475700,-0.29869,
"TOI-5340 b","TOI-5340",59.3094816,22.3783373,"Transit","Transiting Exoplanet Survey Satellite (TESS)",2025,15.07607904,270.15414595,4.93943920000,0.0628000000,0.130000,0.430000,1566.00,0.56300000,4.9800000,86.17000,5990.00,1.842000,1.350000,0.2080,4.036000,0.59550,
"TOI-5350 b","TOI-5350",74.4023015,21.6019759,"Transit","Transiting Exoplanet Survey Satellite (TESS)",2025,12.41955062,2094.48920213,7.58136700000,0.0796000000,0.016500,6.030000,1195.00,0.91100000,4.4856000,89.04000,6220.00,1.263000,1.167000,0.0440,4.304000,0.33445,
"TOI-544 c","TOI-544",82.2900716,-0.3428983,"Radial Velocity","La Silla Observatory",2023,4.92000000,21.50000000,50.08900000000,,0.320000,0.992000,,,,,4169.00,0.623000,0.631000,-0.1700,4.680000,-0.90049,
"TOI-5592 b","TOI-5592",106.6800684,65.8572490,"Transit","Transiting Exoplanet Survey Satellite (TESS)",2025,17.14974047,285.72773789,2.60858460000,0.0393500000,0.062000,0.220000,1789.00,1.26000000,1.9850000,81.14000,6237.00,1.393000,1.194000,-0.0130,4.226000,0.42160,
"TOI-5595 b","TOI-5595",110.4601649,35.2219829,"Transit","Transiting Exoplanet Survey Satellite (TESS)",2026,4.73740402,20.10000000,5.99002553853,,,1.040000,621.00,0.36800000,2.2315303,89.07971,4417.30,0.743344,0.645000,,4.632600,-0.84376,
"TOI-5624 d","TOI-5624",180.8443476,49.2512257,"Transit","Transiting Exoplanet Survey Satellite (TESS)",2026,3.58400000,4.90000000,13.73146800000,0.1067000000,0.000000,0.590000,712.60,0.15990000,3.8500000,89.69000,5327.00,0.820000,0.858000,-0.0230,4.490000,-0.31336,
"TOI-5624 e","TOI-5624",180.8443476,49.2512257,"Transit","Transiting Exoplanet Survey Satellite (TESS)",2026,3.24700000,8.90000000,21.48993600000,0.1439000000,0.000000,1.460000,613.80,0.13120000,4.1800000,89.40500,5327.00,0.820000,0.858000,-0.0230,4.490000,-0.31336,
"TOI-5624 f","TOI-5624",180.8443476,49.2512257,"Transit Timing Variations","Multiple Observatories",2026,3.66000000,13.00000000,45.37000000000,0.2366000000,0.000000,1.460000,478.50,,,,5327.00,0.820000,0.858000,-0.0230,4.490000,-0.31336,
"TOI-5630 b","TOI-5630",236.4538532,40.3748618,"Transit","Transiting Exoplanet Survey Satellite (TESS)",2026,2.37117553,6.22000000,3.22118452536,,,2.560000,1541.00,0.05360000,3.4226387,84.95769,5385.64,0.933361,0.934000,0.1350,4.437300,-0.18130,
"TOI-5634 A b","TOI-5634 A",175.6436366,20.9652921,"Transit","Transiting Exoplanet Survey Satellite (TESS)",2024,10.42000000,588.00000000,2.20353730000,0.0272000000,0.000000,,837.00,2.82800000,1.6700000,88.19000,3896.00,0.540000,0.556000,-0.2700,4.730000,-1.24489,
"TOI-5678 b","TOI-5678",47.3841872,-34.1984808,"Transit","Transiting Exoplanet Survey Satellite (TESS)",2023,4.91000000,20.00000000,47.73022000000,0.2490000000,0.140000,0.928000,513.00,0.24000000,6.9600000,89.83000,5485.00,0.938000,0.905000,0.0000,4.340000,-0.13069,"G7 V"
"TOI-5688 A b","TOI-5688 A",266.9231001,47.7050486,"Transit","Transiting Exoplanet Survey Satellite (TESS)",2024,10.30000000,124.00000000,2.94815527000,0.0337900000,0.128000,0.610000,742.00,2.40900000,1.6800000,87.05000,3713.00,0.570000,0.600000,0.4700,4.690000,-1.22841,
"TOI-5704 b","TOI-5704",169.8248694,44.9890782,"Transit","Transiting Exoplanet Survey Satellite (TESS)",2023,3.22740000,10.50000000,3.77111600000,,,1.720000,949.07,0.16476730,2.3375061,88.94000,4590.00,0.757500,0.730000,0.4280,4.543000,-0.63927,
"TOI-5720 b","TOI-5720",170.3135774,25.2732942,"Transit","Transiting Exoplanet Survey Satellite (TESS)",2024,1.09000000,4.30000000,1.43445550000,0.0182880000,,,708.00,0.07250000,1.0200000,89.30000,3325.00,0.383000,0.383000,0.0300,5.010000,-1.79183,"M3.5 +/- 1.0"
"TOI-5736 b","TOI-5736",213.7583971,49.5009379,"Transit","Transiting Exoplanet Survey Satellite (TESS)",2025,1.56000000,3.05000000,0.64899000000,,,4.410000,1311.00,0.06155445,1.1178232,84.50000,3949.00,0.580000,0.570000,,4.668590,-1.13320,
"TOI-5789 b","TOI-5789",302.7734475,16.1897138,"Radial Velocity","Multiple Observatories",2026,1.26000000,2.12000000,2.76369000000,0.0360800000,0.000000,5.820000,1201.00,,,,5185.00,0.833000,0.821000,-0.1200,4.511000,-0.32883,"K1 V"
"TOI-5789 d","TOI-5789",302.7734475,16.1897138,"Radial Velocity","Multiple Observatories",2026,1.91000000,4.29000000,29.65000000000,0.1756000000,0.096000,3.380000,545.00,,,,5185.00,0.833000,0.821000,-0.1200,4.511000,-0.32883,"K1 V"
"TOI-5817 b","TOI-5817",322.3777987,21.4745270,"Transit","Transiting Exoplanet Survey Satellite (TESS)",2025,3.08000000,10.30000000,15.61031000000,0.1223000000,0.200000,1.930000,950.00,0.04671437,6.0000000,88.72000,5770.00,1.427000,0.970000,-0.2400,4.120000,0.31175,"G2 IV-V"
"TOI-6000 b","TOI-6000",292.6062979,68.1545924,"Transit","Transiting Exoplanet Survey Satellite (TESS)",2025,0.94000000,0.77900000,0.44895900000,,,5.150000,1120.00,0.06748277,0.7637477,87.05000,3419.00,0.380000,0.370000,,4.850000,-1.75585,
"TOI-6016 b","TOI-6016",4.5239602,59.7661983,"Transit","Transiting Exoplanet Survey Satellite (TESS)",2024,13.67495645,371.85923619,4.02368700000,0.0550000000,0.000000,0.810000,1890.00,0.89250000,5.7000000,,6110.00,1.510000,1.310000,0.2800,4.190000,0.46090,"F"
"TOI-6019 b","TOI-6019",355.0913498,35.9408402,"Transit","Transiting Exoplanet Survey Satellite (TESS)",2026,12.30000000,149.00000000,14.54795200000,0.1212000000,0.480000,0.440000,1095.00,0.32228170,5.5000000,86.80000,5561.00,2.020000,1.130000,0.0400,4.000000,0.52792,
"TOI-6034 b","TOI-6034",317.9001392,68.4020762,"Transit","Transiting Exoplanet Survey Satellite (TESS)",2024,11.92000000,254.00000000,2.57618400000,0.0294900000,0.040000,0.820000,714.00,4.99042529,1.5600000,87.06000,3635.00,0.489000,0.514000,-0.0900,4.770000,-1.40340,
"TOI-6223 b","TOI-6223",355.9505977,33.0672361,"Transit","Transiting Exoplanet Survey Satellite (TESS)",2025,5.07000000,22.60000000,3.85521900000,0.0401800000,,0.953000,714.00,0.66240000,2.0141000,88.68000,3895.00,0.576000,0.582000,-0.1200,4.682000,-1.12203,"M0 V"
"TOI-6303 b","TOI-6303",46.7806502,40.1471740,"Transit","Transiting Exoplanet Survey Satellite (TESS)",2025,11.59000000,2493.00000000,9.48523600000,0.0761000000,0.020000,8.820000,541.00,3.24170000,2.9180000,89.03000,3977.00,0.609000,0.644000,0.4400,4.670000,-1.08672,
"TOI-6692 b","TOI-6692",312.6940436,-81.2723982,"Transit","Transiting Exoplanet Survey Satellite (TESS)",2026,11.67975789,197.05361234,131.12500000000,0.5120000000,0.537000,0.680000,467.00,0.32811686,11.0600000,89.48300,5890.00,1.385000,1.047000,-0.0080,4.176000,0.31806,
"TOI-6695 b","TOI-6695",129.5720221,-23.5502170,"Transit","Transiting Exoplanet Survey Satellite (TESS)",2025,9.52763359,66.74396547,80.38900000000,0.4020000000,0.040000,0.410000,599.00,0.23154424,8.6668849,90.62000,6400.00,1.517000,1.338000,0.2000,4.202000,0.54033,"F5V-G0V"
"TOI-682.01","TOI-682",167.8854300,-22.0727803,"Transit","Transiting Exoplanet Survey Satellite (TESS)",2021,3.74186000,13.50000000,6.83923880000,,,1.420000,1090.00,0.12130000,4.1760000,,5085.00,1.080000,0.850000,0.2700,3.920000,-0.14982,
"TOI-697 b","TOI-697",69.7042208,-36.6813257,"Transit","Transiting Exoplanet Survey Satellite (TESS)",2026,2.35859364,6.16000000,8.60788713593,,,2.580000,839.80,0.05550622,3.3441790,88.54166,5681.95,0.968149,0.970000,,4.498900,-0.10598,
"TOI-7008 b","TOI-7008",216.9882531,79.4503960,"Transit","Transiting Exoplanet Survey Satellite (TESS)",2026,4.94735276,21.70000000,0.84069041367,,,0.985000,1783.00,0.25540000,1.6702296,81.41727,5116.06,0.952550,0.880000,,4.473100,-0.23357,
"TOI-7041 b","TOI-7041",357.8021716,-50.8698618,"Transit","Transiting Exoplanet Survey Satellite (TESS)",2025,11.43316031,114.41822652,9.69100000000,,0.040000,0.421000,882.37,0.05129618,15.7960068,,4700.00,4.100000,1.070000,0.2500,3.244000,0.88081,
"TOI-707 b","TOI-707",98.7295889,-67.5372743,"Transit","Transiting Exoplanet Survey Satellite (TESS)",2026,2.41600000,6.42000000,52.79918000000,0.2750000000,,2.500000,491.70,0.05412696,6.2150000,89.60200,5424.00,0.978000,0.990000,0.1600,4.390000,-0.10846,
"TOI-7166 b","TOI-7166",320.6806363,8.8893975,"Transit","Transiting Exoplanet Survey Satellite (TESS)",2025,2.01000000,4.70000000,12.92063621000,0.0619100000,0.000000,3.180000,249.00,0.67760000,1.7500000,89.80000,3099.00,0.222000,0.190000,-0.2000,5.020000,-2.38690,"M4.5+/-0.5"
"TOI-7384 b","TOI-7384",83.1031834,-39.8342501,"Transit","Transiting Exoplanet Survey Satellite (TESS)",2026,3.56000000,12.40000000,6.23402580000,0.0439000000,0.400000,1.510000,378.00,1.38993556,1.4520000,88.79000,3185.00,0.319000,0.318000,0.0000,4.930000,-2.02507,"M4"
"TOI-7510 c","TOI-7510",273.7281880,-54.4340547,"Transit","Transiting Exoplanet Survey Satellite (TESS)",2025,10.81000000,131.00000000,22.56874230000,0.1595000000,0.009100,0.573000,702.00,0.57260210,5.2019019,90.11000,5720.00,1.035000,1.063000,0.2500,4.439000,0.01115,"G3"
"TOI-791 c","TOI-791",118.4347574,-69.7017359,"Transit","Transiting Exoplanet Survey Satellite (TESS)",2026,12.94637271,18.60000000,232.01570000000,0.8630000000,0.028000,0.047000,362.80,0.67800000,11.9260000,89.69500,6294.00,1.474000,1.280000,-0.1400,3.710000,0.57642,"F7"
"TOI-858 B b","TOI-858 B",60.1998256,-54.5929177,"Transit","Transiting Exoplanet Survey Satellite (TESS)",2023,14.06727078,349.61124770,3.27971780000,0.0443500000,0.150000,0.690000,1529.00,0.97400000,3.6024000,86.80000,5842.00,1.308000,1.081000,0.1530,4.238000,0.25285,"G0"
"TOI-871 b","TOI-871",74.7376264,-50.6274153,"Transit","Transiting Exoplanet Survey Satellite (TESS)",2024,1.66400000,3.41000000,14.36256500000,0.1054000000,,4.070000,621.00,0.04500000,4.0320000,89.26000,4929.00,0.719000,0.758000,-0.0700,4.604000,-0.56004,
"TOI-880 c","TOI-880",94.1644734,-13.9873370,"Transit","Transiting Exoplanet Survey Satellite (TESS)",2025,4.95000000,21.70000000,6.38727030000,0.0635000000,,0.983000,805.00,0.35100000,2.3430000,88.20000,5050.00,0.830000,0.870000,0.2300,4.530000,-0.44771,"K"
"TOI-883 b","TOI-883",103.3690609,-6.5078349,"Transit","Transiting Exoplanet Survey Satellite (TESS)",2026,7.17166228,40.70000000,10.05771848538,,,0.606000,861.00,0.48600000,3.6924820,88.73944,5713.15,1.014770,1.003000,,4.432100,-0.02407,
"TOI-912 b","TOI-912",229.3285665,-80.4733446,"Transit","Transiting Exoplanet Survey Satellite (TESS)",2025,1.93000000,5.10000000,4.67806910000,0.0410000000,0.580000,4.000000,551.00,0.20292391,1.7000000,88.70000,3572.00,0.419000,0.418000,-0.1900,4.980000,-1.59007,"M3"
"TOI-929 b","TOI-929",45.9071657,-39.9307758,"Transit","Transiting Exoplanet Survey Satellite (TESS)",2026,2.68983343,7.70000000,5.83015366944,,,2.170000,774.00,0.13100000,2.8656840,88.19577,4457.16,0.717414,0.700000,,4.586500,-0.73994,
"TOI-942 c","TOI-942",76.6496172,-20.2456126,"Transit","Transiting Exoplanet Survey Satellite (TESS)",2020,4.67000000,37.00000000,10.15627200000,0.0859800000,0.320000,,772.63,,1.9185600,89.16000,4969.00,0.894000,0.822000,-0.2210,4.314000,-0.35853,"K2.5 V"
"TOI-969 b","TOI-969",115.1366858,2.0985879,"Transit","Transiting Exoplanet Survey Satellite (TESS)",2022,2.76500000,9.10000000,1.82373050000,0.0263600000,,2.340000,941.00,0.14350000,1.5190000,86.75000,4435.00,0.671000,0.734000,0.1750,4.550000,-0.70042,"K V"
"TOI-969 c","TOI-969",115.1366858,2.0985879,"Radial Velocity","Multiple Observatories",2022,12.40000000,3591.46099910,1700.00000000000,2.5200000000,0.628000,10.400000,96.40,,,,4435.00,0.671000,0.734000,0.1750,4.550000,-0.70042,"K V"
"TYC 2187-512-1 b","TYC 2187-512-1",320.5266829,22.9319351,"Radial Velocity","Calar Alto Observatory",2022,12.50000000,104.88337431,691.90000000000,1.2200000000,0.050000,0.295000,114.69,,,,3734.00,0.495000,0.498000,0.0800,4.680000,-1.38091,"M1.0 V"
"Teegarden's Star b","Teegarden's Star",43.2691449,16.8649024,"Radial Velocity","Calar Alto Observatory",2019,1.05000000,1.16000000,4.90634000000,0.0259000000,0.030000,5.510000,277.00,,,,3034.00,0.120000,0.097000,-0.1100,5.190000,-3.14146,"M7.0 V"
"Teegarden's Star c","Teegarden's Star",43.2691449,16.8649024,"Radial Velocity","Calar Alto Observatory",2019,1.02000000,1.05000000,11.41600000000,0.0455000000,0.040000,5.440000,209.00,,,,3034.00,0.120000,0.097000,-0.1100,5.190000,-3.14146,"M7.0 V"
"UKIRT-2017-BLG-001L b","UKIRT-2017-BLG-001L",266.6540830,-29.2113609,"Microlensing","Mauna Kea Observatory",2018,13.70000000,407.00000000,,4.1800000000,,0.870000,,,,,,,0.810000,,,,
"USco CTIO 108 b","USco CTIO 108",241.4752653,-18.3124167,"Imaging","Teide Observatory",2008,12.30000000,4449.62000000,,670.0000000000,,13.100000,2.96,,,,2700.00,0.345365,0.060000,,4.878510,-1.95000,"M7"
"USco1556 b","USco1556 A",239.1037198,-25.6890476,"Imaging","Multiple Observatories",2019,12.30000000,4767.45000000,,3500.0000000000,,14.100000,2240.00,,,,3410.00,0.668108,0.330000,,4.594910,-1.09000,"M3.0 V"
"V0391 Peg b","V0391 Peg",331.0504119,26.4188227,"Pulsation Timing Variations","Multiple Observatories",2007,13.10000000,1017.05600000,1170.00000000000,1.7000000000,0.000000,2.490000,519.69,,,,29300.00,0.230000,0.500000,,5.400000,1.43287,"sdBV"
"V830 Tau b","V830 Tau",68.2918259,24.5619241,"Radial Velocity","Multiple Observatories",2016,14.00000000,222.48100000,4.92700000000,0.0570000000,0.000000,0.446000,1213.95,,,55.00000,4250.00,2.000000,1.000000,-0.0800,,0.08000,
"VHS J125601.92-125723.9 b","VHS J125601.92-125723.9",194.0089640,-12.9560310,"Imaging","Paranal Observatory",2015,13.67495645,5085.25451200,5800000.00000000000,350.0000000000,0.680000,10.900000,1194.00,,,24.00000,2620.00,,0.070000,,5.050000,-3.14000,"M7.5"
"WASP-10 b","WASP-10",348.9930457,31.4627508,"Transit","SuperWASP",2008,12.10600000,1001.12000000,3.09276160000,0.0378100000,0.047300,4.140000,1370.00,2.52500000,2.2271000,88.49000,4675.00,0.698000,0.750000,0.0300,4.627000,-0.64029,"K5 V"
"WASP-102 b","WASP-102",336.4643016,15.8566392,"Transit","SuperWASP",2025,14.90794433,197.68926915,2.70981300000,0.0410000000,0.000000,0.320000,1671.00,0.99490000,3.2820000,89.06000,5990.00,1.375000,1.080000,-0.2000,4.200000,0.35701,
"WASP-105 b","WASP-105",24.1678686,-50.6593080,"Transit","SuperWASP-South",2017,10.76064000,572.09400000,7.87288000000,0.0750000000,0.000000,2.650000,900.00,1.20000000,3.7200000,89.70000,5070.00,0.900000,0.890000,0.2800,4.200000,-0.02427,"K2"
"WASP-108 b","WASP-108",195.8281644,-49.6397727,"Transit","Transiting Exoplanet Survey Satellite (TESS)",2020,15.13212395,283.50293904,2.67555212374,,0.000000,0.477431,1589.00,1.43409909,3.2277336,89.20000,6783.00,1.344150,1.167000,0.1478,4.242710,0.31716,"F9"
"WASP-118 b","WASP-118",19.5505861,2.7027847,"Transit","SuperWASP",2016,16.14096000,163.36462000,4.04604350000,0.0545300000,0.000000,0.233000,1729.00,0.75500000,4.8048000,88.70000,6410.00,1.696000,1.320000,0.1600,4.100000,0.65885,"F6"
"WASP-120 b","WASP-120",62.6160813,-45.8982434,"Transit","SuperWASP",2016,15.58048317,1541.47550000,3.61126721000,0.0514000000,0.057000,2.334107,1749.00,0.56840944,3.5377447,84.54000,6450.00,1.684430,1.393000,-0.0500,4.035000,0.67509,"F5"
"WASP-124 b","WASP-124",332.7143373,-30.7497189,"Transit","SuperWASP-South",2016,13.89916000,190.69800000,3.37265000000,0.0449000000,0.017000,0.430000,1400.00,1.71636042,2.5704000,86.30000,6050.00,1.020000,1.070000,-0.0200,4.440000,0.14934,"F9"
"WASP-126 c","WASP-126",63.3747060,-69.2265926,"Transit Timing Variations","Transiting Exoplanet Survey Satellite (TESS)",2019,9.38000000,64.20000000,7.63000000000,,0.050000,0.427000,,,,85.50000,5800.00,1.270000,1.120000,0.2068,4.280000,0.15879,"G2"
"WASP-129 b","WASP-129",176.2990518,-42.0639575,"Transit","SuperWASP-South",2016,10.42437000,317.83000000,5.74814500000,0.0628000000,0.096000,1.600000,1100.00,1.22594473,2.6856000,87.70000,5900.00,0.900000,1.000000,0.1500,4.530000,0.11182,"G1"
"WASP-132 c","WASP-132",217.6091998,-46.1595160,"Transit","Transiting Exoplanet Survey Satellite (TESS)",2022,1.84100000,6.26000000,1.01153624000,0.0183300000,0.000000,5.470000,1329.00,0.06406893,1.4910000,88.82000,4686.00,0.758000,0.789000,0.1500,4.560000,-0.57512,"K4 V"
"WASP-140 b","WASP-140",60.3855387,-20.4509991,"Transit","SuperWASP-South",2016,14.23540549,775.50520000,2.23598448000,0.0323000000,0.047000,1.578175,1270.00,1.90580137,1.5254332,84.30000,5300.00,0.870000,0.900000,0.1200,4.510000,-0.29437,"K0"
"WASP-142 b","WASP-142",140.5063164,-23.9461020,"Transit","SuperWASP-South",2016,17.14977000,266.97720000,2.05286800000,0.0347000000,0.000000,0.310000,2000.00,0.91600000,2.6808000,80.20000,6010.00,1.640000,1.330000,0.2600,4.130000,0.51325,"F8"
"WASP-147 b","WASP-147",359.1915117,-22.1532316,"Transit","SuperWASP-South",2018,12.49803500,87.40325000,4.60273000000,0.0549000000,0.000000,0.263000,1404.00,0.64000000,4.3944000,87.90000,5702.00,1.429000,1.044000,0.0920,4.210000,0.28685,"G4"
"WASP-151 b","WASP-151",349.0634651,0.3066895,"Transit","SuperWASP-South",2017,13.30506009,100.43377661,4.53347750000,0.0550000000,0.000000,0.250651,1312.00,1.06640000,3.6643000,88.25000,5871.00,1.181000,1.081000,0.1000,4.350000,0.14485,"G1"
"WASP-155 b","WASP-155",347.9797230,33.0476125,"Transit","SuperWASP",2025,13.45077684,276.82854250,3.11041300000,0.0430000000,0.000000,0.620000,1468.00,0.99400000,3.1290000,86.70000,5660.00,1.240000,1.090000,0.0000,4.300000,0.14142,
"WASP-16 b","WASP-16",214.6830109,-20.2754374,"Transit","SuperWASP",2009,13.67498000,394.10920000,3.11860000000,0.0415000000,0.000000,0.572000,1389.00,1.20000000,2.0432740,85.22000,5700.00,1.140000,1.780000,0.0100,4.490000,0.01005,
"WASP-167 b","WASP-167",196.0437932,-35.5495292,"Transit","Multiple Observatories",2017,17.71022000,2542.64000000,2.02195960000,0.0365000000,,,2329.00,0.82000000,2.7240000,79.90000,7000.00,1.790000,1.590000,0.1000,4.130000,0.89734,"F1 V"
"WASP-174 b","WASP-174",195.7940145,-41.3848617,"Transit","SuperWASP-South",2018,16.10730527,104.88337431,4.23370050000,0.0550300000,0.000000,0.135000,1528.00,0.86000000,2.0940000,83.78000,6399.00,1.347000,1.240000,0.0600,4.273000,0.43616,"F6 V"
"WASP-177 b","WASP-177",334.7969885,-1.8344301,"Transit","SuperWASP",2019,17.71022000,161.45764000,3.07172200000,0.0395700000,,0.172000,1142.00,1.85000000,1.6128000,84.14000,5017.00,0.885000,0.876000,0.2500,4.486000,-0.41167,"K2"
"WASP-186 b","WASP-186",18.9953122,21.6169065,"Transit","SuperWASP",2020,12.44199000,1341.24260000,5.02679900000,0.0600000000,0.330000,3.821000,1378.40,0.61000000,2.7040000,83.59000,6361.00,1.470000,1.220000,-0.0800,4.193000,0.50022,"F"
"WASP-190 b","WASP-190",7.7095292,-40.5734613,"Transit","WASP-South",2019,12.89035000,317.83000000,5.36775300000,0.0663000000,0.000000,0.815000,1500.00,0.62000000,4.4640000,87.10000,6400.00,1.600000,1.350000,-0.0200,4.170000,0.69146,"F6 IV-V"
"WASP-22 b","WASP-22",52.8180374,-23.8197924,"Transit","SuperWASP",2010,13.78707000,212.94610000,3.53269000000,0.0470000000,0.020000,0.444000,1502.00,1.00000000,3.4802400,89.20000,6000.00,1.240000,1.460000,-0.0500,4.500000,0.24500,"G1 V"
"WASP-33 b","WASP-33",36.7127375,37.5504441,"Transit","SuperWASP",2010,17.85593700,665.21819000,1.21987000000,0.0239000000,0.000000,0.689000,2781.70,1.21601096,2.8536000,86.63000,7430.00,1.444000,1.495000,0.1000,4.250000,0.81944,"A"
"WASP-34 b","WASP-34",165.3993679,-23.8609457,"Transit","SuperWASP",2010,11.20900000,177.98480000,4.31768000000,0.0524000000,0.040000,0.412000,1250.00,1.30000000,2.1024000,85.20000,5700.00,0.910000,0.960000,-0.0200,4.500000,0.03930,
"WASP-36 b","WASP-36",131.5803897,-8.0269855,"Transit","SuperWASP",2011,14.87434300,750.39663000,1.53736596000,0.0267700000,0.000000,1.260000,1733.00,1.78286195,1.8158400,83.15000,5959.00,0.985000,1.081000,-0.2600,4.486000,0.00087,
"WASP-37 b","WASP-37",221.9438866,1.0650227,"Transit","SuperWASP",2010,13.00200000,572.07000000,3.57746900000,0.0446000000,0.000000,1.530000,1232.50,1.42700000,3.1296000,88.82000,5800.00,1.003000,0.925000,-0.4000,4.250000,-0.02100,
"WASP-4 b","WASP-4",353.5629149,-42.0617794,"Transit","SuperWASP",2007,15.12091496,381.39408840,1.33823099400,0.0226100000,0.005300,0.647184,1653.00,2.31200000,2.1664800,88.05000,5436.00,0.912000,0.899000,-0.0500,4.472000,-0.17897,"G8"
"WASP-46 b","WASP-46",318.7370122,-55.8718634,"Transit","SuperWASP",2011,13.15936600,607.05530000,1.43036763000,0.0233500000,0.000000,1.467000,1636.00,1.89607123,1.6165994,82.80000,5600.00,0.858000,0.828000,-0.3000,4.489000,-0.11113,"G6 V"
"WASP-49 b","WASP-49",91.0897193,-16.9653901,"Transit","SuperWASP",2012,12.44199000,117.59710000,2.78174000000,0.0379000000,0.000000,0.288000,1400.00,1.40000000,2.1400000,84.89000,5600.00,0.970000,0.920000,-0.2300,4.500000,-0.05339,"G6 V"
"WASP-53 b","WASP-53",31.9091639,-20.6618430,"Transit","Multiple Facilities",2017,12.03846600,677.61356000,3.30984430000,0.0410100000,0.030000,2.280000,1053.00,1.91588322,2.2676536,87.08000,4953.00,0.798000,0.839000,0.2200,4.553000,-0.46344,
"WASP-61 b","WASP-61",75.2996637,-26.0541438,"Transit","SuperWASP",2012,15.80469000,851.78440000,3.85590000000,0.0521000000,0.000000,1.423000,1624.40,0.88000000,3.9504000,89.35000,6250.00,1.550000,1.820000,-0.1000,4.260000,0.42541,
"WASP-64 b","WASP-64",101.1149223,-32.8583878,"Transit","SuperWASP",2012,14.24700000,403.94500000,1.57329180000,0.0264800000,0.000000,0.823000,1689.00,1.52200000,2.3997600,86.57000,5400.00,1.058000,1.004000,-0.0800,4.392000,-0.02200,"G7"
"WASP-66 b","WASP-66",158.2250301,-34.9899074,"Transit","SuperWASP",2012,15.69260000,746.90050000,4.08605000000,0.0546000000,0.000000,1.144000,1569.70,0.67000000,4.5024000,85.90000,6600.00,1.760000,1.330000,-0.3100,4.300000,0.63724,
"WASP-67 b","WASP-67",295.7438485,-19.9497314,"Transit","SuperWASP",2012,12.89035000,136.66690000,4.61442000000,0.0517900000,0.000000,0.388000,1003.00,1.80000000,1.8960000,85.80000,5200.00,0.880000,0.910000,-0.0700,4.350000,-0.29441,
"WASP-72 b","WASP-72",41.0400779,-30.1690785,"Transit","SuperWASP",2012,14.45961000,731.00900000,2.21673000000,0.0371100000,0.000000,0.870000,2210.00,0.37000000,3.8789472,86.80000,6250.00,2.180000,2.780000,-0.0600,4.090000,0.72400,"F7"
"WASP-74 b","WASP-74",304.5388430,-1.0760033,"Transit","SuperWASP",2015,15.24424000,228.83760000,2.13775000000,0.0344300000,0.000000,0.369700,1865.00,0.96000000,2.2920000,79.81000,5990.00,1.420000,0.980000,0.3900,4.390000,0.39971,"F9"
"WASP-78 b","WASP-78",63.7562662,-22.1163901,"Transit","SuperWASP",2012,21.63337000,352.79130000,2.17518000000,0.0348800000,0.000000,0.131000,2469.70,0.65000000,4.9680000,83.20000,6100.00,2.460000,1.870000,-0.3500,4.100000,0.76274,
"WASP-79 b","WASP-79",66.3709016,-30.6004362,"Transit","SuperWASP",2012,17.14974047,270.15414595,3.66239200000,0.0519000000,0.000000,0.130000,1716.20,1.22536583,3.7669692,86.10000,6600.00,1.510000,1.390000,0.0300,4.200000,0.66447,"F5"
"WASP-8 b","WASP-8",359.9008737,-35.0313349,"Transit","SuperWASP",2010,12.66617000,807.28820000,8.15872000000,0.0801000000,0.310000,2.100000,1059.00,1.30000000,4.3968000,88.55000,5600.00,1.030000,1.340000,0.1700,4.500000,-0.05754,"G8 V"
"WASP-8 c","WASP-8",359.9008737,-35.0313349,"Radial Velocity","SuperWASP",2013,12.50000000,3003.37000000,4323.00000000000,5.2800000000,0.000000,8.450000,116.99,,,,5690.00,0.960000,1.040000,0.1700,4.500000,-0.05754,"G8 V"
"WASP-92 b","WASP-92",246.6920395,51.0411328,"Transit","SuperWASP",2016,16.37634900,255.85315000,2.17467420000,0.0348000000,0.000000,0.346000,1871.00,1.25400000,2.7672000,83.75000,6280.00,1.341000,1.190000,0.0000,4.259000,0.27461,"F7"
"WISPIT 2 b","WISPIT 2",290.8209991,-7.6820823,"Imaging","Paranal Observatory",2025,17.93436912,1541.46777395,,57.0000000000,,1.470000,33.46,,,,4400.00,1.418000,1.080000,,4.000000,-0.15552,
"WISPIT 2 c","WISPIT 2",290.8209991,-7.6820823,"Imaging","Multiple Observatories",2026,17.93436912,3178.28407000,,14.0000000000,,3.030000,2050.00,,,,4530.00,1.300000,1.080000,,4.100000,-0.17000,
"XO-1 b","XO-1",240.5492745,28.1696248,"Transit","XO",2006,12.77826000,263.79890000,3.94153000000,0.0488000000,0.000000,0.640000,1210.00,1.80000000,2.9712000,88.81000,5750.00,0.880000,0.880000,0.0200,4.510000,-0.08628,"G1 V"
"XO-2 S c","XO-2 S",117.0309753,50.2169068,"Radial Velocity","Roque de los Muchachos Observatory",2014,13.60000000,438.60320166,120.05900000000,0.4737000000,0.149000,0.958000,376.79,,,,5325.00,1.020000,0.980000,0.3200,4.420000,-0.12302,"G8 V"
"XO-2 S d","XO-2 S",117.0309753,50.2169068,"Radial Velocity","Multiple Observatories",2024,13.00000000,1179.14338997,4696.00000000000,5.4600000000,0.091000,2.950000,110.98,,,4.00000,5325.00,1.020000,0.980000,0.3200,4.420000,-0.12302,"G8 V"
"XO-5 b","XO-5",116.7163868,39.0944695,"Transit","XO",2008,12.78000000,378.20000000,4.18775580000,0.0515000000,0.000000,1.060000,1230.00,1.08000000,3.1176000,86.80000,5430.00,1.130000,1.040000,0.0500,4.350000,-0.06000,"G8 V"
"XO-6 b","XO-6",94.7929552,73.8275672,"Transit","XO",2016,23.20263000,1398.45200000,3.76500070000,0.0815000000,0.000000,0.620000,1577.00,1.47350000,2.9000000,86.00000,6720.00,1.930000,1.470000,-0.0700,4.040000,0.53614,"F5"
"YZ Cet c","YZ Cet",18.1330792,-16.9962434,"Radial Velocity","La Silla Observatory",2017,1.05000000,1.14000000,3.05989000000,0.0215600000,0.000000,5.410000,410.30,,,,3151.00,0.157000,0.142000,-0.1800,5.170000,-2.65857,"M4.5 V"
"ZTF J1230-2655 b","ZTF J1230-2655",187.5689308,-26.9309608,"Transit","Zwicky Transient Facility",2025,13.78704626,7024.00779470,0.23597766000,,,,2949.65,28.47609684,0.5000000,86.70000,10000.00,0.012300,0.646000,,8.070000,-2.86000,
"bet UMi b","bet UMi",222.6764950,74.1555480,"Radial Velocity","Bohyunsan Optical Astronomical Observatory",2014,12.70000000,1938.70000000,522.30000000000,1.4000000000,0.190000,5.200000,1040.63,,,,4126.00,38.300000,1.400000,-0.2700,1.500000,2.73000,"K4 III"
"eps Eri b","eps Eri",53.2284306,-9.4581715,"Radial Velocity","Multiple Observatories",2000,13.80000000,317.82840700,2680.00000000000,3.5300000000,0.060000,0.665000,112.26,,,40.00000,5020.38,0.759106,0.820000,-0.1300,4.590100,-0.41928,"K2 V"
"eps Tau b","eps Tau",67.1546573,19.1802782,"Radial Velocity","Okayama Astrophysical Observatory",2006,12.70000000,2285.18624633,585.82000000000,1.8780000000,0.076000,6.130000,603.08,,,,4877.00,12.350000,2.570000,0.1000,2.660000,1.89271,"K0 III"
"gam Cep b","gam Cep",354.8358233,77.6331009,"Radial Velocity","Multiple Observatories",2003,12.70000000,2097.66748620,913.00000000000,2.1300000000,0.150000,5.630000,343.48,,,,4775.00,4.740000,1.270000,0.1800,3.189000,1.07300,"K1 III-IV"
"gam Psc b","gam Psc",349.2946794,3.2823664,"Radial Velocity","Okayama Astrophysical Observatory",2021,13.60000000,425.89006538,555.10000000000,1.3200000000,0.204000,0.930000,666.07,,,,4742.00,11.200000,0.990000,-0.6200,2.330000,1.76649,"G7 III"
"mu2 Sco b","mu2 Sco",253.0838724,-38.0176339,"Imaging","Paranal Observatory",2022,12.30000000,4576.72906080,,242.4000000000,0.560000,13.500000,159.05,,,96.60000,21700.00,5.600000,9.100000,,3.800000,3.80000,"B2 IV"
"pi Men c","HD 39091",84.2992798,-80.4646041,"Transit","Transiting Exoplanet Survey Satellite (TESS)",2018,2.01890000,3.63000000,6.26783990000,0.0683900000,0.000000,2.800000,1169.80,0.02675900,2.9520240,87.04500,5998.00,1.170000,1.070000,0.0900,4.430000,0.15836,"G0 V"
"tau Boo b","tau Boo",206.8134593,17.4571647,"Radial Velocity","Lick Observatory",1996,12.80000000,1891.00000000,3.31245680000,0.0490000000,0.011000,4.950000,1682.02,,,44.50000,6466.27,1.425880,1.320000,0.2642,4.250470,0.50548,"F7 V"
"tau Cet g","tau Cet",26.0093029,-15.9337987,"Radial Velocity","Multiple Observatories",2017,1.18000000,1.75000000,20.00000000000,0.1330000000,0.060000,5.850000,639.65,,,,5310.00,0.830000,0.783000,-0.5200,4.520000,-0.30539,"G8.5V"
